chip,pixels,interior_px,boundary_px,background_px,unlabelled_px,n_parcels
g0_0004.tif,65536,731,254,0,64551,5
g0_0012.tif,65536,652,352,0,64532,5
g0_0014.tif,65536,395,249,0,64892,5
g0_0019.tif,65536,526,210,0,64800,5
g0_0021.tif,65536,141,119,0,65276,5
g0_0025.tif,65536,727,340,0,64469,5
g0_0026.tif,65536,489,238,0,64809,5
g0_0027.tif,65536,27,70,0,65439,5
g0_0030.tif,65536,237,174,0,65125,5
g0_0032.tif,65536,546,266,0,64724,5
g0_0033.tif,65536,193,153,0,65190,5
g0_0034.tif,65536,801,342,0,64393,5
g0_0039.tif,65536,63,119,0,65354,5
g0_0044.tif,65536,449,262,0,64825,5
g0_0047.tif,65536,663,271,0,64602,5
g0_0050.tif,65536,428,224,0,64884,5
g0_0052.tif,65536,146,112,0,65278,5
g0_0053.tif,65536,107,133,0,65296,5
g0_0054.tif,65536,723,297,0,64516,5
g0_0055.tif,65536,469,228,0,64839,5
g0_0056.tif,65536,447,195,0,64894,5
g0_0059.tif,65536,18,67,0,65451,5
g0_0063.tif,65536,240,191,0,65105,5
g0_0064.tif,65536,277,215,0,65044,5
g0_0066.tif,65536,626,261,0,64649,5
g0_0067.tif,65536,4002,583,0,60951,5
g0_0068.tif,65536,24,73,0,65439,5
g0_0070.tif,65536,117,140,0,65279,5
g0_0073.tif,65536,149,133,0,65254,5
g0_0074.tif,65536,1212,366,0,63958,5
g0_0083.tif,65536,504,253,0,64779,5
g0_0085.tif,65536,329,191,0,65016,5
g0_0088.tif,65536,492,235,0,64809,5
g0_0089.tif,65536,100,104,0,65332,5
g0_0090.tif,65536,207,170,0,65159,5
g0_0091.tif,65536,166,162,0,65208,5
g0_0097.tif,65536,519,308,0,64709,5
g0_0100.tif,65536,245,160,0,65131,5
g0_0102.tif,65536,481,273,0,64782,5
g0_0104.tif,65536,334,233,0,64969,5
g0_0106.tif,65536,472,225,0,64839,5
g0_0107.tif,65536,1207,385,0,63944,5
g0_0108.tif,65536,319,199,0,65018,5
g0_0110.tif,65536,19,45,0,65472,5
g0_0111.tif,65536,500,196,0,64840,5
g0_0114.tif,65536,64,100,0,65372,5
g0_0117.tif,65536,74,117,0,65345,5
g0_0120.tif,65536,334,255,0,64947,5
g0_0121.tif,65536,1410,408,0,63718,5
g0_0122.tif,65536,322,201,0,65013,5
g0_0123.tif,65536,1716,366,0,63454,5
g0_0126.tif,65536,1001,361,0,64174,5
g0_0127.tif,65536,926,340,0,64270,5
g0_0130.tif,65536,211,219,0,65106,5
g0_0140.tif,65536,1053,346,0,64137,5
g0_0145.tif,65536,343,288,0,64905,5
g0_0147.tif,65536,1300,304,0,63932,5
g0_0153.tif,65536,260,147,0,65129,5
g0_0156.tif,65536,105,113,0,65318,5
g0_0159.tif,65536,343,156,0,65037,5
g0_0163.tif,65536,4,53,0,65479,1
g0_0167.tif,65536,252,138,0,65146,5
g0_0168.tif,65536,389,223,0,64924,5
g0_0170.tif,65536,11,47,0,65478,4
g0_0173.tif,65536,201,174,0,65161,5
g0_0176.tif,65536,356,172,0,65008,5
g0_0178.tif,65536,2080,419,0,63037,5
g0_0183.tif,65536,1345,391,0,63800,5
g0_0184.tif,65536,1326,346,0,63864,5
g0_0188.tif,65536,39,93,0,65404,5
g0_0190.tif,65536,491,276,0,64769,5
g0_0191.tif,65536,38,73,0,65425,5
g0_0192.tif,65536,1487,383,0,63666,5
g0_0193.tif,65536,241,188,0,65107,5
g0_0194.tif,65536,445,196,0,64895,5
g0_0195.tif,65536,139,143,0,65254,5
g0_0196.tif,65536,254,225,0,65057,5
g0_0198.tif,65536,40,88,0,65408,5
g0_0203.tif,65536,298,180,0,65058,5
g0_0206.tif,65536,459,252,0,64825,5
g0_0208.tif,65536,248,193,0,65095,5
g0_0210.tif,65536,208,206,0,65122,5
g0_0213.tif,65536,971,278,0,64287,5
g0_0214.tif,65536,867,271,0,64398,5
g0_0218.tif,65536,125,153,0,65258,5
g0_0220.tif,65536,282,200,0,65054,5
g0_0225.tif,65536,369,261,0,64906,5
g0_0231.tif,65536,134,150,0,65252,5
g0_0233.tif,65536,245,172,0,65119,5
g0_0238.tif,65536,339,155,0,65042,5
g0_0241.tif,65536,81,98,0,65357,5
g0_0244.tif,65536,202,150,0,65184,5
g0_0247.tif,65536,1296,424,0,63816,5
g0_0252.tif,65536,456,255,0,64825,5
g0_0253.tif,65536,336,180,0,65020,5
g0_0256.tif,65536,1405,354,0,63777,5
g0_0258.tif,65536,297,179,0,65060,5
g0_0259.tif,65536,4615,770,0,60151,5
g0_0261.tif,65536,46,79,0,65411,5
g0_0265.tif,65536,2548,411,0,62577,5
g0_0266.tif,65536,1322,381,0,63833,5
g0_0270.tif,65536,1438,367,0,63731,5
g0_0274.tif,65536,137,117,0,65282,5
g0_0277.tif,65536,145,110,0,65281,5
g0_0281.tif,65536,153,157,0,65226,5
g0_0283.tif,65536,140,137,0,65259,5
g0_0285.tif,65536,1018,371,0,64147,5
g0_0287.tif,65536,178,165,0,65193,5
g0_0289.tif,65536,192,158,0,65186,5
g0_0290.tif,65536,130,134,0,65272,5
g0_0294.tif,65536,1333,517,0,63686,5
g0_0297.tif,65536,242,189,0,65105,5
g0_0300.tif,65536,1956,431,0,63149,5
g0_0302.tif,65536,337,209,0,64990,5
g0_0303.tif,65536,497,272,0,64767,5
g0_0305.tif,65536,904,300,0,64332,5
g0_0306.tif,65536,163,145,0,65228,5
g0_0308.tif,65536,333,214,0,64989,5
g0_0310.tif,65536,4979,891,0,59666,5
g0_0313.tif,65536,448,238,0,64850,5
g0_0318.tif,65536,533,266,0,64737,5
g0_0319.tif,65536,623,229,0,64684,5
g0_0320.tif,65536,240,156,0,65140,5
g0_0328.tif,65536,658,274,0,64604,5
g0_0330.tif,65536,157,118,0,65261,5
g0_0333.tif,65536,23,63,0,65450,5
g0_0334.tif,65536,1264,448,0,63824,5
g0_0341.tif,65536,26,72,0,65438,5
g0_0342.tif,65536,35,59,0,65442,5
g0_0343.tif,65536,340,156,0,65040,5
g0_0349.tif,65536,65,108,0,65363,5
g0_0350.tif,65536,196,153,0,65187,5
g0_0351.tif,65536,59,91,0,65386,5
g0_0353.tif,65536,433,236,0,64867,5
g0_0354.tif,65536,2027,436,0,63073,5
g0_0355.tif,65536,69,133,0,65334,5
g0_0356.tif,65536,1022,315,0,64199,5
g0_0359.tif,65536,579,259,0,64698,5
g0_0361.tif,65536,602,234,0,64700,5
g0_0364.tif,65536,72,112,0,65352,5
g0_0365.tif,65536,267,192,0,65077,5
g0_0370.tif,65536,62,108,0,65366,5
g0_0374.tif,65536,589,267,0,64680,5
g0_0376.tif,65536,105,130,0,65301,5
g0_0379.tif,65536,263,223,0,65050,5
g0_0384.tif,65536,89,138,0,65309,5
g0_0389.tif,65536,660,293,0,64583,5
g0_0391.tif,65536,140,208,0,65188,5
g0_0394.tif,65536,152,139,0,65245,5
g0_0401.tif,65536,304,200,0,65032,5
g0_0402.tif,65536,112,112,0,65312,5
g0_0408.tif,65536,25,58,0,65453,5
g0_0409.tif,65536,1166,380,0,63990,5
g0_0411.tif,65536,440,265,0,64831,5
g0_0414.tif,65536,199,153,0,65184,5
g0_0421.tif,65536,76,102,0,65358,5
g0_0426.tif,65536,40,74,0,65422,5
g0_0431.tif,65536,454,274,0,64808,5
g0_0433.tif,65536,275,188,0,65073,5
g0_0436.tif,65536,39,87,0,65410,5
g0_0441.tif,65536,499,241,0,64796,5
g0_0449.tif,65536,148,120,0,65268,5
g0_0450.tif,65536,140,116,0,65280,5
g0_0453.tif,65536,329,234,0,64973,5
g0_0456.tif,65536,1002,304,0,64230,5
g0_0457.tif,65536,445,232,0,64859,5
g0_0459.tif,65536,50,83,0,65403,5
g0_0462.tif,65536,102,104,0,65330,5
g0_0466.tif,65536,88,129,0,65319,5
g0_0469.tif,65536,117,143,0,65276,5
g0_0471.tif,65536,382,197,0,64957,5
g0_0476.tif,65536,340,234,0,64962,5
g0_0480.tif,65536,1290,408,0,63838,5
g0_0485.tif,65536,126,96,0,65314,5
g0_0486.tif,65536,100,134,0,65302,5
g0_0488.tif,65536,22,62,0,65452,5
g0_0490.tif,65536,1461,392,0,63683,5
g0_0494.tif,65536,167,171,0,65198,5
g0_0496.tif,65536,523,217,0,64796,5
g0_0500.tif,65536,101,115,0,65320,5
g0_0502.tif,65536,284,198,0,65054,5
g0_0505.tif,65536,381,215,0,64940,5
g0_0507.tif,65536,296,203,0,65037,5
g0_0512.tif,65536,1160,484,0,63892,5
g0_0513.tif,65536,37,82,0,65417,5
g0_0515.tif,65536,282,204,0,65050,5
g0_0516.tif,65536,133,131,0,65272,5
g0_0520.tif,65536,56,102,0,65378,5
g0_0526.tif,65536,125,136,0,65275,5
g0_0527.tif,65536,52,97,0,65387,5
g0_0528.tif,65536,677,291,0,64568,5
g0_0533.tif,65536,1937,428,0,63171,5
g0_0535.tif,65536,357,203,0,64976,5
g0_0536.tif,65536,169,162,0,65205,5
g0_0539.tif,65536,1629,402,0,63505,5
g0_0540.tif,65536,87,145,0,65304,5
g0_0542.tif,65536,364,199,0,64973,5
g0_0547.tif,65536,9,42,0,65485,5
g0_0549.tif,65536,83,132,0,65321,5
g0_0550.tif,65536,95,128,0,65313,5
g0_0555.tif,65536,2000,460,0,63076,5
g0_0560.tif,65536,252,141,0,65143,5
g0_0562.tif,65536,1123,348,0,64065,5
g0_0566.tif,65536,70,101,0,65365,5
g0_0572.tif,65536,25,92,0,65419,5
g0_0578.tif,65536,436,283,0,64817,5
g0_0580.tif,65536,1017,321,0,64198,5
g0_0585.tif,65536,1799,492,0,63245,5
g0_0586.tif,65536,481,198,0,64857,5
g0_0587.tif,65536,42,86,0,65408,5
g0_0590.tif,65536,1352,448,0,63736,5
g0_0593.tif,65536,1171,367,0,63998,5
g0_0595.tif,65536,45,115,0,65376,5
g0_0596.tif,65536,56,82,0,65398,5
g0_0597.tif,65536,544,288,0,64704,6
g0_0598.tif,65536,25,115,0,65396,5
g0_0600.tif,65536,465,225,0,64846,5
g0_0606.tif,65536,74,93,0,65369,5
g0_0613.tif,65536,382,241,0,64913,5
g0_0620.tif,65536,2487,549,0,62500,5
g0_0625.tif,65536,9,38,0,65489,5
g0_0626.tif,65536,615,298,0,64623,5
g0_0627.tif,65536,186,183,0,65167,5
g0_0628.tif,65536,540,291,0,64705,5
g0_0629.tif,65536,85,118,0,65333,5
g0_0633.tif,65536,729,276,0,64531,5
g0_0635.tif,65536,1300,359,0,63877,5
g0_0637.tif,65536,103,139,0,65294,5
g0_0639.tif,65536,999,400,0,64137,5
g0_0646.tif,65536,154,117,0,65265,5
g0_0650.tif,65536,84,119,0,65333,5
g0_0659.tif,65536,844,308,0,64384,5
g0_0663.tif,65536,141,144,0,65251,5
g0_0665.tif,65536,112,137,0,65287,5
g0_0668.tif,65536,1497,363,0,63676,5
g0_0675.tif,65536,1048,318,0,64170,5
g0_0677.tif,65536,390,225,0,64921,5
g0_0679.tif,65536,1274,454,0,63808,5
g0_0680.tif,65536,1572,369,0,63595,5
g0_0681.tif,65536,1314,327,0,63895,5
g0_0682.tif,65536,648,230,0,64658,5
g0_0684.tif,65536,185,163,0,65188,5
g0_0687.tif,65536,67,110,0,65359,5
g0_0691.tif,65536,1466,408,0,63662,5
g0_0696.tif,65536,69,94,0,65373,5
g0_0704.tif,65536,489,230,0,64817,5
g0_0705.tif,65536,43,86,0,65407,5
g0_0706.tif,65536,239,147,0,65150,5
g0_0707.tif,65536,530,231,0,64775,5
g0_0708.tif,65536,551,233,0,64752,5
g0_0710.tif,65536,86,114,0,65336,5
g0_0715.tif,65536,606,270,0,64660,5
g0_0717.tif,65536,298,235,0,65003,5
g0_0719.tif,65536,592,281,0,64663,5
g0_0721.tif,65536,1236,405,0,63895,5
g0_0723.tif,65536,375,197,0,64964,5
g0_0724.tif,65536,235,178,0,65123,5
g0_0725.tif,65536,75,103,0,65358,5
g0_0728.tif,65536,1742,465,0,63329,5
g0_0731.tif,65536,542,291,0,64703,5
g0_0732.tif,65536,510,221,0,64805,5
g0_0734.tif,65536,386,239,0,64911,5
g0_0736.tif,65536,151,136,0,65249,5
g0_0737.tif,65536,868,384,0,64284,5
g0_0738.tif,65536,59,110,0,65367,5
g0_0739.tif,65536,977,358,0,64201,5
g0_0744.tif,65536,391,198,0,64947,5
g0_0745.tif,65536,419,265,0,64852,5
g0_0749.tif,65536,151,121,0,65264,5
g0_0752.tif,65536,936,277,0,64323,5
g0_0757.tif,65536,448,240,0,64848,5
g0_0759.tif,65536,45,73,0,65418,5
g0_0760.tif,65536,98,101,0,65337,5
g0_0766.tif,65536,342,192,0,65002,5
g0_0767.tif,65536,320,222,0,64994,5
g0_0768.tif,65536,1108,337,0,64091,5
g0_0770.tif,65536,169,187,0,65180,5
g0_0771.tif,65536,834,305,0,64397,5
g0_0772.tif,65536,1299,470,0,63767,5
g0_0773.tif,65536,1132,315,0,64089,5
g0_0774.tif,65536,208,223,0,65105,5
g0_0776.tif,65536,799,259,0,64478,5
g0_0777.tif,65536,76,97,0,65363,5
g0_0786.tif,65536,496,267,0,64773,5
g0_0791.tif,65536,1504,368,0,63664,5
g0_0792.tif,65536,106,134,0,65296,5
g0_0793.tif,65536,118,131,0,65287,5
g0_0798.tif,65536,117,124,0,65295,5
g0_0799.tif,65536,1548,357,0,63631,5
g0_0802.tif,65536,151,139,0,65246,5
g0_0803.tif,65536,103,109,0,65324,5
g0_0804.tif,65536,38,73,0,65425,5
g0_0806.tif,65536,69,93,0,65374,5
g0_0807.tif,65536,44,78,0,65414,5
g0_0808.tif,65536,847,305,0,64384,5
g0_0809.tif,65536,281,196,0,65059,5
g0_0816.tif,65536,4174,636,0,60726,5
g0_0819.tif,65536,37,73,0,65426,5
g0_0822.tif,65536,263,171,0,65102,5
g0_0823.tif,65536,552,264,0,64720,5
g0_0825.tif,65536,1021,317,0,64198,5
g0_0833.tif,65536,42,99,0,65395,5
g0_0834.tif,65536,1009,351,0,64176,5
g0_0835.tif,65536,1509,424,0,63603,5
g0_0838.tif,65536,546,220,0,64770,5
g0_0841.tif,65536,164,147,0,65225,5
g0_0845.tif,65536,2500,567,0,62469,5
g0_0846.tif,65536,52,90,0,65394,5
g0_0853.tif,65536,87,93,0,65356,5
g0_0854.tif,65536,762,310,0,64464,5
g0_0856.tif,65536,604,288,0,64644,5
g0_0858.tif,65536,737,258,0,64541,5
g0_0863.tif,65536,286,176,0,65074,5
g0_0864.tif,65536,1223,409,0,63904,5
g0_0868.tif,65536,227,195,0,65114,5
g0_0872.tif,65536,18,58,0,65460,5
g0_0874.tif,65536,1544,403,0,63589,5
g0_0879.tif,65536,1059,395,0,64082,5
g0_0886.tif,65536,146,129,0,65261,5
g0_0889.tif,65536,465,293,0,64778,5
g0_0898.tif,65536,174,107,0,65255,5
g0_0902.tif,65536,3,76,0,65457,2
g0_0905.tif,65536,491,326,0,64719,5
g0_0906.tif,65536,224,173,0,65139,5
g0_0907.tif,65536,589,245,0,64702,5
g0_0909.tif,65536,114,112,0,65310,5
g0_0910.tif,65536,41,87,0,65408,5
g0_0912.tif,65536,824,329,0,64383,5
g0_0917.tif,65536,427,280,0,64829,5
g0_0919.tif,65536,193,155,0,65188,5
g0_0922.tif,65536,1083,367,0,64086,5
g0_0928.tif,65536,1607,371,0,63558,5
g0_0929.tif,65536,295,200,0,65041,5
g0_0931.tif,65536,559,241,0,64736,5
g0_0933.tif,65536,112,159,0,65265,5
g0_0934.tif,65536,673,314,0,64549,5
g0_0935.tif,65536,1021,320,0,64195,5
g0_0940.tif,65536,653,315,0,64568,5
g0_0941.tif,65536,644,231,0,64661,5
g0_0943.tif,65536,502,244,0,64790,5
g0_0945.tif,65536,2805,529,0,62202,5
g0_0948.tif,65536,556,279,0,64701,5
g0_0950.tif,65536,157,160,0,65219,5
g0_0954.tif,65536,108,112,0,65316,5
g0_0956.tif,65536,119,143,0,65274,5
g0_0957.tif,65536,505,309,0,64722,5
g0_0961.tif,65536,1272,411,0,63853,5
g0_0963.tif,65536,259,198,0,65079,5
g0_0964.tif,65536,549,272,0,64715,5
g0_0966.tif,65536,386,179,0,64971,5
g0_0967.tif,65536,724,318,0,64494,5
g0_0969.tif,65536,697,283,0,64556,5
g0_0977.tif,65536,383,258,0,64895,5
g0_0978.tif,65536,307,164,0,65065,5
g0_0979.tif,65536,803,292,0,64441,5
g0_0980.tif,65536,42,80,0,65414,5
g0_0981.tif,65536,711,321,0,64504,5
g0_0983.tif,65536,506,253,0,64777,5
g0_0985.tif,65536,179,155,0,65202,5
g0_0990.tif,65536,812,341,0,64383,5
g0_0994.tif,65536,33,71,0,65432,5
g0_0997.tif,65536,207,152,0,65177,5
g0_0998.tif,65536,330,216,0,64990,5
g0_1002.tif,65536,360,197,0,64979,5
g0_1005.tif,65536,1109,292,0,64135,5
g0_1006.tif,65536,1093,401,0,64042,5
g0_1007.tif,65536,61,99,0,65376,5
g0_1010.tif,65536,405,225,0,64906,5
g0_1015.tif,65536,414,201,0,64921,5
g0_1018.tif,65536,138,143,0,65255,5
g0_1021.tif,65536,270,174,0,65092,5
g0_1024.tif,65536,1642,528,0,63366,5
g0_1025.tif,65536,48,86,0,65402,5
g0_1026.tif,65536,165,121,0,65250,5
g0_1027.tif,65536,611,282,0,64643,5
g0_1031.tif,65536,683,258,0,64595,5
g0_1032.tif,65536,1299,352,0,63885,5
g0_1033.tif,65536,125,146,0,65265,5
g0_1035.tif,65536,34,73,0,65429,5
g0_1038.tif,65536,869,280,0,64387,5
g0_1040.tif,65536,80,112,0,65344,5
g0_1041.tif,65536,162,151,0,65223,5
g0_1044.tif,65536,333,200,0,65003,5
g0_1046.tif,65536,90,97,0,65349,5
g0_1047.tif,65536,159,185,0,65192,5
g0_1048.tif,65536,281,200,0,65055,5
g0_1049.tif,65536,275,213,0,65048,5
g0_1050.tif,65536,721,308,0,64507,5
g0_1051.tif,65536,413,206,0,64917,5
g0_1052.tif,65536,370,205,0,64961,5
g0_1058.tif,65536,234,167,0,65135,5
g0_1059.tif,65536,597,302,0,64637,5
g0_1061.tif,65536,118,156,0,65262,5
g0_1063.tif,65536,245,189,0,65102,5
g0_1065.tif,65536,110,116,0,65310,5
g0_1066.tif,65536,340,211,0,64985,5
g0_1071.tif,65536,17,66,0,65453,5
g0_1075.tif,65536,601,283,0,64652,5
g0_1082.tif,65536,109,132,0,65295,5
g0_1086.tif,65536,368,235,0,64933,5
g0_1088.tif,65536,1344,457,0,63735,5
g0_1091.tif,65536,246,186,0,65104,5
g0_1094.tif,65536,25,69,0,65442,5
g0_1097.tif,65536,1096,357,0,64083,5
g0_1099.tif,65536,523,230,0,64783,5
g0_1101.tif,65536,941,332,0,64263,5
g0_1103.tif,65536,249,187,0,65100,5
g0_1106.tif,65536,243,174,0,65119,5
g0_1108.tif,65536,30,79,0,65427,5
g0_1115.tif,65536,1318,410,0,63808,5
g0_1116.tif,65536,236,151,0,65149,5
g0_1118.tif,65536,106,151,0,65279,5
g0_1119.tif,65536,275,225,0,65036,5
g0_1121.tif,65536,364,256,0,64916,5
g0_1124.tif,65536,234,160,0,65142,5
g0_1125.tif,65536,1121,377,0,64038,5
g0_1130.tif,65536,66,112,0,65358,5
g0_1133.tif,65536,160,162,0,65214,5
g0_1135.tif,65536,521,281,0,64734,5
g0_1137.tif,65536,726,304,0,64506,5
g0_1140.tif,65536,581,250,0,64705,5
g0_1141.tif,65536,653,275,0,64608,5
g0_1147.tif,65536,398,207,0,64931,5
g0_1152.tif,65536,57,95,0,65384,5
g0_1161.tif,65536,509,217,0,64810,5
g0_1163.tif,65536,380,226,0,64930,5
g0_1165.tif,65536,183,166,0,65187,5
g0_1167.tif,65536,38,106,0,65392,5
g0_1168.tif,65536,46,95,0,65395,5
g0_1171.tif,65536,411,208,0,64917,5
g0_1176.tif,65536,26,70,0,65440,5
g0_1177.tif,65536,3066,675,0,61795,5
g0_1179.tif,65536,747,318,0,64471,5
g0_1180.tif,65536,1950,518,0,63068,5
g0_1182.tif,65536,426,239,0,64871,5
g0_1184.tif,65536,93,159,0,65284,5
g0_1186.tif,65536,11,44,0,65481,4
g0_1188.tif,65536,238,172,0,65126,5
g0_1190.tif,65536,259,228,0,65049,5
g0_1209.tif,65536,1894,447,0,63195,5
g0_1210.tif,65536,187,168,0,65181,5
g0_1221.tif,65536,405,230,0,64901,5
g0_1222.tif,65536,364,185,0,64987,5
g0_1226.tif,65536,126,144,0,65266,5
g0_1227.tif,65536,1361,499,0,63676,5
g0_1232.tif,65536,90,112,0,65334,5
g0_1234.tif,65536,447,302,0,64787,5
g0_1235.tif,65536,59,110,0,65367,5
g0_1238.tif,65536,458,284,0,64794,5
g0_1240.tif,65536,189,167,0,65180,5
g0_1243.tif,65536,609,319,0,64608,5
g0_1244.tif,65536,84,109,0,65343,5
g0_1245.tif,65536,32,69,0,65435,5
g0_1253.tif,65536,118,112,0,65306,5
g0_1254.tif,65536,125,123,0,65288,5
g0_1255.tif,65536,346,220,0,64970,5
g0_1257.tif,65536,1769,404,0,63363,5
g0_1258.tif,65536,1041,383,0,64112,5
g0_1259.tif,65536,77,99,0,65360,5
g0_1261.tif,65536,179,179,0,65178,5
g0_1262.tif,65536,394,185,0,64957,5
g0_1263.tif,65536,514,269,0,64753,5
g0_1266.tif,65536,954,258,0,64324,5
g0_1267.tif,65536,129,146,0,65261,5
g0_1269.tif,65536,240,168,0,65128,5
g0_1270.tif,65536,69,118,0,65349,5
g0_1272.tif,65536,474,283,0,64779,5
g0_1273.tif,65536,104,139,0,65293,5
g0_1276.tif,65536,203,197,0,65136,5
g0_1277.tif,65536,488,267,0,64781,5
g0_1279.tif,65536,1071,313,0,64152,5
g0_1281.tif,65536,489,288,0,64759,5
g0_1284.tif,65536,196,193,0,65147,5
g0_1286.tif,65536,190,136,0,65210,5
g0_1289.tif,65536,364,218,0,64954,5
g0_1294.tif,65536,150,145,0,65241,5
g0_1296.tif,65536,1545,467,0,63524,5
g0_1302.tif,65536,99,101,0,65336,5
g0_1304.tif,65536,347,202,0,64987,5
g0_1306.tif,65536,458,264,0,64814,5
g0_1308.tif,65536,525,285,0,64726,5
g0_1312.tif,65536,844,316,0,64376,5
g0_1315.tif,65536,819,373,0,64344,5
g0_1316.tif,65536,83,144,0,65309,5
g0_1320.tif,65536,247,194,0,65095,5
g0_1322.tif,65536,244,181,0,65111,5
g0_1324.tif,65536,46,88,0,65402,5
g0_1325.tif,65536,520,229,0,64787,5
g0_1327.tif,65536,479,248,0,64809,5
g0_1328.tif,65536,223,149,0,65164,5
g0_1329.tif,65536,168,143,0,65225,5
g0_1331.tif,65536,483,242,0,64811,5
g0_1333.tif,65536,303,204,0,65029,5
g0_1334.tif,65536,346,222,0,64968,5
g0_1339.tif,65536,136,136,0,65264,5
g0_1342.tif,65536,1873,476,0,63187,5
g0_1343.tif,65536,1525,439,0,63572,5
g0_1345.tif,65536,372,218,0,64946,5
g0_1354.tif,65536,547,309,0,64680,5
g0_1356.tif,65536,545,254,0,64737,5
g0_1358.tif,65536,340,174,0,65022,5
g0_1359.tif,65536,151,156,0,65229,5
g0_1361.tif,65536,729,306,0,64501,5
g0_1362.tif,65536,335,187,0,65014,5
g0_1366.tif,65536,650,319,0,64567,5
g0_1367.tif,65536,272,221,0,65043,5
g0_1373.tif,65536,416,220,0,64900,5
g0_1378.tif,65536,716,250,0,64570,5
g0_1381.tif,65536,615,269,0,64652,5
g0_1382.tif,65536,1025,372,0,64139,5
g0_1385.tif,65536,663,266,0,64607,5
g0_1387.tif,65536,50,78,0,65408,5
g0_1388.tif,65536,68,77,0,65391,5
g0_1390.tif,65536,345,227,0,64964,5
g0_1399.tif,65536,997,377,0,64162,5
g0_1400.tif,65536,168,110,0,65258,5
g0_1402.tif,65536,427,254,0,64855,5
g0_1403.tif,65536,992,404,0,64140,5
g0_1405.tif,65536,724,325,0,64487,5
g0_1406.tif,65536,1781,424,0,63331,5
g0_1408.tif,65536,14,61,0,65461,5
g0_1410.tif,65536,218,162,0,65156,5
g0_1411.tif,65536,545,230,0,64761,5
g0_1412.tif,65536,317,185,0,65034,5
g0_1413.tif,65536,264,174,0,65098,5
g0_1414.tif,65536,105,169,0,65262,5
g0_1416.tif,65536,4457,678,0,60401,5
g0_1417.tif,65536,172,197,0,65167,5
g0_1419.tif,65536,135,110,0,65291,5
g0_1420.tif,65536,209,152,0,65175,5
g0_1425.tif,65536,779,248,0,64509,5
g0_1428.tif,65536,157,95,0,65284,5
g0_1429.tif,65536,338,254,0,64944,5
g0_1431.tif,65536,185,165,0,65186,5
g0_1435.tif,65536,250,161,0,65125,5
g0_1442.tif,65536,90,111,0,65335,5
g0_1446.tif,65536,974,363,0,64199,5
g0_1454.tif,65536,2166,524,0,62846,5
g0_1456.tif,65536,501,249,0,64786,5
g0_1457.tif,65536,92,107,0,65337,5
g0_1459.tif,65536,194,181,0,65161,5
g0_1460.tif,65536,420,214,0,64902,5
g0_1463.tif,65536,278,150,0,65108,5
g0_1464.tif,65536,30,66,0,65440,5
g0_1465.tif,65536,488,212,0,64836,5
g0_1466.tif,65536,1141,348,0,64047,5
g0_1469.tif,65536,2613,518,0,62405,5
g0_1470.tif,65536,216,149,0,65171,5
g0_1477.tif,65536,495,272,0,64769,5
g0_1482.tif,65536,81,72,0,65383,5
g0_1486.tif,65536,56,88,0,65392,5
g0_1489.tif,65536,766,271,0,64499,5
g0_1490.tif,65536,246,193,0,65097,5
g0_1494.tif,65536,830,257,0,64449,5
g0_1495.tif,65536,287,172,0,65077,5
g0_1496.tif,65536,157,124,0,65255,5
g0_1498.tif,65536,214,164,0,65158,5
g0_1499.tif,65536,92,135,0,65309,5
g0_1501.tif,65536,106,154,0,65276,5
g0_1504.tif,65536,151,131,0,65254,5
g0_1507.tif,65536,51,101,0,65384,5
g0_1514.tif,65536,380,189,0,64967,5
g0_1518.tif,65536,104,95,0,65337,5
g0_1520.tif,65536,1324,333,0,63879,5
g0_1522.tif,65536,406,224,0,64906,5
g0_1524.tif,65536,85,90,0,65361,5
g0_1526.tif,65536,103,95,0,65338,5
g0_1529.tif,65536,330,210,0,64996,5
g0_1536.tif,65536,1070,311,0,64155,5
g0_1537.tif,65536,578,288,0,64670,5
g0_1539.tif,65536,1474,422,0,63640,5
g0_1542.tif,65536,465,218,0,64853,5
g0_1543.tif,65536,284,195,0,65057,5
g0_1544.tif,65536,584,278,0,64674,5
g0_1546.tif,65536,758,283,0,64495,5
g0_1547.tif,65536,354,238,0,64944,5
g0_1548.tif,65536,1337,402,0,63797,5
g0_1550.tif,65536,289,190,0,65057,5
g0_1551.tif,65536,1368,396,0,63772,5
g0_1552.tif,65536,643,278,0,64615,5
g0_1559.tif,65536,727,297,0,64512,5
g0_1560.tif,65536,1173,409,0,63954,5
g0_1561.tif,65536,480,210,0,64846,5
g0_1571.tif,65536,29,69,0,65438,5
g0_1572.tif,65536,574,275,0,64687,5
g0_1573.tif,65536,77,96,0,65363,5
g0_1575.tif,65536,866,351,0,64319,5
g0_1577.tif,65536,688,241,0,64607,5
g0_1584.tif,65536,118,141,0,65277,5
g0_1587.tif,65536,198,176,0,65162,5
g0_1592.tif,65536,709,311,0,64516,5
g0_1593.tif,65536,1402,488,0,63646,5
g0_1596.tif,65536,677,288,0,64571,5
g0_1607.tif,65536,1441,381,0,63714,5
g0_1608.tif,65536,66,88,0,65382,5
g0_1609.tif,65536,595,306,0,64635,5
g0_1610.tif,65536,305,178,0,65053,5
g0_1611.tif,65536,726,255,0,64555,5
g0_1616.tif,65536,149,126,0,65261,5
g0_1620.tif,65536,197,155,0,65184,5
g0_1621.tif,65536,207,156,0,65173,5
g0_1622.tif,65536,1379,450,0,63707,5
g0_1627.tif,65536,27,56,0,65453,5
g0_1628.tif,65536,460,231,0,64845,5
g0_1630.tif,65536,255,202,0,65079,5
g0_1634.tif,65536,208,174,0,65154,5
g0_1635.tif,65536,428,226,0,64882,5
g0_1636.tif,65536,208,182,0,65146,5
g0_1640.tif,65536,84,111,0,65341,5
g0_1647.tif,65536,10,52,0,65474,5
g0_1649.tif,65536,162,144,0,65230,5
g0_1651.tif,65536,1248,451,0,63837,5
g0_1653.tif,65536,334,186,0,65016,5
g0_1655.tif,65536,277,165,0,65094,5
g0_1657.tif,65536,283,186,0,65067,5
g0_1665.tif,65536,228,186,0,65122,5
g0_1669.tif,65536,72,90,0,65374,5
g0_1671.tif,65536,288,180,0,65068,5
g0_1675.tif,65536,83,114,0,65339,5
g0_1677.tif,65536,365,203,0,64968,5
g0_1684.tif,65536,141,143,0,65252,5
g0_1687.tif,65536,182,187,0,65167,5
g0_1692.tif,65536,29,108,0,65399,4
g0_1701.tif,65536,124,108,0,65304,5
g0_1708.tif,65536,199,141,0,65196,5
g0_1710.tif,65536,249,182,0,65105,5
g0_1712.tif,65536,598,228,0,64710,5
g0_1713.tif,65536,629,273,0,64634,5
g0_1716.tif,65536,58,78,0,65400,5
g0_1721.tif,65536,425,224,0,64887,5
g0_1723.tif,65536,965,359,0,64212,5
g0_1726.tif,65536,1151,344,0,64041,5
g0_1730.tif,65536,200,132,0,65204,5
g0_1732.tif,65536,247,159,0,65130,5
g0_1736.tif,65536,815,328,0,64393,5
g0_1741.tif,65536,41,78,0,65417,5
g0_1742.tif,65536,129,150,0,65257,5
g0_1750.tif,65536,816,347,0,64373,5
g0_1753.tif,65536,1396,295,0,63845,5
g0_1754.tif,65536,225,201,0,65110,5
g0_1757.tif,65536,151,139,0,65246,5
g0_1760.tif,65536,106,106,0,65324,5
g0_1762.tif,65536,267,215,0,65054,5
g0_1767.tif,65536,109,137,0,65290,5
g0_1772.tif,65536,564,275,0,64697,5
g0_1773.tif,65536,164,127,0,65245,5
g0_1774.tif,65536,72,98,0,65366,5
g0_1776.tif,65536,190,184,0,65162,5
g0_1778.tif,65536,244,190,0,65102,5
g0_1779.tif,65536,60,145,0,65331,5
g0_1783.tif,65536,189,149,0,65198,5
g0_1784.tif,65536,798,317,0,64421,5
g0_1786.tif,65536,21,65,0,65450,5
g0_1787.tif,65536,270,179,0,65087,5
g0_1789.tif,65536,177,164,0,65195,5
g0_1794.tif,65536,100,144,0,65292,5
g0_1805.tif,65536,14,55,0,65467,5
g0_1806.tif,65536,658,266,0,64612,5
g0_1811.tif,65536,92,133,0,65311,5
g0_1812.tif,65536,2323,550,0,62663,5
g0_1814.tif,65536,526,226,0,64784,5
g0_1815.tif,65536,193,176,0,65167,5
g0_1818.tif,65536,239,174,0,65123,5
g0_1819.tif,65536,306,174,0,65056,5
g0_1820.tif,65536,68,99,0,65369,5
g0_1822.tif,65536,294,186,0,65056,5
g0_1827.tif,65536,575,280,0,64681,5
g0_1829.tif,65536,61,77,0,65398,5
g0_1831.tif,65536,1008,305,0,64223,5
g0_1835.tif,65536,234,191,0,65111,5
g0_1839.tif,65536,583,246,0,64707,5
g0_1840.tif,65536,441,269,0,64826,5
g0_1845.tif,65536,236,235,0,65065,5
g0_1850.tif,65536,190,159,0,65187,5
g0_1859.tif,65536,1955,500,0,63081,5
g0_1863.tif,65536,159,164,0,65213,5
g0_1864.tif,65536,368,213,0,64955,5
g0_1866.tif,65536,190,204,0,65142,5
g0_1869.tif,65536,538,304,0,64694,5
g0_1870.tif,65536,1167,394,0,63975,5
g0_1871.tif,65536,34,84,0,65418,5
g0_1873.tif,65536,22,72,0,65442,5
g0_1876.tif,65536,401,189,0,64946,5
g0_1888.tif,65536,189,152,0,65195,5
g0_1900.tif,65536,277,157,0,65102,5
g0_1901.tif,65536,592,245,0,64699,5
g0_1905.tif,65536,522,238,0,64776,5
g0_1906.tif,65536,81,114,0,65341,5
g0_1907.tif,65536,335,225,0,64976,5
g0_1916.tif,65536,185,143,0,65208,5
g0_1918.tif,65536,250,152,0,65134,5
g0_1919.tif,65536,357,196,0,64983,5
g0_1920.tif,65536,837,413,0,64286,5
g0_1921.tif,65536,382,233,0,64921,5
g0_1922.tif,65536,506,214,0,64816,5
g0_1929.tif,65536,423,257,0,64856,5
g0_1937.tif,65536,111,134,0,65291,5
g0_1938.tif,65536,451,250,0,64835,5
g0_1943.tif,65536,698,297,0,64541,5
g0_1949.tif,65536,717,336,0,64483,5
g0_1951.tif,65536,145,135,0,65256,5
g0_1953.tif,65536,44,75,0,65417,5
g0_1954.tif,65536,986,375,0,64175,5
g0_1957.tif,65536,48,77,0,65411,5
g0_1963.tif,65536,253,180,0,65103,5
g0_1966.tif,65536,168,151,0,65217,5
g0_1967.tif,65536,157,142,0,65237,5
g0_1968.tif,65536,59,90,0,65387,5
g0_1970.tif,65536,672,306,0,64558,5
g0_1971.tif,65536,230,178,0,65128,5
g0_1974.tif,65536,1625,408,0,63503,5
g0_1976.tif,65536,220,164,0,65152,5
g0_1977.tif,65536,349,217,0,64970,5
g0_1979.tif,65536,926,426,0,64184,5
g0_1980.tif,65536,471,300,0,64765,5
g0_1983.tif,65536,443,225,0,64868,5
g0_1985.tif,65536,668,266,0,64602,5
g0_1986.tif,65536,738,328,0,64470,5
g0_1987.tif,65536,232,180,0,65124,5
g0_1989.tif,65536,70,97,0,65369,5
g0_1990.tif,65536,331,184,0,65021,5
g0_1993.tif,65536,336,191,0,65009,5
g0_1996.tif,65536,837,332,0,64367,5
g0_1999.tif,65536,131,115,0,65290,5
g1_0031.tif,65536,69,120,0,65347,5
g1_0046.tif,65536,234,200,0,65102,5
g1_0051.tif,65536,82,98,0,65356,5
g1_0084.tif,65536,7,30,0,65499,5
g1_0094.tif,65536,9,44,0,65483,4
g1_0095.tif,65536,165,158,0,65213,5
g1_0124.tif,65536,123,164,0,65249,6
g1_0142.tif,65536,118,155,0,65263,5
g1_0207.tif,65536,47,107,0,65382,5
g1_0209.tif,65536,0,53,0,65483,0
g1_0219.tif,65536,135,101,0,65300,5
g1_0255.tif,65536,40,80,0,65416,5
g1_0263.tif,65536,89,110,0,65337,4
g1_0264.tif,65536,78,118,0,65340,5
g1_0331.tif,65536,58,82,0,65396,5
g1_0430.tif,65536,133,115,0,65288,5
g1_0442.tif,65536,82,138,0,65316,5
g1_0474.tif,65536,30,86,0,65420,5
g1_0482.tif,65536,239,216,0,65081,5
g1_0495.tif,65536,28,66,0,65442,3
g1_0530.tif,65536,129,123,0,65284,5
g1_0568.tif,65536,135,154,0,65247,5
g1_0570.tif,65536,29,84,0,65423,5
g1_0571.tif,65536,274,208,0,65054,5
g1_0589.tif,65536,118,145,0,65273,5
g1_0619.tif,65536,68,91,0,65377,5
g1_0621.tif,65536,57,87,0,65392,5
g1_0623.tif,65536,72,112,0,65352,5
g1_0624.tif,65536,289,220,0,65027,5
g1_0630.tif,65536,42,82,0,65412,5
g1_0685.tif,65536,16,63,0,65457,5
g1_0700.tif,65536,60,93,0,65383,5
g1_0730.tif,65536,228,206,0,65102,5
g1_0754.tif,65536,13,48,0,65475,5
g1_0775.tif,65536,127,145,0,65264,5
g1_0805.tif,65536,72,88,0,65376,5
g1_0814.tif,65536,273,203,0,65060,5
g1_0817.tif,65536,210,156,0,65170,5
g1_0828.tif,65536,258,206,0,65072,5
g1_0840.tif,65536,107,149,0,65280,5
g1_0875.tif,65536,99,144,0,65293,5
g1_0884.tif,65536,34,99,0,65403,4
g1_0890.tif,65536,141,155,0,65240,5
g1_0903.tif,65536,10,53,0,65473,4
g1_0944.tif,65536,78,124,0,65334,5
g1_0946.tif,65536,51,85,0,65400,5
g1_0951.tif,65536,27,82,0,65427,5
g1_0959.tif,65536,66,111,0,65359,5
g1_0962.tif,65536,100,134,0,65302,5
g1_0972.tif,65536,69,114,0,65353,5
g1_0982.tif,65536,83,92,0,65361,5
g1_0991.tif,65536,174,161,0,65201,5
g1_1012.tif,65536,129,112,0,65295,5
g1_1034.tif,65536,31,91,0,65414,5
g1_1036.tif,65536,56,82,0,65398,5
g1_1054.tif,65536,390,248,0,64898,5
g1_1072.tif,65536,41,90,0,65405,5
g1_1093.tif,65536,2,34,0,65500,2
g1_1107.tif,65536,120,132,0,65284,5
g1_1136.tif,65536,213,185,0,65138,5
g1_1191.tif,65536,36,82,0,65418,5
g1_1231.tif,65536,155,153,0,65228,5
g1_1248.tif,65536,114,159,0,65263,5
g1_1285.tif,65536,175,131,0,65230,5
g1_1422.tif,65536,9,47,0,65480,5
g1_1449.tif,65536,5,41,0,65490,5
g1_1493.tif,65536,60,85,0,65391,5
g1_1497.tif,65536,20,83,0,65433,4
g1_1528.tif,65536,244,182,0,65110,5
g1_1530.tif,65536,66,90,0,65380,5
g1_1531.tif,65536,75,100,0,65361,5
g1_1556.tif,65536,370,165,0,65001,5
g1_1578.tif,65536,124,115,0,65297,5
g1_1579.tif,65536,41,84,0,65411,5
g1_1582.tif,65536,15,62,0,65459,5
g1_1613.tif,65536,208,164,0,65164,5
g1_1625.tif,65536,67,106,0,65363,5
g1_1637.tif,65536,19,82,0,65435,5
g1_1643.tif,65536,45,95,0,65396,5
g1_1703.tif,65536,76,125,0,65335,5
g1_1740.tif,65536,84,134,0,65318,5
g1_1747.tif,65536,112,140,0,65284,5
g1_1751.tif,65536,153,169,0,65214,5
g1_1796.tif,65536,234,204,0,65098,5
g1_1799.tif,65536,101,132,0,65303,5
g1_1828.tif,65536,20,73,0,65443,5
g1_1860.tif,65536,19,49,0,65468,5
g1_1865.tif,65536,44,76,0,65416,5
g1_1874.tif,65536,196,168,0,65172,5
g1_1880.tif,65536,199,142,0,65195,5
g1_1891.tif,65536,72,104,0,65360,5
g1_1893.tif,65536,8,40,0,65488,5
g1_1915.tif,65536,29,63,0,65444,5
g1_1927.tif,65536,362,198,0,64976,5
g1_1932.tif,65536,113,154,0,65269,5
g1_1939.tif,65536,32,91,0,65413,5
g1_1946.tif,65536,115,129,0,65292,5
g1_1961.tif,65536,53,109,0,65374,4
g1_1962.tif,65536,42,78,0,65416,5
g1_1975.tif,65536,106,131,0,65299,5
g2_0000.tif,65536,590,298,0,64648,4
g2_0001.tif,65536,855,347,0,64334,5
g2_0002.tif,65536,143,168,0,65225,5
g2_0003.tif,65536,116,166,0,65254,5
g2_0005.tif,65536,1620,372,0,63544,5
g2_0006.tif,65536,329,211,0,64996,5
g2_0007.tif,65536,315,219,0,65002,5
g2_0008.tif,65536,2182,502,0,62852,5
g2_0009.tif,65536,279,235,0,65022,5
g2_0010.tif,65536,355,189,0,64992,5
g2_0011.tif,65536,1258,452,0,63826,5
g2_0013.tif,65536,857,353,0,64326,5
g2_0015.tif,65536,406,163,0,64967,5
g2_0016.tif,65536,1180,362,0,63994,5
g2_0017.tif,65536,872,254,0,64410,5
g2_0018.tif,65536,245,188,0,65103,5
g2_0022.tif,65536,163,152,0,65221,5
g2_0023.tif,65536,161,184,0,65191,5
g2_0024.tif,65536,356,252,0,64928,5
g2_0028.tif,65536,114,128,0,65294,5
g2_0029.tif,65536,517,295,0,64724,5
g2_0035.tif,65536,23,97,0,65416,5
g2_0036.tif,65536,660,294,0,64582,5
g2_0037.tif,65536,250,182,0,65104,5
g2_0038.tif,65536,62,117,0,65357,5
g2_0041.tif,65536,967,371,0,64198,5
g2_0042.tif,65536,348,194,0,64994,5
g2_0043.tif,65536,1614,330,0,63592,5
g2_0045.tif,65536,882,308,0,64346,5
g2_0048.tif,65536,2039,587,0,62910,5
g2_0049.tif,65536,263,213,0,65060,5
g2_0057.tif,65536,1679,427,0,63430,5
g2_0060.tif,65536,745,267,0,64524,5
g2_0061.tif,65536,82,139,0,65315,5
g2_0062.tif,65536,88,129,0,65319,5
g2_0065.tif,65536,139,152,0,65245,5
g2_0069.tif,65536,925,305,0,64306,5
g2_0071.tif,65536,143,142,0,65251,5
g2_0072.tif,65536,1980,495,0,63061,5
g2_0075.tif,65536,971,306,0,64259,5
g2_0077.tif,65536,943,321,0,64272,5
g2_0078.tif,65536,298,226,0,65012,5
g2_0080.tif,65536,365,246,0,64925,5
g2_0082.tif,65536,881,358,0,64297,5
g2_0086.tif,65536,354,242,0,64940,5
g2_0087.tif,65536,773,318,0,64445,5
g2_0092.tif,65536,224,199,0,65113,5
g2_0098.tif,65536,1735,456,0,63345,5
g2_0099.tif,65536,254,208,0,65074,5
g2_0101.tif,65536,1418,325,0,63793,5
g2_0103.tif,65536,138,136,0,65262,5
g2_0105.tif,65536,130,165,0,65241,5
g2_0112.tif,65536,171,153,0,65212,5
g2_0113.tif,65536,428,252,0,64856,5
g2_0115.tif,65536,3050,605,0,61881,4
g2_0118.tif,65536,202,189,0,65145,5
g2_0128.tif,65536,812,378,0,64346,5
g2_0129.tif,65536,1139,316,0,64081,5
g2_0132.tif,65536,1132,353,0,64051,5
g2_0133.tif,65536,1904,421,0,63211,5
g2_0134.tif,65536,887,301,0,64348,5
g2_0135.tif,65536,584,272,0,64680,5
g2_0137.tif,65536,1446,408,0,63682,5
g2_0138.tif,65536,468,174,0,64894,5
g2_0139.tif,65536,322,244,0,64970,5
g2_0143.tif,65536,2706,523,0,62307,5
g2_0149.tif,65536,3415,497,0,61624,5
g2_0150.tif,65536,152,151,0,65233,5
g2_0151.tif,65536,157,148,0,65231,5
g2_0152.tif,65536,1323,528,0,63685,5
g2_0154.tif,65536,263,217,0,65056,5
g2_0160.tif,65536,2676,591,0,62269,5
g2_0161.tif,65536,1831,357,0,63348,5
g2_0162.tif,65536,175,196,0,65165,5
g2_0164.tif,65536,323,172,0,65041,5
g2_0165.tif,65536,274,165,0,65097,5
g2_0166.tif,65536,294,209,0,65033,5
g2_0169.tif,65536,475,301,0,64760,5
g2_0171.tif,65536,1819,513,0,63204,5
g2_0172.tif,65536,724,297,0,64515,5
g2_0174.tif,65536,1066,338,0,64132,5
g2_0175.tif,65536,28,95,0,65413,5
g2_0177.tif,65536,415,164,0,64957,5
g2_0179.tif,65536,131,146,0,65259,5
g2_0180.tif,65536,727,322,0,64487,5
g2_0181.tif,65536,365,239,0,64932,5
g2_0182.tif,65536,600,330,0,64606,5
g2_0185.tif,65536,740,315,0,64481,5
g2_0186.tif,65536,367,221,0,64948,5
g2_0187.tif,65536,403,176,0,64957,5
g2_0189.tif,65536,375,214,0,64947,5
g2_0197.tif,65536,198,174,0,65164,5
g2_0199.tif,65536,979,387,0,64170,5
g2_0200.tif,65536,574,200,0,64762,5
g2_0202.tif,65536,96,154,0,65286,5
g2_0204.tif,65536,133,141,0,65262,5
g2_0205.tif,65536,756,272,0,64508,5
g2_0211.tif,65536,54,123,0,65359,5
g2_0215.tif,65536,849,275,0,64412,5
g2_0216.tif,65536,40,104,0,65392,5
g2_0217.tif,65536,958,293,0,64285,5
g2_0222.tif,65536,1385,506,0,63645,5
g2_0223.tif,65536,349,218,0,64969,5
g2_0227.tif,65536,196,165,0,65175,5
g2_0229.tif,65536,264,208,0,65064,5
g2_0232.tif,65536,754,373,0,64409,5
g2_0234.tif,65536,14,126,0,65396,5
g2_0235.tif,65536,68,108,0,65360,5
g2_0236.tif,65536,233,203,0,65100,5
g2_0237.tif,65536,89,114,0,65333,5
g2_0239.tif,65536,510,284,0,64742,5
g2_0242.tif,65536,835,295,0,64406,5
g2_0243.tif,65536,725,266,0,64545,5
g2_0246.tif,65536,788,248,0,64500,5
g2_0248.tif,65536,618,310,0,64608,5
g2_0249.tif,65536,344,193,0,64999,5
g2_0251.tif,65536,441,213,0,64882,5
g2_0254.tif,65536,105,127,0,65304,5
g2_0260.tif,65536,273,184,0,65079,5
g2_0262.tif,65536,172,138,0,65226,5
g2_0267.tif,65536,666,325,0,64545,5
g2_0268.tif,65536,512,186,0,64838,5
g2_0272.tif,65536,319,156,0,65061,5
g2_0273.tif,65536,11,80,0,65445,3
g2_0275.tif,65536,497,226,0,64813,5
g2_0276.tif,65536,616,309,0,64611,5
g2_0278.tif,65536,867,270,0,64399,5
g2_0279.tif,65536,34,85,0,65417,5
g2_0280.tif,65536,533,205,0,64798,5
g2_0282.tif,65536,476,287,0,64773,5
g2_0286.tif,65536,2196,531,0,62809,5
g2_0288.tif,65536,398,297,0,64841,5
g2_0291.tif,65536,1285,414,0,63837,5
g2_0293.tif,65536,843,360,0,64333,5
g2_0296.tif,65536,1261,458,0,63817,5
g2_0298.tif,65536,287,210,0,65039,5
g2_0299.tif,65536,338,270,0,64928,5
g2_0307.tif,65536,201,187,0,65148,5
g2_0309.tif,65536,443,259,0,64834,5
g2_0311.tif,65536,1665,461,0,63410,5
g2_0314.tif,65536,392,187,0,64957,5
g2_0315.tif,65536,95,145,0,65296,5
g2_0316.tif,65536,851,293,0,64392,5
g2_0317.tif,65536,335,231,0,64970,5
g2_0324.tif,65536,615,312,0,64609,5
g2_0325.tif,65536,137,165,0,65234,5
g2_0326.tif,65536,337,198,0,65001,5
g2_0327.tif,65536,83,134,0,65319,5
g2_0332.tif,65536,571,262,0,64703,5
g2_0335.tif,65536,122,130,0,65284,5
g2_0336.tif,65536,1184,303,0,64049,5
g2_0338.tif,65536,235,174,0,65127,5
g2_0339.tif,65536,353,178,0,65005,5
g2_0340.tif,65536,1182,366,0,63988,5
g2_0344.tif,65536,23,70,0,65443,5
g2_0345.tif,65536,261,172,0,65103,5
g2_0347.tif,65536,54,65,0,65417,5
g2_0348.tif,65536,654,232,0,64650,5
g2_0352.tif,65536,1883,379,0,63274,5
g2_0357.tif,65536,389,192,0,64955,5
g2_0358.tif,65536,1180,413,0,63943,5
g2_0363.tif,65536,123,139,0,65274,5
g2_0366.tif,65536,282,187,0,65067,5
g2_0367.tif,65536,185,138,0,65213,5
g2_0368.tif,65536,676,249,0,64611,5
g2_0371.tif,65536,912,280,0,64344,5
g2_0373.tif,65536,341,206,0,64989,5
g2_0375.tif,65536,107,118,0,65311,5
g2_0377.tif,65536,68,76,0,65392,5
g2_0378.tif,65536,426,240,0,64870,5
g2_0381.tif,65536,848,310,0,64378,5
g2_0383.tif,65536,324,210,0,65002,5
g2_0385.tif,65536,361,210,0,64965,5
g2_0386.tif,65536,541,246,0,64749,5
g2_0388.tif,65536,61,78,0,65397,5
g2_0390.tif,65536,657,323,0,64556,5
g2_0392.tif,65536,158,159,0,65219,5
g2_0393.tif,65536,277,201,0,65058,5
g2_0396.tif,65536,108,109,0,65319,5
g2_0399.tif,65536,327,232,0,64977,5
g2_0400.tif,65536,196,196,0,65144,5
g2_0404.tif,65536,38,85,0,65413,5
g2_0406.tif,65536,401,286,0,64849,5
g2_0410.tif,65536,827,253,0,64456,5
g2_0412.tif,65536,292,174,0,65070,5
g2_0415.tif,65536,440,259,0,64837,5
g2_0416.tif,65536,159,182,0,65195,5
g2_0418.tif,65536,462,217,0,64857,5
g2_0419.tif,65536,243,198,0,65095,5
g2_0420.tif,65536,105,120,0,65311,5
g2_0422.tif,65536,271,169,0,65096,5
g2_0424.tif,65536,547,204,0,64785,5
g2_0427.tif,65536,324,226,0,64986,5
g2_0428.tif,65536,509,217,0,64810,5
g2_0429.tif,65536,38,71,0,65427,5
g2_0432.tif,65536,499,265,0,64772,5
g2_0434.tif,65536,98,148,0,65290,5
g2_0435.tif,65536,1399,321,0,63816,5
g2_0437.tif,65536,926,328,0,64282,5
g2_0438.tif,65536,49,110,0,65377,5
g2_0439.tif,65536,226,172,0,65138,5
g2_0440.tif,65536,371,220,0,64945,5
g2_0443.tif,65536,591,269,0,64676,5
g2_0444.tif,65536,393,192,0,64951,5
g2_0446.tif,65536,184,169,0,65183,5
g2_0447.tif,65536,111,109,0,65316,5
g2_0448.tif,65536,180,185,0,65171,5
g2_0451.tif,65536,678,295,0,64563,5
g2_0454.tif,65536,908,353,0,64275,5
g2_0458.tif,65536,1063,391,0,64082,5
g2_0460.tif,65536,1577,418,0,63541,5
g2_0461.tif,65536,127,228,0,65181,4
g2_0463.tif,65536,396,248,0,64892,5
g2_0465.tif,65536,530,244,0,64762,5
g2_0468.tif,65536,50,95,0,65391,5
g2_0470.tif,65536,152,167,0,65217,5
g2_0472.tif,65536,671,261,0,64604,5
g2_0475.tif,65536,599,225,0,64712,5
g2_0479.tif,65536,131,162,0,65243,5
g2_0481.tif,65536,452,286,0,64798,5
g2_0483.tif,65536,651,339,0,64546,5
g2_0484.tif,65536,156,148,0,65232,5
g2_0487.tif,65536,135,115,0,65286,5
g2_0493.tif,65536,206,165,0,65165,5
g2_0497.tif,65536,717,263,0,64556,5
g2_0498.tif,65536,541,244,0,64751,5
g2_0499.tif,65536,452,262,0,64822,5
g2_0501.tif,65536,194,178,0,65164,5
g2_0506.tif,65536,809,267,0,64460,5
g2_0508.tif,65536,588,260,0,64688,5
g2_0509.tif,65536,395,184,0,64957,5
g2_0514.tif,65536,3459,636,0,61441,5
g2_0517.tif,65536,341,228,0,64967,5
g2_0518.tif,65536,232,167,0,65137,5
g2_0521.tif,65536,478,171,0,64887,5
g2_0522.tif,65536,66,124,0,65346,5
g2_0523.tif,65536,69,89,0,65378,5
g2_0524.tif,65536,532,268,0,64736,5
g2_0525.tif,65536,133,141,0,65262,5
g2_0529.tif,65536,445,314,0,64777,5
g2_0531.tif,65536,2201,535,0,62800,5
g2_0532.tif,65536,58,98,0,65380,5
g2_0538.tif,65536,274,204,0,65058,5
g2_0541.tif,65536,457,194,0,64885,5
g2_0543.tif,65536,126,145,0,65265,5
g2_0545.tif,65536,88,120,0,65328,4
g2_0546.tif,65536,253,168,0,65115,5
g2_0548.tif,65536,573,299,0,64664,5
g2_0553.tif,65536,402,168,0,64966,5
g2_0554.tif,65536,495,210,0,64831,5
g2_0556.tif,65536,358,217,0,64961,5
g2_0559.tif,65536,1488,411,0,63637,5
g2_0561.tif,65536,150,175,0,65211,5
g2_0563.tif,65536,80,122,0,65334,5
g2_0565.tif,65536,679,267,0,64590,5
g2_0567.tif,65536,424,294,0,64818,5
g2_0569.tif,65536,396,207,0,64933,5
g2_0574.tif,65536,87,134,0,65315,5
g2_0575.tif,65536,2602,462,0,62472,5
g2_0576.tif,65536,278,180,0,65078,5
g2_0577.tif,65536,426,223,0,64887,5
g2_0579.tif,65536,1365,405,0,63766,5
g2_0588.tif,65536,903,472,0,64161,5
g2_0591.tif,65536,608,275,0,64653,5
g2_0592.tif,65536,492,245,0,64799,5
g2_0594.tif,65536,660,343,0,64533,5
g2_0601.tif,65536,2413,522,0,62601,5
g2_0602.tif,65536,983,389,0,64164,5
g2_0603.tif,65536,673,300,0,64563,5
g2_0608.tif,65536,597,272,0,64667,5
g2_0609.tif,65536,62,100,0,65374,5
g2_0611.tif,65536,821,397,0,64318,5
g2_0612.tif,65536,329,177,0,65030,5
g2_0616.tif,65536,30,67,0,65439,5
g2_0617.tif,65536,322,226,0,64988,5
g2_0618.tif,65536,25,118,0,65393,4
g2_0631.tif,65536,22,87,0,65427,5
g2_0634.tif,65536,674,350,0,64512,5
g2_0636.tif,65536,1317,506,0,63713,5
g2_0638.tif,65536,338,258,0,64940,5
g2_0640.tif,65536,524,293,0,64719,5
g2_0642.tif,65536,814,364,0,64358,5
g2_0643.tif,65536,1460,448,0,63628,5
g2_0644.tif,65536,7813,804,0,56919,5
g2_0648.tif,65536,2991,663,0,61882,5
g2_0649.tif,65536,432,286,0,64818,5
g2_0651.tif,65536,61,111,0,65364,5
g2_0652.tif,65536,180,170,0,65186,5
g2_0653.tif,65536,143,187,0,65206,5
g2_0654.tif,65536,2155,528,0,62853,5
g2_0655.tif,65536,180,158,0,65198,5
g2_0657.tif,65536,360,210,0,64966,5
g2_0661.tif,65536,1130,384,0,64022,5
g2_0662.tif,65536,711,341,0,64484,5
g2_0667.tif,65536,95,94,0,65347,5
g2_0669.tif,65536,3501,595,0,61440,5
g2_0670.tif,65536,935,342,0,64259,5
g2_0671.tif,65536,1351,385,0,63800,5
g2_0673.tif,65536,357,190,0,64989,5
g2_0674.tif,65536,669,215,0,64652,5
g2_0678.tif,65536,254,176,0,65106,5
g2_0690.tif,65536,45,76,0,65415,5
g2_0694.tif,65536,106,131,0,65299,5
g2_0695.tif,65536,71,147,0,65318,5
g2_0698.tif,65536,708,315,0,64513,5
g2_0699.tif,65536,151,164,0,65221,5
g2_0701.tif,65536,1099,374,0,64063,5
g2_0702.tif,65536,618,285,0,64633,5
g2_0703.tif,65536,350,201,0,64985,4
g2_0709.tif,65536,199,164,0,65173,5
g2_0711.tif,65536,840,335,0,64361,5
g2_0712.tif,65536,515,238,0,64783,5
g2_0714.tif,65536,504,248,0,64784,5
g2_0716.tif,65536,147,155,0,65234,5
g2_0718.tif,65536,612,209,0,64715,5
g2_0720.tif,65536,366,201,0,64969,5
g2_0727.tif,65536,283,199,0,65054,5
g2_0729.tif,65536,280,195,0,65061,5
g2_0733.tif,65536,489,245,0,64802,5
g2_0740.tif,65536,341,177,0,65018,5
g2_0742.tif,65536,39,101,0,65396,5
g2_0743.tif,65536,266,225,0,65045,5
g2_0746.tif,65536,216,195,0,65125,5
g2_0748.tif,65536,738,331,0,64467,5
g2_0750.tif,65536,916,376,0,64244,5
g2_0753.tif,65536,1278,410,0,63848,5
g2_0756.tif,65536,176,181,0,65179,5
g2_0758.tif,65536,1786,387,0,63363,5
g2_0762.tif,65536,141,152,0,65243,5
g2_0765.tif,65536,1658,490,0,63388,5
g2_0769.tif,65536,741,274,0,64521,5
g2_0778.tif,65536,172,173,0,65191,5
g2_0779.tif,65536,68,125,0,65343,5
g2_0782.tif,65536,312,195,0,65029,5
g2_0784.tif,65536,837,253,0,64446,5
g2_0789.tif,65536,272,129,0,65135,5
g2_0790.tif,65536,79,78,0,65379,5
g2_0795.tif,65536,1082,386,0,64068,5
g2_0796.tif,65536,322,218,0,64996,5
g2_0797.tif,65536,184,194,0,65158,5
g2_0800.tif,65536,513,196,0,64827,5
g2_0810.tif,65536,651,263,0,64622,5
g2_0811.tif,65536,661,244,0,64631,5
g2_0812.tif,65536,533,241,0,64762,5
g2_0813.tif,65536,30,85,0,65421,5
g2_0815.tif,65536,430,235,0,64871,5
g2_0818.tif,65536,203,188,0,65145,5
g2_0820.tif,65536,89,118,0,65329,5
g2_0821.tif,65536,195,160,0,65181,5
g2_0824.tif,65536,571,215,0,64750,5
g2_0826.tif,65536,598,232,0,64706,5
g2_0830.tif,65536,1177,332,0,64027,5
g2_0831.tif,65536,2943,502,0,62091,5
g2_0832.tif,65536,743,248,0,64545,5
g2_0837.tif,65536,256,162,0,65118,5
g2_0844.tif,65536,401,159,0,64976,5
g2_0847.tif,65536,1135,360,0,64041,5
g2_0848.tif,65536,1459,409,0,63668,5
g2_0849.tif,65536,488,307,0,64741,5
g2_0850.tif,65536,1903,455,0,63178,5
g2_0851.tif,65536,122,147,0,65267,5
g2_0855.tif,65536,832,293,0,64411,5
g2_0857.tif,65536,624,266,0,64646,5
g2_0859.tif,65536,442,183,0,64911,5
g2_0860.tif,65536,590,302,0,64644,5
g2_0861.tif,65536,487,229,0,64820,5
g2_0862.tif,65536,87,128,0,65321,5
g2_0865.tif,65536,152,126,0,65258,5
g2_0866.tif,65536,122,155,0,65259,5
g2_0867.tif,65536,106,124,0,65306,5
g2_0869.tif,65536,339,250,0,64947,5
g2_0870.tif,65536,114,173,0,65249,5
g2_0871.tif,65536,72,114,0,65350,5
g2_0873.tif,65536,168,203,0,65165,5
g2_0876.tif,65536,38,84,0,65414,5
g2_0877.tif,65536,54,89,0,65393,5
g2_0878.tif,65536,85,101,0,65350,5
g2_0880.tif,65536,418,180,0,64938,5
g2_0881.tif,65536,185,140,0,65211,5
g2_0882.tif,65536,1098,403,0,64035,5
g2_0883.tif,65536,470,234,0,64832,5
g2_0887.tif,65536,934,334,0,64268,5
g2_0891.tif,65536,334,237,0,64965,5
g2_0892.tif,65536,63,101,0,65372,5
g2_0893.tif,65536,808,268,0,64460,5
g2_0894.tif,65536,290,203,0,65043,5
g2_0895.tif,65536,59,92,0,65385,5
g2_0896.tif,65536,407,164,0,64965,5
g2_0897.tif,65536,36,80,0,65420,5
g2_0900.tif,65536,484,242,0,64810,5
g2_0901.tif,65536,323,180,0,65033,5
g2_0904.tif,65536,74,120,0,65342,5
g2_0913.tif,65536,242,172,0,65122,5
g2_0914.tif,65536,173,139,0,65224,5
g2_0915.tif,65536,1539,371,0,63626,5
g2_0916.tif,65536,113,145,0,65278,5
g2_0918.tif,65536,258,223,0,65055,5
g2_0920.tif,65536,340,281,0,64915,5
g2_0921.tif,65536,94,127,0,65315,5
g2_0924.tif,65536,1668,442,0,63426,5
g2_0925.tif,65536,672,293,0,64571,5
g2_0927.tif,65536,1245,317,0,63974,5
g2_0932.tif,65536,142,162,0,65232,5
g2_0936.tif,65536,170,157,0,65209,5
g2_0937.tif,65536,231,167,0,65138,5
g2_0938.tif,65536,409,228,0,64899,5
g2_0939.tif,65536,267,145,0,65124,5
g2_0942.tif,65536,14,51,0,65471,5
g2_0947.tif,65536,91,116,0,65329,5
g2_0949.tif,65536,525,237,0,64774,5
g2_0953.tif,65536,208,188,0,65140,5
g2_0958.tif,65536,1606,568,0,63362,5
g2_0965.tif,65536,571,226,0,64739,5
g2_0968.tif,65536,520,224,0,64792,5
g2_0970.tif,65536,443,200,0,64893,5
g2_0971.tif,65536,852,252,0,64432,5
g2_0973.tif,65536,437,251,0,64848,5
g2_0974.tif,65536,409,242,0,64885,5
g2_0976.tif,65536,538,271,0,64727,5
g2_0984.tif,65536,251,177,0,65108,5
g2_0988.tif,65536,424,246,0,64866,5
g2_0992.tif,65536,248,203,0,65085,5
g2_0995.tif,65536,87,104,0,65345,5
g2_0996.tif,65536,1103,340,0,64093,5
g2_0999.tif,65536,188,163,0,65185,5
g2_1000.tif,65536,266,174,0,65096,5
g2_1001.tif,65536,116,144,0,65276,5
g2_1004.tif,65536,19,66,0,65451,5
g2_1009.tif,65536,55,92,0,65389,5
g2_1011.tif,65536,199,180,0,65157,5
g2_1013.tif,65536,492,251,0,64793,5
g2_1016.tif,65536,307,196,0,65033,5
g2_1017.tif,65536,292,219,0,65025,5
g2_1020.tif,65536,314,237,0,64985,5
g2_1022.tif,65536,565,310,0,64661,5
g2_1023.tif,65536,408,172,0,64956,5
g2_1030.tif,65536,168,159,0,65209,5
g2_1043.tif,65536,416,216,0,64904,5
g2_1053.tif,65536,513,292,0,64731,5
g2_1056.tif,65536,42,95,0,65399,5
g2_1057.tif,65536,167,129,0,65240,5
g2_1060.tif,65536,207,155,0,65174,5
g2_1062.tif,65536,2099,529,0,62908,5
g2_1064.tif,65536,572,225,0,64739,5
g2_1067.tif,65536,133,156,0,65247,5
g2_1068.tif,65536,410,242,0,64884,5
g2_1070.tif,65536,789,380,0,64367,5
g2_1073.tif,65536,183,177,0,65176,5
g2_1074.tif,65536,544,310,0,64682,5
g2_1076.tif,65536,558,246,0,64732,5
g2_1077.tif,65536,1671,461,0,63404,5
g2_1078.tif,65536,314,218,0,65004,5
g2_1079.tif,65536,540,237,0,64759,5
g2_1080.tif,65536,169,179,0,65188,5
g2_1081.tif,65536,567,291,0,64678,5
g2_1083.tif,65536,587,258,0,64691,5
g2_1084.tif,65536,81,143,0,65312,5
g2_1085.tif,65536,1792,468,0,63276,5
g2_1087.tif,65536,133,175,0,65228,5
g2_1090.tif,65536,1559,458,0,63519,5
g2_1092.tif,65536,149,141,0,65246,5
g2_1095.tif,65536,2413,613,0,62510,5
g2_1096.tif,65536,76,94,0,65366,5
g2_1100.tif,65536,388,202,0,64946,5
g2_1102.tif,65536,497,333,0,64706,5
g2_1104.tif,65536,186,196,0,65154,5
g2_1105.tif,65536,313,160,0,65063,5
g2_1109.tif,65536,1043,358,0,64135,5
g2_1110.tif,65536,286,227,0,65023,5
g2_1111.tif,65536,316,210,0,65010,5
g2_1112.tif,65536,345,263,0,64928,5
g2_1120.tif,65536,467,235,0,64834,5
g2_1122.tif,65536,178,186,0,65172,5
g2_1127.tif,65536,603,281,0,64652,5
g2_1128.tif,65536,1477,438,0,63621,5
g2_1131.tif,65536,364,192,0,64980,5
g2_1138.tif,65536,201,157,0,65178,5
g2_1139.tif,65536,244,166,0,65126,5
g2_1143.tif,65536,957,286,0,64293,5
g2_1144.tif,65536,254,204,0,65078,5
g2_1145.tif,65536,126,175,0,65235,5
g2_1146.tif,65536,246,192,0,65098,5
g2_1148.tif,65536,1272,396,0,63868,5
g2_1149.tif,65536,58,105,0,65373,5
g2_1150.tif,65536,396,257,0,64883,5
g2_1151.tif,65536,1151,452,0,63933,5
g2_1153.tif,65536,474,215,0,64847,5
g2_1154.tif,65536,32,67,0,65437,5
g2_1155.tif,65536,234,192,0,65110,5
g2_1157.tif,65536,104,120,0,65312,5
g2_1158.tif,65536,156,125,0,65255,5
g2_1159.tif,65536,339,197,0,65000,5
g2_1162.tif,65536,191,150,0,65195,5
g2_1164.tif,65536,283,240,0,65013,5
g2_1166.tif,65536,235,240,0,65061,5
g2_1169.tif,65536,460,242,0,64834,5
g2_1170.tif,65536,129,181,0,65226,5
g2_1172.tif,65536,578,251,0,64707,5
g2_1173.tif,65536,879,347,0,64310,5
g2_1175.tif,65536,1099,306,0,64131,5
g2_1178.tif,65536,490,288,0,64758,5
g2_1181.tif,65536,324,197,0,65015,5
g2_1185.tif,65536,323,199,0,65014,5
g2_1189.tif,65536,317,193,0,65026,5
g2_1192.tif,65536,392,204,0,64940,5
g2_1194.tif,65536,576,325,0,64635,5
g2_1196.tif,65536,392,208,0,64936,5
g2_1197.tif,65536,139,147,0,65250,5
g2_1198.tif,65536,137,127,0,65272,5
g2_1199.tif,65536,333,174,0,65029,5
g2_1200.tif,65536,2793,488,0,62255,5
g2_1201.tif,65536,140,138,0,65258,5
g2_1202.tif,65536,400,238,0,64898,5
g2_1203.tif,65536,48,98,0,65390,5
g2_1204.tif,65536,34,76,0,65426,5
g2_1205.tif,65536,564,253,0,64719,5
g2_1206.tif,65536,218,235,0,65083,5
g2_1207.tif,65536,889,263,0,64384,5
g2_1208.tif,65536,251,168,0,65117,5
g2_1211.tif,65536,718,276,0,64542,5
g2_1212.tif,65536,446,182,0,64908,5
g2_1213.tif,65536,515,248,0,64773,5
g2_1214.tif,65536,85,124,0,65327,5
g2_1215.tif,65536,237,196,0,65103,5
g2_1216.tif,65536,80,123,0,65333,5
g2_1217.tif,65536,790,324,0,64422,5
g2_1218.tif,65536,4932,763,0,59841,5
g2_1219.tif,65536,3640,732,0,61164,5
g2_1220.tif,65536,551,204,0,64781,5
g2_1230.tif,65536,304,163,0,65069,5
g2_1233.tif,65536,1011,343,0,64182,5
g2_1236.tif,65536,679,301,0,64556,5
g2_1237.tif,65536,239,165,0,65132,5
g2_1239.tif,65536,2031,591,0,62914,5
g2_1241.tif,65536,352,216,0,64968,5
g2_1242.tif,65536,644,282,0,64610,5
g2_1246.tif,65536,1104,295,0,64137,5
g2_1249.tif,65536,673,245,0,64618,5
g2_1250.tif,65536,181,144,0,65211,5
g2_1252.tif,65536,244,219,0,65073,5
g2_1260.tif,65536,472,316,0,64748,5
g2_1264.tif,65536,125,164,0,65247,5
g2_1265.tif,65536,371,220,0,64945,5
g2_1268.tif,65536,303,254,0,64979,5
g2_1271.tif,65536,474,251,0,64811,5
g2_1274.tif,65536,2338,531,0,62667,5
g2_1275.tif,65536,367,245,0,64924,5
g2_1278.tif,65536,94,130,0,65312,5
g2_1280.tif,65536,254,199,0,65083,5
g2_1282.tif,65536,1714,464,0,63358,5
g2_1283.tif,65536,98,142,0,65296,5
g2_1287.tif,65536,749,345,0,64442,5
g2_1290.tif,65536,2271,557,0,62708,5
g2_1291.tif,65536,87,139,0,65310,5
g2_1292.tif,65536,1077,373,0,64086,5
g2_1293.tif,65536,453,221,0,64862,5
g2_1297.tif,65536,320,233,0,64983,5
g2_1298.tif,65536,772,276,0,64488,5
g2_1299.tif,65536,740,314,0,64482,5
g2_1300.tif,65536,29,74,0,65433,5
g2_1303.tif,65536,32,100,0,65404,5
g2_1305.tif,65536,1297,367,0,63872,5
g2_1307.tif,65536,546,270,0,64720,5
g2_1309.tif,65536,697,334,0,64505,5
g2_1310.tif,65536,18,70,0,65448,5
g2_1311.tif,65536,306,241,0,64989,5
g2_1314.tif,65536,106,118,0,65312,5
g2_1317.tif,65536,496,233,0,64807,5
g2_1319.tif,65536,1030,339,0,64167,5
g2_1321.tif,65536,1281,407,0,63848,5
g2_1323.tif,65536,100,109,0,65327,5
g2_1326.tif,65536,79,111,0,65346,5
g2_1330.tif,65536,212,168,0,65156,5
g2_1332.tif,65536,183,151,0,65202,5
g2_1335.tif,65536,169,200,0,65167,5
g2_1336.tif,65536,684,311,0,64541,5
g2_1337.tif,65536,57,116,0,65363,5
g2_1338.tif,65536,26,81,0,65429,5
g2_1340.tif,65536,662,309,0,64565,5
g2_1341.tif,65536,1130,327,0,64079,5
g2_1344.tif,65536,312,238,0,64986,5
g2_1346.tif,65536,1555,510,0,63471,5
g2_1348.tif,65536,233,168,0,65135,5
g2_1349.tif,65536,566,250,0,64720,5
g2_1350.tif,65536,407,228,0,64901,5
g2_1352.tif,65536,646,289,0,64601,5
g2_1353.tif,65536,1304,407,0,63825,5
g2_1355.tif,65536,916,301,0,64319,5
g2_1357.tif,65536,874,280,0,64382,5
g2_1363.tif,65536,843,345,0,64348,5
g2_1364.tif,65536,142,139,0,65255,5
g2_1365.tif,65536,181,198,0,65157,5
g2_1368.tif,65536,144,197,0,65195,5
g2_1370.tif,65536,1353,454,0,63729,5
g2_1371.tif,65536,177,158,0,65201,5
g2_1372.tif,65536,1940,450,0,63146,5
g2_1374.tif,65536,96,112,0,65328,5
g2_1375.tif,65536,1025,361,0,64150,5
g2_1376.tif,65536,1115,394,0,64027,5
g2_1377.tif,65536,1148,357,0,64031,5
g2_1379.tif,65536,135,151,0,65250,5
g2_1380.tif,65536,424,209,0,64903,5
g2_1383.tif,65536,201,210,0,65125,5
g2_1384.tif,65536,1952,429,0,63155,5
g2_1386.tif,65536,496,295,0,64745,5
g2_1391.tif,65536,960,337,0,64239,5
g2_1392.tif,65536,906,357,0,64273,5
g2_1393.tif,65536,306,235,0,64995,5
g2_1394.tif,65536,3637,710,0,61189,5
g2_1395.tif,65536,87,125,0,65324,5
g2_1396.tif,65536,878,367,0,64291,5
g2_1397.tif,65536,1539,417,0,63580,5
g2_1398.tif,65536,2834,631,0,62071,6
g2_1401.tif,65536,44,91,0,65401,5
g2_1404.tif,65536,268,205,0,65063,5
g2_1407.tif,65536,331,209,0,64996,5
g2_1409.tif,65536,76,113,0,65347,5
g2_1418.tif,65536,254,204,0,65078,5
g2_1421.tif,65536,385,212,0,64939,5
g2_1423.tif,65536,353,178,0,65005,5
g2_1424.tif,65536,377,196,0,64963,5
g2_1427.tif,65536,673,278,0,64585,5
g2_1430.tif,65536,391,178,0,64967,5
g2_1432.tif,65536,883,342,0,64311,5
g2_1433.tif,65536,318,186,0,65032,5
g2_1434.tif,65536,39,115,0,65382,5
g2_1436.tif,65536,522,187,0,64827,5
g2_1438.tif,65536,283,188,0,65065,5
g2_1439.tif,65536,193,152,0,65191,5
g2_1441.tif,65536,3623,696,0,61217,5
g2_1443.tif,65536,633,297,0,64606,5
g2_1445.tif,65536,378,223,0,64935,5
g2_1447.tif,65536,498,302,0,64736,5
g2_1448.tif,65536,325,154,0,65057,5
g2_1451.tif,65536,366,201,0,64969,5
g2_1453.tif,65536,846,261,0,64429,5
g2_1455.tif,65536,217,186,0,65133,5
g2_1458.tif,65536,1457,467,0,63612,5
g2_1462.tif,65536,63,127,0,65346,5
g2_1467.tif,65536,270,199,0,65067,5
g2_1468.tif,65536,125,120,0,65291,5
g2_1471.tif,65536,116,102,0,65318,5
g2_1472.tif,65536,506,215,0,64815,5
g2_1473.tif,65536,275,194,0,65067,5
g2_1474.tif,65536,149,142,0,65245,5
g2_1475.tif,65536,1428,350,0,63758,5
g2_1478.tif,65536,143,132,0,65261,5
g2_1479.tif,65536,49,108,0,65379,5
g2_1480.tif,65536,291,205,0,65040,5
g2_1483.tif,65536,431,162,0,64943,5
g2_1484.tif,65536,124,119,0,65293,5
g2_1488.tif,65536,434,209,0,64893,5
g2_1491.tif,65536,398,220,0,64918,5
g2_1492.tif,65536,465,254,0,64817,5
g2_1500.tif,65536,378,209,0,64949,5
g2_1502.tif,65536,906,337,0,64293,5
g2_1503.tif,65536,154,163,0,65219,5
g2_1505.tif,65536,126,114,0,65296,5
g2_1506.tif,65536,1905,486,0,63145,5
g2_1508.tif,65536,240,182,0,65114,5
g2_1509.tif,65536,843,271,0,64422,5
g2_1511.tif,65536,3032,532,0,61972,5
g2_1513.tif,65536,1054,381,0,64101,5
g2_1516.tif,65536,54,83,0,65399,5
g2_1517.tif,65536,1249,399,0,63888,5
g2_1521.tif,65536,159,154,0,65223,5
g2_1523.tif,65536,79,91,0,65366,5
g2_1525.tif,65536,2915,630,0,61991,5
g2_1527.tif,65536,1721,445,0,63370,5
g2_1532.tif,65536,1064,440,0,64032,5
g2_1533.tif,65536,403,265,0,64868,5
g2_1534.tif,65536,174,136,0,65226,5
g2_1535.tif,65536,246,182,0,65108,5
g2_1538.tif,65536,650,278,0,64608,5
g2_1540.tif,65536,2168,515,0,62853,5
g2_1541.tif,65536,148,183,0,65205,5
g2_1545.tif,65536,672,217,0,64647,5
g2_1549.tif,65536,871,306,0,64359,5
g2_1554.tif,65536,191,124,0,65221,5
g2_1557.tif,65536,90,150,0,65296,5
g2_1558.tif,65536,127,147,0,65262,5
g2_1562.tif,65536,41,68,0,65427,5
g2_1564.tif,65536,402,227,0,64907,5
g2_1565.tif,65536,69,119,0,65348,5
g2_1568.tif,65536,117,105,0,65314,5
g2_1569.tif,65536,314,155,0,65067,5
g2_1570.tif,65536,170,167,0,65199,5
g2_1580.tif,65536,1243,362,0,63931,5
g2_1583.tif,65536,448,281,0,64807,5
g2_1585.tif,65536,405,206,0,64925,5
g2_1586.tif,65536,676,325,0,64535,5
g2_1588.tif,65536,3846,638,0,61052,5
g2_1589.tif,65536,642,256,0,64638,5
g2_1594.tif,65536,369,178,0,64989,5
g2_1595.tif,65536,186,199,0,65151,5
g2_1597.tif,65536,153,137,0,65246,5
g2_1598.tif,65536,683,342,0,64511,5
g2_1599.tif,65536,192,167,0,65177,5
g2_1600.tif,65536,157,199,0,65180,5
g2_1601.tif,65536,2048,352,0,63136,5
g2_1602.tif,65536,112,167,0,65257,5
g2_1603.tif,65536,105,130,0,65301,5
g2_1604.tif,65536,54,70,0,65412,5
g2_1605.tif,65536,1978,424,0,63134,5
g2_1614.tif,65536,410,201,0,64925,5
g2_1615.tif,65536,20,59,0,65457,5
g2_1623.tif,65536,436,279,0,64821,5
g2_1626.tif,65536,125,140,0,65271,5
g2_1629.tif,65536,582,258,0,64696,5
g2_1631.tif,65536,511,202,0,64823,5
g2_1638.tif,65536,263,151,0,65122,5
g2_1639.tif,65536,855,278,0,64403,5
g2_1641.tif,65536,46,103,0,65387,5
g2_1642.tif,65536,130,136,0,65270,5
g2_1644.tif,65536,285,236,0,65015,5
g2_1645.tif,65536,953,359,0,64224,5
g2_1646.tif,65536,41,78,0,65417,5
g2_1648.tif,65536,68,104,0,65364,5
g2_1650.tif,65536,115,140,0,65281,5
g2_1654.tif,65536,577,221,0,64738,5
g2_1656.tif,65536,91,85,0,65360,5
g2_1658.tif,65536,347,171,0,65018,5
g2_1659.tif,65536,372,190,0,64974,5
g2_1661.tif,65536,670,294,0,64572,5
g2_1662.tif,65536,192,135,0,65209,5
g2_1663.tif,65536,114,140,0,65282,5
g2_1667.tif,65536,1174,377,0,63985,5
g2_1668.tif,65536,30,70,0,65436,5
g2_1670.tif,65536,716,334,0,64486,5
g2_1672.tif,65536,537,291,0,64708,5
g2_1673.tif,65536,219,187,0,65130,5
g2_1674.tif,65536,568,262,0,64706,5
g2_1676.tif,65536,63,143,0,65330,4
g2_1678.tif,65536,1174,479,0,63883,5
g2_1680.tif,65536,61,116,0,65359,5
g2_1681.tif,65536,1249,376,0,63911,5
g2_1683.tif,65536,1729,341,0,63466,5
g2_1688.tif,65536,4733,742,0,60061,5
g2_1689.tif,65536,162,189,0,65185,5
g2_1690.tif,65536,290,242,0,65004,5
g2_1693.tif,65536,916,402,0,64218,5
g2_1695.tif,65536,856,330,0,64350,5
g2_1696.tif,65536,376,212,0,64948,5
g2_1697.tif,65536,1322,349,0,63865,5
g2_1698.tif,65536,1215,426,0,63895,5
g2_1699.tif,65536,1079,310,0,64147,5
g2_1700.tif,65536,1043,339,0,64154,5
g2_1702.tif,65536,25,107,0,65404,4
g2_1704.tif,65536,470,195,0,64871,5
g2_1706.tif,65536,1203,411,0,63922,5
g2_1707.tif,65536,183,140,0,65213,5
g2_1709.tif,65536,2281,546,0,62709,5
g2_1711.tif,65536,559,203,0,64774,5
g2_1714.tif,65536,1058,329,0,64149,5
g2_1717.tif,65536,214,196,0,65126,5
g2_1718.tif,65536,676,249,0,64611,5
g2_1722.tif,65536,404,250,0,64882,5
g2_1724.tif,65536,413,220,0,64903,5
g2_1725.tif,65536,689,272,0,64575,5
g2_1727.tif,65536,259,253,0,65024,5
g2_1729.tif,65536,571,278,0,64687,5
g2_1731.tif,65536,95,128,0,65313,5
g2_1733.tif,65536,1918,527,0,63091,5
g2_1734.tif,65536,1066,280,0,64190,5
g2_1735.tif,65536,1383,304,0,63849,5
g2_1737.tif,65536,163,163,0,65210,5
g2_1738.tif,65536,148,160,0,65228,5
g2_1739.tif,65536,922,317,0,64297,5
g2_1743.tif,65536,424,190,0,64922,5
g2_1744.tif,65536,65,95,0,65376,5
g2_1745.tif,65536,282,205,0,65049,5
g2_1746.tif,65536,1091,292,0,64153,5
g2_1749.tif,65536,209,126,0,65201,5
g2_1752.tif,65536,184,158,0,65194,5
g2_1756.tif,65536,981,290,0,64265,5
g2_1758.tif,65536,171,159,0,65206,5
g2_1759.tif,65536,129,176,0,65231,5
g2_1763.tif,65536,1679,475,0,63382,5
g2_1764.tif,65536,664,275,0,64597,5
g2_1766.tif,65536,216,228,0,65092,5
g2_1768.tif,65536,1096,412,0,64028,5
g2_1769.tif,65536,229,206,0,65101,5
g2_1771.tif,65536,903,311,0,64322,5
g2_1775.tif,65536,389,256,0,64891,5
g2_1777.tif,65536,156,144,0,65236,5
g2_1788.tif,65536,104,149,0,65283,5
g2_1790.tif,65536,1547,419,0,63570,5
g2_1791.tif,65536,166,166,0,65204,5
g2_1792.tif,65536,87,115,0,65334,5
g2_1797.tif,65536,85,136,0,65315,5
g2_1798.tif,65536,1064,335,0,64137,5
g2_1800.tif,65536,319,218,0,64999,5
g2_1801.tif,65536,381,274,0,64881,5
g2_1802.tif,65536,1016,386,0,64134,5
g2_1803.tif,65536,485,212,0,64839,5
g2_1804.tif,65536,1467,422,0,63647,5
g2_1807.tif,65536,284,174,0,65078,5
g2_1808.tif,65536,272,199,0,65065,5
g2_1809.tif,65536,610,247,0,64679,5
g2_1821.tif,65536,127,162,0,65247,5
g2_1823.tif,65536,1422,381,0,63733,5
g2_1825.tif,65536,1388,433,0,63715,5
g2_1830.tif,65536,265,202,0,65069,5
g2_1832.tif,65536,303,186,0,65047,5
g2_1833.tif,65536,341,193,0,65002,5
g2_1834.tif,65536,69,98,0,65369,5
g2_1837.tif,65536,430,175,0,64931,5
g2_1838.tif,65536,1686,506,0,63344,5
g2_1842.tif,65536,24,67,0,65445,5
g2_1843.tif,65536,1308,432,0,63796,5
g2_1844.tif,65536,142,94,0,65300,5
g2_1846.tif,65536,7,56,0,65473,3
g2_1849.tif,65536,2473,525,0,62538,5
g2_1851.tif,65536,129,123,0,65284,5
g2_1852.tif,65536,73,164,0,65299,5
g2_1856.tif,65536,21,55,0,65460,5
g2_1858.tif,65536,368,215,0,64953,5
g2_1861.tif,65536,297,209,0,65030,5
g2_1867.tif,65536,819,354,0,64363,5
g2_1872.tif,65536,754,337,0,64445,5
g2_1875.tif,65536,150,166,0,65220,5
g2_1878.tif,65536,268,201,0,65067,5
g2_1879.tif,65536,235,157,0,65144,5
g2_1881.tif,65536,234,195,0,65107,5
g2_1882.tif,65536,192,189,0,65155,5
g2_1883.tif,65536,982,328,0,64226,5
g2_1884.tif,65536,451,277,0,64808,5
g2_1885.tif,65536,115,138,0,65283,5
g2_1886.tif,65536,1849,380,0,63307,5
g2_1887.tif,65536,416,203,0,64917,5
g2_1889.tif,65536,386,251,0,64899,5
g2_1890.tif,65536,1352,335,0,63849,5
g2_1892.tif,65536,295,201,0,65040,5
g2_1894.tif,65536,159,171,0,65206,5
g2_1895.tif,65536,537,184,0,64815,5
g2_1896.tif,65536,460,214,0,64862,5
g2_1897.tif,65536,125,140,0,65271,5
g2_1898.tif,65536,1105,339,0,64092,5
g2_1899.tif,65536,252,191,0,65093,5
g2_1903.tif,65536,323,209,0,65004,5
g2_1908.tif,65536,227,203,0,65106,5
g2_1909.tif,65536,14,117,0,65405,3
g2_1910.tif,65536,94,140,0,65302,5
g2_1912.tif,65536,211,158,0,65167,5
g2_1913.tif,65536,657,418,0,64461,5
g2_1914.tif,65536,28,78,0,65430,4
g2_1917.tif,65536,531,278,0,64727,5
g2_1923.tif,65536,893,341,0,64302,5
g2_1924.tif,65536,621,270,0,64645,5
g2_1926.tif,65536,834,371,0,64331,5
g2_1928.tif,65536,132,148,0,65256,5
g2_1930.tif,65536,183,224,0,65129,5
g2_1934.tif,65536,323,161,0,65052,5
g2_1935.tif,65536,913,343,0,64280,5
g2_1936.tif,65536,38,74,0,65424,5
g2_1940.tif,65536,2040,448,0,63048,5
g2_1941.tif,65536,76,113,0,65347,5
g2_1942.tif,65536,480,231,0,64825,5
g2_1947.tif,65536,309,180,0,65047,5
g2_1948.tif,65536,237,179,0,65120,5
g2_1952.tif,65536,216,207,0,65113,5
g2_1956.tif,65536,419,273,0,64844,5
g2_1959.tif,65536,630,275,0,64631,5
g2_1960.tif,65536,257,238,0,65041,5
g2_1969.tif,65536,152,130,0,65254,5
g2_1972.tif,65536,250,203,0,65083,5
g2_1982.tif,65536,422,233,0,64881,5
g2_1984.tif,65536,1085,374,0,64077,5
g2_1988.tif,65536,532,320,0,64684,5
g2_1992.tif,65536,345,209,0,64982,5
g2_1995.tif,65536,503,254,0,64779,5
g2_1997.tif,65536,899,366,0,64271,5
g2_1998.tif,65536,249,206,0,65081,5
g2_2000.tif,65536,516,241,0,64779,5
g2_2001.tif,65536,306,214,0,65016,5
g3_0020.tif,65536,54,95,0,65387,5
g3_0040.tif,65536,80,124,0,65332,5
g3_0058.tif,65536,87,124,0,65325,5
g3_0076.tif,65536,15,56,0,65465,5
g3_0079.tif,65536,38,75,0,65423,5
g3_0081.tif,65536,180,151,0,65205,5
g3_0093.tif,65536,7,56,0,65473,4
g3_0096.tif,65536,180,148,0,65208,5
g3_0109.tif,65536,35,85,0,65416,5
g3_0116.tif,65536,57,89,0,65390,5
g3_0119.tif,65536,202,145,0,65189,5
g3_0125.tif,65536,44,96,0,65396,5
g3_0131.tif,65536,5,62,0,65469,2
g3_0141.tif,65536,38,81,0,65417,5
g3_0144.tif,65536,60,130,0,65346,5
g3_0148.tif,65536,80,122,0,65334,5
g3_0155.tif,65536,80,121,0,65335,5
g3_0157.tif,65536,162,184,0,65190,5
g3_0158.tif,65536,38,103,0,65395,5
g3_0201.tif,65536,13,58,0,65465,5
g3_0212.tif,65536,108,130,0,65298,5
g3_0221.tif,65536,35,86,0,65415,5
g3_0224.tif,65536,157,183,0,65196,5
g3_0226.tif,65536,60,112,0,65364,4
g3_0228.tif,65536,3,30,0,65503,2
g3_0230.tif,65536,112,128,0,65296,5
g3_0240.tif,65536,168,170,0,65198,5
g3_0245.tif,65536,63,115,0,65358,5
g3_0269.tif,65536,94,93,0,65349,5
g3_0271.tif,65536,11,68,0,65457,5
g3_0284.tif,65536,189,196,0,65151,5
g3_0292.tif,65536,52,94,0,65390,5
g3_0295.tif,65536,109,125,0,65302,5
g3_0301.tif,65536,275,204,0,65057,5
g3_0304.tif,65536,61,133,0,65342,5
g3_0312.tif,65536,168,142,0,65226,5
g3_0321.tif,65536,74,103,0,65359,5
g3_0323.tif,65536,44,87,0,65405,5
g3_0329.tif,65536,56,114,0,65366,4
g3_0337.tif,65536,123,136,0,65277,5
g3_0346.tif,65536,76,103,0,65357,5
g3_0360.tif,65536,28,61,0,65447,5
g3_0362.tif,65536,34,78,0,65424,5
g3_0369.tif,65536,55,96,0,65385,5
g3_0372.tif,65536,163,158,0,65215,5
g3_0380.tif,65536,3,35,0,65498,3
g3_0387.tif,65536,368,231,0,64937,5
g3_0397.tif,65536,252,161,0,65123,5
g3_0398.tif,65536,28,84,0,65424,5
g3_0403.tif,65536,46,83,0,65407,5
g3_0405.tif,65536,68,89,0,65379,5
g3_0407.tif,65536,129,134,0,65273,5
g3_0413.tif,65536,197,209,0,65130,5
g3_0417.tif,65536,14,52,0,65470,4
g3_0423.tif,65536,324,180,0,65032,5
g3_0425.tif,65536,19,60,0,65457,5
g3_0445.tif,65536,125,128,0,65283,5
g3_0452.tif,65536,34,82,0,65420,5
g3_0455.tif,65536,172,140,0,65224,5
g3_0464.tif,65536,107,139,0,65290,5
g3_0467.tif,65536,54,85,0,65397,5
g3_0473.tif,65536,8,35,0,65493,4
g3_0477.tif,65536,64,109,0,65363,5
g3_0478.tif,65536,34,103,0,65399,5
g3_0489.tif,65536,94,113,0,65329,5
g3_0492.tif,65536,17,65,0,65454,5
g3_0503.tif,65536,385,261,0,64890,5
g3_0504.tif,65536,14,140,0,65382,4
g3_0510.tif,65536,229,208,0,65099,5
g3_0511.tif,65536,168,186,0,65182,5
g3_0519.tif,65536,38,94,0,65404,5
g3_0534.tif,65536,19,54,0,65463,5
g3_0537.tif,65536,146,145,0,65245,5
g3_0544.tif,65536,28,73,0,65435,5
g3_0551.tif,65536,187,226,0,65123,5
g3_0552.tif,65536,51,74,0,65411,5
g3_0557.tif,65536,56,102,0,65378,5
g3_0558.tif,65536,60,80,0,65396,5
g3_0564.tif,65536,63,103,0,65370,5
g3_0573.tif,65536,318,227,0,64991,5
g3_0581.tif,65536,138,150,0,65248,5
g3_0582.tif,65536,51,87,0,65398,5
g3_0583.tif,65536,92,130,0,65314,5
g3_0584.tif,65536,51,86,0,65399,5
g3_0599.tif,65536,16,59,0,65461,4
g3_0604.tif,65536,78,90,0,65368,5
g3_0605.tif,65536,74,144,0,65318,5
g3_0607.tif,65536,26,85,0,65425,5
g3_0610.tif,65536,52,90,0,65394,5
g3_0614.tif,65536,72,149,0,65315,5
g3_0615.tif,65536,125,137,0,65274,5
g3_0622.tif,65536,175,174,0,65187,5
g3_0632.tif,65536,27,83,0,65426,5
g3_0641.tif,65536,334,206,0,64996,5
g3_0645.tif,65536,143,157,0,65236,5
g3_0647.tif,65536,586,312,0,64638,5
g3_0656.tif,65536,369,283,0,64884,5
g3_0658.tif,65536,105,155,0,65276,5
g3_0660.tif,65536,140,144,0,65252,5
g3_0664.tif,65536,69,102,0,65365,5
g3_0666.tif,65536,249,172,0,65115,5
g3_0672.tif,65536,123,133,0,65280,5
g3_0676.tif,65536,428,197,0,64911,5
g3_0683.tif,65536,48,103,0,65385,4
g3_0686.tif,65536,38,100,0,65398,5
g3_0688.tif,65536,32,69,0,65435,5
g3_0689.tif,65536,82,101,0,65353,5
g3_0692.tif,65536,345,225,0,64966,5
g3_0693.tif,65536,91,119,0,65326,5
g3_0697.tif,65536,20,70,0,65446,5
g3_0713.tif,65536,92,97,0,65347,5
g3_0722.tif,65536,90,111,0,65335,5
g3_0726.tif,65536,119,138,0,65279,5
g3_0735.tif,65536,74,109,0,65353,5
g3_0741.tif,65536,119,116,0,65301,5
g3_0751.tif,65536,42,101,0,65393,5
g3_0755.tif,65536,57,83,0,65396,5
g3_0761.tif,65536,34,97,0,65405,5
g3_0763.tif,65536,17,61,0,65458,5
g3_0764.tif,65536,23,59,0,65454,5
g3_0780.tif,65536,52,86,0,65398,5
g3_0781.tif,65536,165,121,0,65250,5
g3_0783.tif,65536,270,223,0,65043,5
g3_0785.tif,65536,77,114,0,65345,5
g3_0787.tif,65536,107,151,0,65278,5
g3_0794.tif,65536,291,207,0,65038,5
g3_0801.tif,65536,19,72,0,65445,5
g3_0827.tif,65536,9,46,0,65481,5
g3_0829.tif,65536,485,281,0,64770,5
g3_0836.tif,65536,110,124,0,65302,5
g3_0839.tif,65536,95,153,0,65288,5
g3_0842.tif,65536,64,90,0,65382,5
g3_0843.tif,65536,24,71,0,65441,5
g3_0852.tif,65536,106,141,0,65289,5
g3_0885.tif,65536,28,83,0,65425,5
g3_0888.tif,65536,0,27,0,65509,0
g3_0899.tif,65536,221,148,0,65167,5
g3_0908.tif,65536,23,71,0,65442,4
g3_0911.tif,65536,160,134,0,65242,5
g3_0923.tif,65536,76,124,0,65336,5
g3_0926.tif,65536,49,101,0,65386,5
g3_0930.tif,65536,577,296,0,64663,5
g3_0952.tif,65536,16,55,0,65465,4
g3_0955.tif,65536,140,131,0,65265,5
g3_0960.tif,65536,144,125,0,65267,5
g3_0975.tif,65536,72,130,0,65334,5
g3_0986.tif,65536,36,78,0,65422,5
g3_0989.tif,65536,37,78,0,65421,5
g3_0993.tif,65536,42,89,0,65405,4
g3_1003.tif,65536,64,89,0,65383,5
g3_1008.tif,65536,46,89,0,65401,5
g3_1014.tif,65536,53,93,0,65390,5
g3_1019.tif,65536,16,77,0,65443,5
g3_1028.tif,65536,22,84,0,65430,5
g3_1029.tif,65536,64,135,0,65337,5
g3_1037.tif,65536,86,122,0,65328,5
g3_1039.tif,65536,87,127,0,65322,5
g3_1042.tif,65536,37,81,0,65418,5
g3_1045.tif,65536,8,56,0,65472,3
g3_1055.tif,65536,63,123,0,65350,5
g3_1069.tif,65536,67,101,0,65368,5
g3_1089.tif,65536,44,83,0,65409,5
g3_1098.tif,65536,2,32,0,65502,2
g3_1113.tif,65536,37,79,0,65420,5
g3_1114.tif,65536,199,162,0,65175,5
g3_1117.tif,65536,43,107,0,65386,5
g3_1123.tif,65536,102,154,0,65280,5
g3_1126.tif,65536,395,214,0,64927,5
g3_1129.tif,65536,40,133,0,65363,5
g3_1132.tif,65536,89,130,0,65317,5
g3_1134.tif,65536,289,150,0,65097,5
g3_1142.tif,65536,77,103,0,65356,5
g3_1156.tif,65536,139,177,0,65220,5
g3_1160.tif,65536,146,156,0,65234,5
g3_1174.tif,65536,6,33,0,65497,5
g3_1183.tif,65536,336,242,0,64958,5
g3_1187.tif,65536,55,110,0,65371,5
g3_1193.tif,65536,19,61,0,65456,5
g3_1195.tif,65536,20,66,0,65450,5
g3_1223.tif,65536,132,155,0,65249,5
g3_1224.tif,65536,17,55,0,65464,5
g3_1225.tif,65536,62,126,0,65348,5
g3_1228.tif,65536,71,113,0,65352,5
g3_1229.tif,65536,15,61,0,65460,4
g3_1247.tif,65536,38,99,0,65399,5
g3_1251.tif,65536,189,186,0,65161,5
g3_1256.tif,65536,117,124,0,65295,5
g3_1288.tif,65536,230,174,0,65132,5
g3_1295.tif,65536,211,165,0,65160,5
g3_1301.tif,65536,76,130,0,65330,5
g3_1313.tif,65536,63,133,0,65340,5
g3_1318.tif,65536,37,87,0,65412,5
g3_1347.tif,65536,102,135,0,65299,5
g3_1351.tif,65536,46,84,0,65406,5
g3_1360.tif,65536,43,100,0,65393,5
g3_1369.tif,65536,425,288,0,64823,5
g3_1415.tif,65536,49,98,0,65389,5
g3_1426.tif,65536,235,182,0,65119,5
g3_1437.tif,65536,100,108,0,65328,5
g3_1440.tif,65536,179,173,0,65184,5
g3_1444.tif,65536,41,103,0,65392,5
g3_1450.tif,65536,151,159,0,65226,5
g3_1452.tif,65536,112,155,0,65269,5
g3_1461.tif,65536,92,122,0,65322,5
g3_1476.tif,65536,64,107,0,65365,5
g3_1481.tif,65536,100,105,0,65331,5
g3_1485.tif,65536,18,67,0,65451,5
g3_1487.tif,65536,52,113,0,65371,5
g3_1510.tif,65536,142,169,0,65225,5
g3_1512.tif,65536,62,111,0,65363,5
g3_1515.tif,65536,248,143,0,65145,5
g3_1519.tif,65536,93,118,0,65325,5
g3_1553.tif,65536,122,149,0,65265,5
g3_1555.tif,65536,12,49,0,65475,4
g3_1563.tif,65536,156,173,0,65207,5
g3_1566.tif,65536,121,119,0,65296,5
g3_1567.tif,65536,94,106,0,65336,5
g3_1576.tif,65536,193,155,0,65188,5
g3_1581.tif,65536,128,124,0,65284,5
g3_1591.tif,65536,88,129,0,65319,5
g3_1606.tif,65536,12,55,0,65469,5
g3_1617.tif,65536,29,74,0,65433,5
g3_1618.tif,65536,44,99,0,65393,5
g3_1619.tif,65536,35,102,0,65399,5
g3_1624.tif,65536,75,117,0,65344,5
g3_1632.tif,65536,168,165,0,65203,5
g3_1633.tif,65536,219,162,0,65155,5
g3_1652.tif,65536,143,119,0,65274,5
g3_1660.tif,65536,55,99,0,65382,5
g3_1664.tif,65536,60,86,0,65390,5
g3_1666.tif,65536,142,136,0,65258,5
g3_1679.tif,65536,46,96,0,65394,5
g3_1682.tif,65536,86,152,0,65298,5
g3_1685.tif,65536,92,113,0,65331,5
g3_1686.tif,65536,116,101,0,65319,5
g3_1694.tif,65536,232,186,0,65118,5
g3_1705.tif,65536,219,188,0,65129,5
g3_1715.tif,65536,84,114,0,65338,5
g3_1719.tif,65536,385,210,0,64941,5
g3_1720.tif,65536,62,99,0,65375,5
g3_1728.tif,65536,51,78,0,65407,5
g3_1748.tif,65536,136,101,0,65299,5
g3_1755.tif,65536,171,198,0,65167,5
g3_1761.tif,65536,384,235,0,64917,5
g3_1765.tif,65536,20,78,0,65438,5
g3_1770.tif,65536,85,98,0,65353,5
g3_1780.tif,65536,61,90,0,65385,5
g3_1781.tif,65536,18,73,0,65445,5
g3_1782.tif,65536,104,149,0,65283,5
g3_1785.tif,65536,85,120,0,65331,5
g3_1793.tif,65536,28,80,0,65428,5
g3_1795.tif,65536,83,113,0,65340,5
g3_1810.tif,65536,153,138,0,65245,5
g3_1813.tif,65536,85,132,0,65319,5
g3_1816.tif,65536,28,92,0,65416,5
g3_1824.tif,65536,41,98,0,65397,5
g3_1826.tif,65536,89,150,0,65297,5
g3_1836.tif,65536,36,57,0,65443,5
g3_1841.tif,65536,43,94,0,65399,5
g3_1847.tif,65536,177,225,0,65134,5
g3_1848.tif,65536,25,72,0,65439,4
g3_1853.tif,65536,171,151,0,65214,5
g3_1854.tif,65536,48,97,0,65391,5
g3_1855.tif,65536,69,102,0,65365,5
g3_1868.tif,65536,95,100,0,65341,5
g3_1877.tif,65536,20,76,0,65440,5
g3_1902.tif,65536,122,136,0,65278,5
g3_1904.tif,65536,132,155,0,65249,5
g3_1911.tif,65536,88,111,0,65337,5
g3_1925.tif,65536,17,65,0,65454,4
g3_1931.tif,65536,19,69,0,65448,3
g3_1933.tif,65536,161,177,0,65198,5
g3_1944.tif,65536,82,112,0,65342,5
g3_1950.tif,65536,52,98,0,65386,5
g3_1955.tif,65536,30,76,0,65430,5
g3_1958.tif,65536,45,88,0,65403,5
g3_1964.tif,65536,167,171,0,65198,5
g3_1965.tif,65536,107,179,0,65250,5
g3_1973.tif,65536,130,142,0,65264,5
g3_1978.tif,65536,29,79,0,65428,5
g3_1981.tif,65536,127,154,0,65255,5
g3_1994.tif,65536,37,86,0,65413,5
g3_2002.tif,65536,193,153,0,65190,5
