parcel_id,objects_over,best_iou,chip
150,2,0.125,g0_0030.tif
151,1,0.3177,g0_0030.tif
152,0,0.0,g0_0030.tif
153,0,0.0,g0_0030.tif
154,0,0.0,g0_0030.tif
365,1,0.4,g0_0073.tif
366,1,0.1053,g0_0073.tif
367,2,0.1034,g0_0073.tif
368,1,0.2556,g0_0073.tif
369,1,0.3359,g0_0073.tif
455,0,0.0,g0_0091.tif
456,0,0.0,g0_0091.tif
457,0,0.0,g0_0091.tif
458,0,0.0,g0_0091.tif
459,0,0.0,g0_0091.tif
701,3,0.025,g0_0140.tif
702,5,0.029,g0_0140.tif
703,2,0.1934,g0_0140.tif
704,1,0.4772,g0_0140.tif
705,1,0.5041,g0_0140.tif
796,1,0.1273,g0_0159.tif
797,0,0.0,g0_0159.tif
798,0,0.0,g0_0159.tif
799,0,0.0,g0_0159.tif
800,2,0.2486,g0_0159.tif
971,1,0.6636,g0_0194.tif
972,2,0.3721,g0_0194.tif
973,1,0.4473,g0_0194.tif
974,1,0.199,g0_0194.tif
975,1,0.0889,g0_0194.tif
1031,0,0.0,g0_0206.tif
1032,0,0.0,g0_0206.tif
1033,0,0.0,g0_0206.tif
1034,0,0.0,g0_0206.tif
1035,0,0.0,g0_0206.tif
1291,0,0.0,g0_0258.tif
1292,0,0.0,g0_0258.tif
1293,0,0.0,g0_0258.tif
1294,0,0.0,g0_0258.tif
1295,0,0.0,g0_0258.tif
1296,1,0.3045,g0_0259.tif
1297,2,0.1957,g0_0259.tif
1298,6,0.0373,g0_0259.tif
1299,4,0.0485,g0_0259.tif
1300,2,0.7297,g0_0259.tif
2131,1,0.0625,g0_0426.tif
2132,0,0.0,g0_0426.tif
2133,0,0.0,g0_0426.tif
2134,1,0.0556,g0_0426.tif
2135,1,0.0364,g0_0426.tif
2246,0,0.0,g0_0449.tif
2247,0,0.0,g0_0449.tif
2248,0,0.0,g0_0449.tif
2249,0,0.0,g0_0449.tif
2250,1,0.0833,g0_0449.tif
2381,1,0.0159,g0_0476.tif
2382,0,0.0,g0_0476.tif
2383,0,0.0,g0_0476.tif
2384,0,0.0,g0_0476.tif
2385,0,0.0,g0_0476.tif
2581,0,0.0,g0_0516.tif
2582,0,0.0,g0_0516.tif
2583,0,0.0,g0_0516.tif
2584,0,0.0,g0_0516.tif
2585,0,0.0,g0_0516.tif
2831,0,0.0,g0_0566.tif
2832,0,0.0,g0_0566.tif
2833,0,0.0,g0_0566.tif
2834,0,0.0,g0_0566.tif
2835,0,0.0,g0_0566.tif
2931,0,0.0,g0_0586.tif
2932,2,0.1842,g0_0586.tif
2933,3,0.1783,g0_0586.tif
2934,1,0.0164,g0_0586.tif
2935,2,0.2372,g0_0586.tif
2951,1,0.0362,g0_0590.tif
2952,0,0.0,g0_0590.tif
2953,3,0.0319,g0_0590.tif
2954,3,0.0382,g0_0590.tif
2955,6,0.0203,g0_0590.tif
3142,0,0.0,g0_0628.tif
3143,0,0.0,g0_0628.tif
3144,0,0.0,g0_0628.tif
3145,0,0.0,g0_0628.tif
3146,0,0.0,g0_0628.tif
3147,0,0.0,g0_0629.tif
3148,0,0.0,g0_0629.tif
3149,0,0.0,g0_0629.tif
3150,0,0.0,g0_0629.tif
3151,0,0.0,g0_0629.tif
3167,0,0.0,g0_0633.tif
3168,0,0.0,g0_0633.tif
3169,0,0.0,g0_0633.tif
3170,1,0.0069,g0_0633.tif
3171,1,0.0222,g0_0633.tif
3252,0,0.0,g0_0650.tif
3253,0,0.0,g0_0650.tif
3254,0,0.0,g0_0650.tif
3255,0,0.0,g0_0650.tif
3256,0,0.0,g0_0650.tif
3482,0,0.0,g0_0696.tif
3483,0,0.0,g0_0696.tif
3484,0,0.0,g0_0696.tif
3485,0,0.0,g0_0696.tif
3486,0,0.0,g0_0696.tif
3527,0,0.0,g0_0705.tif
3528,0,0.0,g0_0705.tif
3529,0,0.0,g0_0705.tif
3530,0,0.0,g0_0705.tif
3531,0,0.0,g0_0705.tif
3552,0,0.0,g0_0710.tif
3553,0,0.0,g0_0710.tif
3554,0,0.0,g0_0710.tif
3555,0,0.0,g0_0710.tif
3556,0,0.0,g0_0710.tif
3622,1,0.1707,g0_0724.tif
3623,1,0.2957,g0_0724.tif
3624,1,0.1205,g0_0724.tif
3625,1,0.2845,g0_0724.tif
3626,1,0.0093,g0_0724.tif
3687,1,0.2963,g0_0737.tif
3688,1,0.3864,g0_0737.tif
3689,1,0.2597,g0_0737.tif
3690,2,0.3178,g0_0737.tif
3691,3,0.1697,g0_0737.tif
3867,2,0.2219,g0_0773.tif
3868,5,0.0554,g0_0773.tif
3869,1,0.5048,g0_0773.tif
3870,2,0.1173,g0_0773.tif
3871,1,0.566,g0_0773.tif
3957,0,0.0,g0_0792.tif
3958,0,0.0,g0_0792.tif
3959,0,0.0,g0_0792.tif
3960,0,0.0,g0_0792.tif
3961,1,0.0217,g0_0792.tif
4012,1,0.26,g0_0803.tif
4013,1,0.2115,g0_0803.tif
4014,1,0.2609,g0_0803.tif
4015,1,0.2712,g0_0803.tif
4016,1,0.1053,g0_0803.tif
4032,0,0.0,g0_0807.tif
4033,0,0.0,g0_0807.tif
4034,0,0.0,g0_0807.tif
4035,0,0.0,g0_0807.tif
4036,0,0.0,g0_0807.tif
4037,2,0.0056,g0_0808.tif
4038,1,0.03,g0_0808.tif
4039,1,0.0375,g0_0808.tif
4040,1,0.041,g0_0808.tif
4041,1,0.3594,g0_0808.tif
4392,0,0.0,g0_0879.tif
4393,1,0.4529,g0_0879.tif
4394,1,0.0236,g0_0879.tif
4395,0,0.0,g0_0879.tif
4396,3,0.2353,g0_0879.tif
4712,1,0.3265,g0_0943.tif
4713,1,0.2609,g0_0943.tif
4714,1,0.3264,g0_0943.tif
4715,3,0.0544,g0_0943.tif
4716,1,0.2396,g0_0943.tif
4782,2,0.0312,g0_0957.tif
4783,1,0.0444,g0_0957.tif
4784,2,0.0874,g0_0957.tif
4785,2,0.0891,g0_0957.tif
4786,0,0.0,g0_0957.tif
4892,3,0.0286,g0_0979.tif
4893,2,0.113,g0_0979.tif
4894,1,0.2177,g0_0979.tif
4895,2,0.162,g0_0979.tif
4896,1,0.2985,g0_0979.tif
5022,1,0.274,g0_1005.tif
5023,2,0.1891,g0_1005.tif
5024,3,0.0447,g0_1005.tif
5025,3,0.0667,g0_1005.tif
5026,4,0.0703,g0_1005.tif
5897,0,0.0,g0_1180.tif
5898,1,0.1288,g0_1180.tif
5899,0,0.0,g0_1180.tif
5900,1,0.0012,g0_1180.tif
5901,4,0.1274,g0_1180.tif
6047,3,0.0114,g0_1210.tif
6048,0,0.0,g0_1210.tif
6049,0,0.0,g0_1210.tif
6050,0,0.0,g0_1210.tif
6051,1,0.0175,g0_1210.tif
6167,0,0.0,g0_1234.tif
6168,0,0.0,g0_1234.tif
6169,0,0.0,g0_1234.tif
6170,0,0.0,g0_1234.tif
6171,2,0.0262,g0_1234.tif
6212,0,0.0,g0_1243.tif
6213,3,0.1111,g0_1243.tif
6214,0,0.0,g0_1243.tif
6215,2,0.0128,g0_1243.tif
6216,0,0.0,g0_1243.tif
6222,0,0.0,g0_1245.tif
6223,0,0.0,g0_1245.tif
6224,0,0.0,g0_1245.tif
6225,0,0.0,g0_1245.tif
6226,0,0.0,g0_1245.tif
6312,1,0.1172,g0_1263.tif
6313,2,0.4809,g0_1263.tif
6314,1,0.2193,g0_1263.tif
6315,4,0.2383,g0_1263.tif
6316,1,0.5837,g0_1263.tif
6577,0,0.0,g0_1316.tif
6578,0,0.0,g0_1316.tif
6579,0,0.0,g0_1316.tif
6580,0,0.0,g0_1316.tif
6581,0,0.0,g0_1316.tif
6712,2,0.2527,g0_1343.tif
6713,2,0.311,g0_1343.tif
6714,4,0.0529,g0_1343.tif
6715,2,0.3485,g0_1343.tif
6716,3,0.59,g0_1343.tif
6832,0,0.0,g0_1367.tif
6833,0,0.0,g0_1367.tif
6834,0,0.0,g0_1367.tif
6835,0,0.0,g0_1367.tif
6836,1,0.0976,g0_1367.tif
6993,1,0.0091,g0_1399.tif
6994,1,0.2831,g0_1399.tif
6995,4,0.028,g0_1399.tif
6996,1,0.0156,g0_1399.tif
6997,1,0.0096,g0_1399.tif
7008,2,0.0621,g0_1402.tif
7009,1,0.3636,g0_1402.tif
7010,1,0.1513,g0_1402.tif
7011,1,0.0472,g0_1402.tif
7012,1,0.6419,g0_1402.tif
7298,1,0.4532,g0_1460.tif
7299,1,0.1491,g0_1460.tif
7300,2,0.4407,g0_1460.tif
7301,2,0.0495,g0_1460.tif
7302,1,0.3407,g0_1460.tif
7443,1,0.1954,g0_1489.tif
7444,1,0.2708,g0_1489.tif
7445,1,0.5253,g0_1489.tif
7446,1,0.6,g0_1489.tif
7447,1,0.6685,g0_1489.tif
7468,1,0.0308,g0_1494.tif
7469,0,0.0,g0_1494.tif
7470,1,0.1978,g0_1494.tif
7471,0,0.0,g0_1494.tif
7472,3,0.0131,g0_1494.tif
7518,0,0.0,g0_1504.tif
7519,0,0.0,g0_1504.tif
7520,0,0.0,g0_1504.tif
7521,0,0.0,g0_1504.tif
7522,0,0.0,g0_1504.tif
7533,1,0.0738,g0_1507.tif
7534,1,0.2054,g0_1507.tif
7535,1,0.1825,g0_1507.tif
7536,1,0.0565,g0_1507.tif
7537,1,0.2373,g0_1507.tif
7693,0,0.0,g0_1539.tif
7694,0,0.0,g0_1539.tif
7695,0,0.0,g0_1539.tif
7696,4,0.0086,g0_1539.tif
7697,0,0.0,g0_1539.tif
7748,0,0.0,g0_1550.tif
7749,1,0.0606,g0_1550.tif
7750,2,0.15,g0_1550.tif
7751,0,0.0,g0_1550.tif
7752,1,0.5147,g0_1550.tif
8033,3,0.3034,g0_1607.tif
8034,2,0.4667,g0_1607.tif
8035,1,0.5552,g0_1607.tif
8036,2,0.6163,g0_1607.tif
8037,1,0.5912,g0_1607.tif
8173,1,0.0062,g0_1635.tif
8174,0,0.0,g0_1635.tif
8175,1,0.0087,g0_1635.tif
8176,0,0.0,g0_1635.tif
8177,1,0.0247,g0_1635.tif
8253,2,0.3526,g0_1651.tif
8254,3,0.082,g0_1651.tif
8255,4,0.2898,g0_1651.tif
8256,1,0.2645,g0_1651.tif
8257,1,0.3499,g0_1651.tif
8433,0,0.0,g0_1687.tif
8434,0,0.0,g0_1687.tif
8435,3,0.0192,g0_1687.tif
8436,1,0.098,g0_1687.tif
8437,0,0.0,g0_1687.tif
8603,0,0.0,g0_1721.tif
8604,0,0.0,g0_1721.tif
8605,0,0.0,g0_1721.tif
8606,0,0.0,g0_1721.tif
8607,0,0.0,g0_1721.tif
8808,1,0.0084,g0_1762.tif
8809,0,0.0,g0_1762.tif
8810,0,0.0,g0_1762.tif
8811,0,0.0,g0_1762.tif
8812,0,0.0,g0_1762.tif
8878,0,0.0,g0_1776.tif
8879,0,0.0,g0_1776.tif
8880,0,0.0,g0_1776.tif
8881,0,0.0,g0_1776.tif
8882,0,0.0,g0_1776.tif
8968,0,0.0,g0_1794.tif
8969,0,0.0,g0_1794.tif
8970,1,0.0106,g0_1794.tif
8971,0,0.0,g0_1794.tif
8972,0,0.0,g0_1794.tif
9028,1,0.0787,g0_1806.tif
9029,2,0.1531,g0_1806.tif
9030,3,0.1587,g0_1806.tif
9031,2,0.2632,g0_1806.tif
9032,2,0.425,g0_1806.tif
9098,0,0.0,g0_1820.tif
9099,0,0.0,g0_1820.tif
9100,0,0.0,g0_1820.tif
9101,0,0.0,g0_1820.tif
9102,0,0.0,g0_1820.tif
9108,0,0.0,g0_1822.tif
9109,0,0.0,g0_1822.tif
9110,0,0.0,g0_1822.tif
9111,0,0.0,g0_1822.tif
9112,0,0.0,g0_1822.tif
9193,0,0.0,g0_1839.tif
9194,2,0.071,g0_1839.tif
9195,1,0.358,g0_1839.tif
9196,1,0.0319,g0_1839.tif
9197,3,0.0487,g0_1839.tif
9223,0,0.0,g0_1845.tif
9224,0,0.0,g0_1845.tif
9225,0,0.0,g0_1845.tif
9226,0,0.0,g0_1845.tif
9227,1,0.0598,g0_1845.tif
9248,0,0.0,g0_1850.tif
9249,0,0.0,g0_1850.tif
9250,0,0.0,g0_1850.tif
9251,0,0.0,g0_1850.tif
9252,0,0.0,g0_1850.tif
9343,2,0.1513,g0_1869.tif
9344,2,0.1564,g0_1869.tif
9345,1,0.152,g0_1869.tif
9346,2,0.1273,g0_1869.tif
9347,2,0.1932,g0_1869.tif
9503,0,0.0,g0_1901.tif
9504,0,0.0,g0_1901.tif
9505,1,0.0073,g0_1901.tif
9506,1,0.0308,g0_1901.tif
9507,0,0.0,g0_1901.tif
9608,1,0.25,g0_1922.tif
9609,1,0.0329,g0_1922.tif
9610,0,0.0,g0_1922.tif
9611,1,0.019,g0_1922.tif
9612,0,0.0,g0_1922.tif
9688,0,0.0,g0_1938.tif
9689,1,0.09,g0_1938.tif
9690,2,0.0657,g0_1938.tif
9691,1,0.0115,g0_1938.tif
9692,0,0.0,g0_1938.tif
9753,0,0.0,g0_1951.tif
9754,1,0.3103,g0_1951.tif
9755,1,0.25,g0_1951.tif
9756,0,0.0,g0_1951.tif
9757,1,0.0698,g0_1951.tif
9923,1,0.0366,g0_1985.tif
9924,2,0.0048,g0_1985.tif
9925,0,0.0,g0_1985.tif
9926,0,0.0,g0_1985.tif
9927,0,0.0,g0_1985.tif
1276,0,0.0,g1_0255.tif
1277,0,0.0,g1_0255.tif
1278,0,0.0,g1_0255.tif
1279,0,0.0,g1_0255.tif
1280,0,0.0,g1_0255.tif
1317,0,0.0,g1_0263.tif
1318,0,0.0,g1_0263.tif
1319,0,0.0,g1_0263.tif
1320,0,0.0,g1_0263.tif
1321,0,0.0,g1_0264.tif
1322,0,0.0,g1_0264.tif
1323,0,0.0,g1_0264.tif
1324,0,0.0,g1_0264.tif
1325,0,0.0,g1_0264.tif
2371,0,0.0,g1_0474.tif
2372,0,0.0,g1_0474.tif
2373,0,0.0,g1_0474.tif
2374,0,0.0,g1_0474.tif
2375,0,0.0,g1_0474.tif
2411,1,0.037,g1_0482.tif
2412,1,0.0769,g1_0482.tif
2413,0,0.0,g1_0482.tif
2414,0,0.0,g1_0482.tif
2415,0,0.0,g1_0482.tif
2651,0,0.0,g1_0530.tif
2652,0,0.0,g1_0530.tif
2653,0,0.0,g1_0530.tif
2654,0,0.0,g1_0530.tif
2655,0,0.0,g1_0530.tif
2946,0,0.0,g1_0589.tif
2947,0,0.0,g1_0589.tif
2948,0,0.0,g1_0589.tif
2949,0,0.0,g1_0589.tif
2950,0,0.0,g1_0589.tif
3652,0,0.0,g1_0730.tif
3653,0,0.0,g1_0730.tif
3654,0,0.0,g1_0730.tif
3655,0,0.0,g1_0730.tif
3656,0,0.0,g1_0730.tif
3877,0,0.0,g1_0775.tif
3878,0,0.0,g1_0775.tif
3879,0,0.0,g1_0775.tif
3880,0,0.0,g1_0775.tif
3881,0,0.0,g1_0775.tif
4082,0,0.0,g1_0817.tif
4083,0,0.0,g1_0817.tif
4084,0,0.0,g1_0817.tif
4085,0,0.0,g1_0817.tif
4086,0,0.0,g1_0817.tif
4447,0,0.0,g1_0890.tif
4448,0,0.0,g1_0890.tif
4449,0,0.0,g1_0890.tif
4450,0,0.0,g1_0890.tif
4451,0,0.0,g1_0890.tif
5057,0,0.0,g1_1012.tif
5058,1,0.175,g1_1012.tif
5059,0,0.0,g1_1012.tif
5060,0,0.0,g1_1012.tif
5061,0,0.0,g1_1012.tif
5357,0,0.0,g1_1072.tif
5358,0,0.0,g1_1072.tif
5359,0,0.0,g1_1072.tif
5360,0,0.0,g1_1072.tif
5361,0,0.0,g1_1072.tif
5677,0,0.0,g1_1136.tif
5678,0,0.0,g1_1136.tif
5679,0,0.0,g1_1136.tif
5680,0,0.0,g1_1136.tif
5681,0,0.0,g1_1136.tif
5952,0,0.0,g1_1191.tif
5953,0,0.0,g1_1191.tif
5954,0,0.0,g1_1191.tif
5955,0,0.0,g1_1191.tif
5956,0,0.0,g1_1191.tif
6237,0,0.0,g1_1248.tif
6238,0,0.0,g1_1248.tif
6239,0,0.0,g1_1248.tif
6240,0,0.0,g1_1248.tif
6241,0,0.0,g1_1248.tif
7648,0,0.0,g1_1530.tif
7649,0,0.0,g1_1530.tif
7650,0,0.0,g1_1530.tif
7651,0,0.0,g1_1530.tif
7652,0,0.0,g1_1530.tif
7778,0,0.0,g1_1556.tif
7779,0,0.0,g1_1556.tif
7780,0,0.0,g1_1556.tif
7781,0,0.0,g1_1556.tif
7782,0,0.0,g1_1556.tif
7888,0,0.0,g1_1578.tif
7889,0,0.0,g1_1578.tif
7890,0,0.0,g1_1578.tif
7891,0,0.0,g1_1578.tif
7892,0,0.0,g1_1578.tif
8513,0,0.0,g1_1703.tif
8514,0,0.0,g1_1703.tif
8515,0,0.0,g1_1703.tif
8516,0,0.0,g1_1703.tif
8517,0,0.0,g1_1703.tif
8733,0,0.0,g1_1747.tif
8734,0,0.0,g1_1747.tif
8735,0,0.0,g1_1747.tif
8736,0,0.0,g1_1747.tif
8737,0,0.0,g1_1747.tif
9138,0,0.0,g1_1828.tif
9139,0,0.0,g1_1828.tif
9140,0,0.0,g1_1828.tif
9141,0,0.0,g1_1828.tif
9142,0,0.0,g1_1828.tif
9368,0,0.0,g1_1874.tif
9369,0,0.0,g1_1874.tif
9370,0,0.0,g1_1874.tif
9371,0,0.0,g1_1874.tif
9372,0,0.0,g1_1874.tif
9398,0,0.0,g1_1880.tif
9399,0,0.0,g1_1880.tif
9400,0,0.0,g1_1880.tif
9401,0,0.0,g1_1880.tif
9402,0,0.0,g1_1880.tif
9633,0,0.0,g1_1927.tif
9634,0,0.0,g1_1927.tif
9635,0,0.0,g1_1927.tif
9636,0,0.0,g1_1927.tif
9637,0,0.0,g1_1927.tif
9658,0,0.0,g1_1932.tif
9659,0,0.0,g1_1932.tif
9660,0,0.0,g1_1932.tif
9661,0,0.0,g1_1932.tif
9662,0,0.0,g1_1932.tif
9728,0,0.0,g1_1946.tif
9729,0,0.0,g1_1946.tif
9730,0,0.0,g1_1946.tif
9731,0,0.0,g1_1946.tif
9732,0,0.0,g1_1946.tif
9808,0,0.0,g1_1962.tif
9809,0,0.0,g1_1962.tif
9810,0,0.0,g1_1962.tif
9811,0,0.0,g1_1962.tif
9812,0,0.0,g1_1962.tif
9873,0,0.0,g1_1975.tif
9874,0,0.0,g1_1975.tif
9875,0,0.0,g1_1975.tif
9876,0,0.0,g1_1975.tif
9877,1,0.0175,g1_1975.tif
1,0,0.0,g2_0000.tif
2,0,0.0,g2_0000.tif
3,0,0.0,g2_0000.tif
4,0,0.0,g2_0000.tif
10,0,0.0,g2_0002.tif
11,0,0.0,g2_0002.tif
12,0,0.0,g2_0002.tif
13,0,0.0,g2_0002.tif
14,1,0.6364,g2_0002.tif
30,0,0.0,g2_0006.tif
31,0,0.0,g2_0006.tif
32,0,0.0,g2_0006.tif
33,0,0.0,g2_0006.tif
34,0,0.0,g2_0006.tif
35,1,0.0056,g2_0007.tif
36,0,0.0,g2_0007.tif
37,0,0.0,g2_0007.tif
38,0,0.0,g2_0007.tif
39,0,0.0,g2_0007.tif
50,0,0.0,g2_0010.tif
51,0,0.0,g2_0010.tif
52,0,0.0,g2_0010.tif
53,0,0.0,g2_0010.tif
54,0,0.0,g2_0010.tif
55,1,0.0044,g2_0011.tif
56,0,0.0,g2_0011.tif
57,0,0.0,g2_0011.tif
58,1,0.0117,g2_0011.tif
59,4,0.0339,g2_0011.tif
65,0,0.0,g2_0013.tif
66,0,0.0,g2_0013.tif
67,0,0.0,g2_0013.tif
68,2,0.067,g2_0013.tif
69,1,0.0423,g2_0013.tif
85,1,0.3111,g2_0017.tif
86,1,0.5797,g2_0017.tif
87,1,0.4878,g2_0017.tif
88,4,0.2579,g2_0017.tif
89,1,0.4557,g2_0017.tif
90,0,0.0,g2_0018.tif
91,0,0.0,g2_0018.tif
92,0,0.0,g2_0018.tif
93,0,0.0,g2_0018.tif
94,0,0.0,g2_0018.tif
110,0,0.0,g2_0022.tif
111,0,0.0,g2_0022.tif
112,0,0.0,g2_0022.tif
113,0,0.0,g2_0022.tif
114,0,0.0,g2_0022.tif
300,1,0.537,g2_0060.tif
301,1,0.5952,g2_0060.tif
302,1,0.5924,g2_0060.tif
303,2,0.2833,g2_0060.tif
304,1,0.5831,g2_0060.tif
310,0,0.0,g2_0062.tif
311,0,0.0,g2_0062.tif
312,1,0.0156,g2_0062.tif
313,0,0.0,g2_0062.tif
314,1,0.0227,g2_0062.tif
325,0,0.0,g2_0065.tif
326,0,0.0,g2_0065.tif
327,0,0.0,g2_0065.tif
328,0,0.0,g2_0065.tif
329,0,0.0,g2_0065.tif
355,0,0.0,g2_0071.tif
356,0,0.0,g2_0071.tif
357,0,0.0,g2_0071.tif
358,0,0.0,g2_0071.tif
359,0,0.0,g2_0071.tif
360,1,0.6895,g2_0072.tif
361,1,0.6588,g2_0072.tif
362,1,0.6097,g2_0072.tif
363,1,0.5903,g2_0072.tif
364,1,0.664,g2_0072.tif
375,0,0.0,g2_0075.tif
376,0,0.0,g2_0075.tif
377,1,0.0053,g2_0075.tif
378,0,0.0,g2_0075.tif
379,1,0.0114,g2_0075.tif
385,2,0.2821,g2_0077.tif
386,2,0.2,g2_0077.tif
387,1,0.6,g2_0077.tif
388,3,0.2464,g2_0077.tif
389,1,0.4847,g2_0077.tif
490,1,0.1922,g2_0098.tif
491,3,0.1743,g2_0098.tif
492,2,0.3005,g2_0098.tif
493,2,0.297,g2_0098.tif
494,2,0.0142,g2_0098.tif
505,2,0.0889,g2_0101.tif
506,3,0.0485,g2_0101.tif
507,2,0.0315,g2_0101.tif
508,5,0.0499,g2_0101.tif
509,2,0.1633,g2_0101.tif
525,1,0.0536,g2_0105.tif
526,1,0.225,g2_0105.tif
527,1,0.4118,g2_0105.tif
528,0,0.0,g2_0105.tif
529,1,0.3816,g2_0105.tif
560,0,0.0,g2_0112.tif
561,0,0.0,g2_0112.tif
562,0,0.0,g2_0112.tif
563,0,0.0,g2_0112.tif
564,0,0.0,g2_0112.tif
575,4,0.0932,g2_0115.tif
576,4,0.2015,g2_0115.tif
578,5,0.1149,g2_0115.tif
579,4,0.083,g2_0115.tif
671,1,0.2665,g2_0134.tif
672,2,0.1543,g2_0134.tif
673,2,0.0073,g2_0134.tif
674,1,0.4293,g2_0134.tif
675,1,0.4516,g2_0134.tif
676,2,0.1745,g2_0135.tif
677,2,0.314,g2_0135.tif
678,3,0.2182,g2_0135.tif
679,2,0.0864,g2_0135.tif
680,2,0.1161,g2_0135.tif
686,0,0.0,g2_0137.tif
687,1,0.0526,g2_0137.tif
688,5,0.0239,g2_0137.tif
689,0,0.0,g2_0137.tif
690,2,0.09,g2_0137.tif
696,0,0.0,g2_0139.tif
697,2,0.0345,g2_0139.tif
698,0,0.0,g2_0139.tif
699,2,0.0592,g2_0139.tif
700,2,0.303,g2_0139.tif
716,1,0.0024,g2_0143.tif
717,2,0.0026,g2_0143.tif
718,6,0.0134,g2_0143.tif
719,3,0.0035,g2_0143.tif
720,0,0.0,g2_0143.tif
746,2,0.1497,g2_0149.tif
747,4,0.3654,g2_0149.tif
748,4,0.2813,g2_0149.tif
749,1,0.7774,g2_0149.tif
750,1,0.6936,g2_0149.tif
826,1,0.2519,g2_0165.tif
827,1,0.2969,g2_0165.tif
828,1,0.4307,g2_0165.tif
829,1,0.38,g2_0165.tif
830,1,0.4318,g2_0165.tif
831,2,0.0103,g2_0166.tif
832,0,0.0,g2_0166.tif
833,0,0.0,g2_0166.tif
834,0,0.0,g2_0166.tif
835,0,0.0,g2_0166.tif
936,2,0.2907,g2_0187.tif
937,1,0.2381,g2_0187.tif
938,2,0.1145,g2_0187.tif
939,1,0.2722,g2_0187.tif
940,1,0.4355,g2_0187.tif
1026,0,0.0,g2_0205.tif
1027,0,0.0,g2_0205.tif
1028,0,0.0,g2_0205.tif
1029,0,0.0,g2_0205.tif
1030,1,0.0131,g2_0205.tif
1076,3,0.0471,g2_0215.tif
1077,0,0.0,g2_0215.tif
1078,0,0.0,g2_0215.tif
1079,1,0.1538,g2_0215.tif
1080,0,0.0,g2_0215.tif
1186,0,0.0,g2_0237.tif
1187,0,0.0,g2_0237.tif
1188,0,0.0,g2_0237.tif
1189,0,0.0,g2_0237.tif
1190,0,0.0,g2_0237.tif
1196,0,0.0,g2_0239.tif
1197,0,0.0,g2_0239.tif
1198,0,0.0,g2_0239.tif
1199,0,0.0,g2_0239.tif
1200,0,0.0,g2_0239.tif
1216,1,0.1033,g2_0243.tif
1217,1,0.2234,g2_0243.tif
1218,1,0.4074,g2_0243.tif
1219,3,0.2415,g2_0243.tif
1220,1,0.3474,g2_0243.tif
1361,1,0.2667,g2_0272.tif
1362,1,0.1935,g2_0272.tif
1363,1,0.2124,g2_0272.tif
1364,1,0.3667,g2_0272.tif
1365,1,0.4917,g2_0272.tif
1376,1,0.0323,g2_0275.tif
1377,2,0.0618,g2_0275.tif
1378,1,0.2065,g2_0275.tif
1379,0,0.0,g2_0275.tif
1380,1,0.0112,g2_0275.tif
1381,1,0.004,g2_0276.tif
1382,2,0.0309,g2_0276.tif
1383,0,0.0,g2_0276.tif
1384,1,0.214,g2_0276.tif
1385,0,0.0,g2_0276.tif
1411,1,0.058,g2_0282.tif
1412,0,0.0,g2_0282.tif
1413,0,0.0,g2_0282.tif
1414,0,0.0,g2_0282.tif
1415,0,0.0,g2_0282.tif
1456,0,0.0,g2_0291.tif
1457,0,0.0,g2_0291.tif
1458,0,0.0,g2_0291.tif
1459,0,0.0,g2_0291.tif
1460,0,0.0,g2_0291.tif
1491,0,0.0,g2_0298.tif
1492,0,0.0,g2_0298.tif
1493,3,0.316,g2_0298.tif
1494,1,0.375,g2_0298.tif
1495,0,0.0,g2_0298.tif
1536,0,0.0,g2_0307.tif
1537,0,0.0,g2_0307.tif
1538,0,0.0,g2_0307.tif
1539,0,0.0,g2_0307.tif
1540,0,0.0,g2_0307.tif
1571,2,0.1576,g2_0314.tif
1572,2,0.0357,g2_0314.tif
1573,1,0.4059,g2_0314.tif
1574,0,0.0,g2_0314.tif
1575,2,0.0278,g2_0314.tif
1576,0,0.0,g2_0315.tif
1577,0,0.0,g2_0315.tif
1578,0,0.0,g2_0315.tif
1579,0,0.0,g2_0315.tif
1580,0,0.0,g2_0315.tif
1631,0,0.0,g2_0326.tif
1632,0,0.0,g2_0326.tif
1633,0,0.0,g2_0326.tif
1634,0,0.0,g2_0326.tif
1635,0,0.0,g2_0326.tif
1676,0,0.0,g2_0335.tif
1677,1,0.1786,g2_0335.tif
1678,1,0.1452,g2_0335.tif
1679,0,0.0,g2_0335.tif
1680,0,0.0,g2_0335.tif
1681,0,0.0,g2_0336.tif
1682,2,0.0244,g2_0336.tif
1683,2,0.0415,g2_0336.tif
1684,0,0.0,g2_0336.tif
1685,0,0.0,g2_0336.tif
1691,1,0.0349,g2_0338.tif
1692,0,0.0,g2_0338.tif
1693,0,0.0,g2_0338.tif
1694,1,0.011,g2_0338.tif
1695,1,0.0267,g2_0338.tif
1701,1,0.1362,g2_0340.tif
1702,2,0.0599,g2_0340.tif
1703,0,0.0,g2_0340.tif
1704,1,0.0721,g2_0340.tif
1705,1,0.5077,g2_0340.tif
1721,0,0.0,g2_0344.tif
1722,0,0.0,g2_0344.tif
1723,0,0.0,g2_0344.tif
1724,0,0.0,g2_0344.tif
1725,0,0.0,g2_0344.tif
1726,1,0.1772,g2_0345.tif
1727,1,0.01,g2_0345.tif
1728,1,0.2022,g2_0345.tif
1729,0,0.0,g2_0345.tif
1730,1,0.0179,g2_0345.tif
1741,0,0.0,g2_0348.tif
1742,0,0.0,g2_0348.tif
1743,0,0.0,g2_0348.tif
1744,1,0.0674,g2_0348.tif
1745,0,0.0,g2_0348.tif
1791,3,0.0523,g2_0358.tif
1792,3,0.0621,g2_0358.tif
1793,1,0.236,g2_0358.tif
1794,1,0.0361,g2_0358.tif
1795,1,0.1399,g2_0358.tif
1836,0,0.0,g2_0367.tif
1837,2,0.0051,g2_0367.tif
1838,0,0.0,g2_0367.tif
1839,0,0.0,g2_0367.tif
1840,0,0.0,g2_0367.tif
1841,3,0.0897,g2_0368.tif
1842,0,0.0,g2_0368.tif
1843,0,0.0,g2_0368.tif
1844,0,0.0,g2_0368.tif
1845,0,0.0,g2_0368.tif
1866,0,0.0,g2_0373.tif
1867,0,0.0,g2_0373.tif
1868,0,0.0,g2_0373.tif
1869,0,0.0,g2_0373.tif
1870,0,0.0,g2_0373.tif
1926,0,0.0,g2_0385.tif
1927,0,0.0,g2_0385.tif
1928,0,0.0,g2_0385.tif
1929,0,0.0,g2_0385.tif
1930,0,0.0,g2_0385.tif
1931,0,0.0,g2_0386.tif
1932,0,0.0,g2_0386.tif
1933,1,0.0367,g2_0386.tif
1934,0,0.0,g2_0386.tif
1935,0,0.0,g2_0386.tif
1941,0,0.0,g2_0388.tif
1942,0,0.0,g2_0388.tif
1943,0,0.0,g2_0388.tif
1944,0,0.0,g2_0388.tif
1945,0,0.0,g2_0388.tif
1996,0,0.0,g2_0399.tif
1997,0,0.0,g2_0399.tif
1998,2,0.0233,g2_0399.tif
1999,0,0.0,g2_0399.tif
2000,2,0.3386,g2_0399.tif
2001,1,0.3425,g2_0400.tif
2002,1,0.0132,g2_0400.tif
2003,1,0.2784,g2_0400.tif
2004,1,0.15,g2_0400.tif
2005,0,0.0,g2_0400.tif
2031,0,0.0,g2_0406.tif
2032,0,0.0,g2_0406.tif
2033,0,0.0,g2_0406.tif
2034,0,0.0,g2_0406.tif
2035,0,0.0,g2_0406.tif
2051,1,0.4897,g2_0410.tif
2052,3,0.2407,g2_0410.tif
2053,1,0.4755,g2_0410.tif
2054,1,0.4188,g2_0410.tif
2055,1,0.4286,g2_0410.tif
2091,0,0.0,g2_0418.tif
2092,0,0.0,g2_0418.tif
2093,0,0.0,g2_0418.tif
2094,0,0.0,g2_0418.tif
2095,0,0.0,g2_0418.tif
2146,0,0.0,g2_0429.tif
2147,0,0.0,g2_0429.tif
2148,0,0.0,g2_0429.tif
2149,2,0.0417,g2_0429.tif
2150,1,0.0909,g2_0429.tif
2196,0,0.0,g2_0439.tif
2197,0,0.0,g2_0439.tif
2198,0,0.0,g2_0439.tif
2199,0,0.0,g2_0439.tif
2200,0,0.0,g2_0439.tif
2271,2,0.2706,g2_0454.tif
2272,1,0.6111,g2_0454.tif
2273,1,0.397,g2_0454.tif
2274,1,0.5,g2_0454.tif
2275,1,0.3401,g2_0454.tif
2291,2,0.4615,g2_0458.tif
2292,5,0.2832,g2_0458.tif
2293,2,0.1279,g2_0458.tif
2294,0,0.0,g2_0458.tif
2295,0,0.0,g2_0458.tif
2316,0,0.0,g2_0463.tif
2317,0,0.0,g2_0463.tif
2318,0,0.0,g2_0463.tif
2319,0,0.0,g2_0463.tif
2320,0,0.0,g2_0463.tif
2351,0,0.0,g2_0470.tif
2352,0,0.0,g2_0470.tif
2353,0,0.0,g2_0470.tif
2354,0,0.0,g2_0470.tif
2355,0,0.0,g2_0470.tif
2376,3,0.0469,g2_0475.tif
2377,2,0.2517,g2_0475.tif
2378,3,0.0738,g2_0475.tif
2379,2,0.0486,g2_0475.tif
2380,4,0.0455,g2_0475.tif
2466,1,0.087,g2_0493.tif
2467,2,0.0612,g2_0493.tif
2468,1,0.0104,g2_0493.tif
2469,0,0.0,g2_0493.tif
2470,0,0.0,g2_0493.tif
2531,3,0.1959,g2_0506.tif
2532,2,0.2804,g2_0506.tif
2533,2,0.216,g2_0506.tif
2534,1,0.3053,g2_0506.tif
2535,2,0.1717,g2_0506.tif
2546,1,0.0465,g2_0509.tif
2547,1,0.0102,g2_0509.tif
2548,1,0.1758,g2_0509.tif
2549,1,0.1085,g2_0509.tif
2550,1,0.2174,g2_0509.tif
2586,0,0.0,g2_0517.tif
2587,0,0.0,g2_0517.tif
2588,0,0.0,g2_0517.tif
2589,1,0.0362,g2_0517.tif
2590,0,0.0,g2_0517.tif
2591,0,0.0,g2_0518.tif
2592,0,0.0,g2_0518.tif
2593,0,0.0,g2_0518.tif
2594,0,0.0,g2_0518.tif
2595,1,0.1887,g2_0518.tif
2606,0,0.0,g2_0521.tif
2607,0,0.0,g2_0521.tif
2608,0,0.0,g2_0521.tif
2609,0,0.0,g2_0521.tif
2610,0,0.0,g2_0521.tif
2616,0,0.0,g2_0523.tif
2617,0,0.0,g2_0523.tif
2618,0,0.0,g2_0523.tif
2619,0,0.0,g2_0523.tif
2620,0,0.0,g2_0523.tif
2781,0,0.0,g2_0556.tif
2782,0,0.0,g2_0556.tif
2783,0,0.0,g2_0556.tif
2784,0,0.0,g2_0556.tif
2785,1,0.0503,g2_0556.tif
2796,0,0.0,g2_0559.tif
2797,0,0.0,g2_0559.tif
2798,3,0.0075,g2_0559.tif
2799,0,0.0,g2_0559.tif
2800,2,0.0252,g2_0559.tif
2816,0,0.0,g2_0563.tif
2817,0,0.0,g2_0563.tif
2818,0,0.0,g2_0563.tif
2819,0,0.0,g2_0563.tif
2820,0,0.0,g2_0563.tif
2836,2,0.0635,g2_0567.tif
2837,0,0.0,g2_0567.tif
2838,0,0.0,g2_0567.tif
2839,0,0.0,g2_0567.tif
2840,2,0.1325,g2_0567.tif
2876,1,0.4983,g2_0575.tif
2877,1,0.3666,g2_0575.tif
2878,1,0.6005,g2_0575.tif
2879,1,0.1563,g2_0575.tif
2880,4,0.4192,g2_0575.tif
2881,1,0.1797,g2_0576.tif
2882,1,0.1465,g2_0576.tif
2883,1,0.2155,g2_0576.tif
2884,1,0.25,g2_0576.tif
2885,1,0.0557,g2_0576.tif
2941,0,0.0,g2_0588.tif
2942,0,0.0,g2_0588.tif
2943,0,0.0,g2_0588.tif
2944,0,0.0,g2_0588.tif
2945,0,0.0,g2_0588.tif
2971,1,0.5215,g2_0594.tif
2972,2,0.4735,g2_0594.tif
2973,3,0.0373,g2_0594.tif
2974,1,0.1393,g2_0594.tif
2975,1,0.1485,g2_0594.tif
3042,1,0.208,g2_0608.tif
3043,1,0.0649,g2_0608.tif
3044,1,0.5086,g2_0608.tif
3045,3,0.1857,g2_0608.tif
3046,1,0.2381,g2_0608.tif
3057,0,0.0,g2_0611.tif
3058,0,0.0,g2_0611.tif
3059,0,0.0,g2_0611.tif
3060,0,0.0,g2_0611.tif
3061,0,0.0,g2_0611.tif
3087,1,0.1864,g2_0617.tif
3088,1,0.1978,g2_0617.tif
3089,0,0.0,g2_0617.tif
3090,2,0.0631,g2_0617.tif
3091,3,0.0833,g2_0617.tif
3157,0,0.0,g2_0631.tif
3158,0,0.0,g2_0631.tif
3159,0,0.0,g2_0631.tif
3160,0,0.0,g2_0631.tif
3161,0,0.0,g2_0631.tif
3202,3,0.1453,g2_0640.tif
3203,1,0.2,g2_0640.tif
3204,0,0.0,g2_0640.tif
3205,1,0.4627,g2_0640.tif
3206,1,0.0167,g2_0640.tif
3242,6,0.1752,g2_0648.tif
3243,2,0.0061,g2_0648.tif
3244,2,0.0293,g2_0648.tif
3245,0,0.0,g2_0648.tif
3246,0,0.0,g2_0648.tif
3337,0,0.0,g2_0667.tif
3338,0,0.0,g2_0667.tif
3339,0,0.0,g2_0667.tif
3340,0,0.0,g2_0667.tif
3341,0,0.0,g2_0667.tif
3357,4,0.1125,g2_0671.tif
3358,4,0.0839,g2_0671.tif
3359,1,0.0393,g2_0671.tif
3360,3,0.0694,g2_0671.tif
3361,3,0.0215,g2_0671.tif
3472,0,0.0,g2_0694.tif
3473,0,0.0,g2_0694.tif
3474,0,0.0,g2_0694.tif
3475,0,0.0,g2_0694.tif
3476,0,0.0,g2_0694.tif
3492,1,0.1221,g2_0698.tif
3493,0,0.0,g2_0698.tif
3494,1,0.0605,g2_0698.tif
3495,2,0.0497,g2_0698.tif
3496,0,0.0,g2_0698.tif
3512,0,0.0,g2_0702.tif
3513,2,0.0444,g2_0702.tif
3514,0,0.0,g2_0702.tif
3515,1,0.0944,g2_0702.tif
3516,2,0.0543,g2_0702.tif
3572,0,0.0,g2_0714.tif
3573,1,0.0043,g2_0714.tif
3574,0,0.0,g2_0714.tif
3575,2,0.0412,g2_0714.tif
3576,2,0.1353,g2_0714.tif
3647,1,0.2717,g2_0729.tif
3648,2,0.215,g2_0729.tif
3649,1,0.2584,g2_0729.tif
3650,1,0.1081,g2_0729.tif
3651,2,0.0965,g2_0729.tif
3667,0,0.0,g2_0733.tif
3668,0,0.0,g2_0733.tif
3669,0,0.0,g2_0733.tif
3670,0,0.0,g2_0733.tif
3671,0,0.0,g2_0733.tif
3782,0,0.0,g2_0756.tif
3783,0,0.0,g2_0756.tif
3784,0,0.0,g2_0756.tif
3785,0,0.0,g2_0756.tif
3786,0,0.0,g2_0756.tif
3847,4,0.0798,g2_0769.tif
3848,0,0.0,g2_0769.tif
3849,0,0.0,g2_0769.tif
3850,3,0.1254,g2_0769.tif
3851,2,0.1865,g2_0769.tif
3912,0,0.0,g2_0782.tif
3913,0,0.0,g2_0782.tif
3914,0,0.0,g2_0782.tif
3915,0,0.0,g2_0782.tif
3916,0,0.0,g2_0782.tif
4047,1,0.2414,g2_0810.tif
4048,1,0.3972,g2_0810.tif
4049,1,0.336,g2_0810.tif
4050,2,0.2278,g2_0810.tif
4051,4,0.1955,g2_0810.tif
4057,1,0.2152,g2_0812.tif
4058,1,0.1439,g2_0812.tif
4059,1,0.2652,g2_0812.tif
4060,3,0.2424,g2_0812.tif
4061,1,0.0198,g2_0812.tif
4087,1,0.0286,g2_0818.tif
4088,1,0.0833,g2_0818.tif
4089,0,0.0,g2_0818.tif
4090,1,0.1101,g2_0818.tif
4091,2,0.0526,g2_0818.tif
4102,0,0.0,g2_0821.tif
4103,1,0.1795,g2_0821.tif
4104,0,0.0,g2_0821.tif
4105,0,0.0,g2_0821.tif
4106,0,0.0,g2_0821.tif
4152,6,0.0592,g2_0831.tif
4153,4,0.0722,g2_0831.tif
4154,4,0.1238,g2_0831.tif
4155,3,0.2063,g2_0831.tif
4156,11,0.0576,g2_0831.tif
4232,2,0.1952,g2_0847.tif
4233,2,0.2421,g2_0847.tif
4234,2,0.326,g2_0847.tif
4235,1,0.4289,g2_0847.tif
4236,2,0.1923,g2_0847.tif
4247,5,0.1818,g2_0850.tif
4248,5,0.1335,g2_0850.tif
4249,2,0.2299,g2_0850.tif
4250,2,0.3193,g2_0850.tif
4251,4,0.2156,g2_0850.tif
4252,0,0.0,g2_0851.tif
4253,0,0.0,g2_0851.tif
4254,0,0.0,g2_0851.tif
4255,0,0.0,g2_0851.tif
4256,0,0.0,g2_0851.tif
4272,2,0.4208,g2_0855.tif
4273,2,0.0587,g2_0855.tif
4274,3,0.0334,g2_0855.tif
4275,0,0.0,g2_0855.tif
4276,0,0.0,g2_0855.tif
4282,1,0.2769,g2_0857.tif
4283,2,0.018,g2_0857.tif
4284,5,0.1086,g2_0857.tif
4285,1,0.0294,g2_0857.tif
4286,1,0.4133,g2_0857.tif
4292,0,0.0,g2_0859.tif
4293,0,0.0,g2_0859.tif
4294,0,0.0,g2_0859.tif
4295,0,0.0,g2_0859.tif
4296,2,0.0147,g2_0859.tif
4347,1,0.3119,g2_0870.tif
4348,1,0.2783,g2_0870.tif
4349,0,0.0,g2_0870.tif
4350,0,0.0,g2_0870.tif
4351,0,0.0,g2_0870.tif
4377,0,0.0,g2_0876.tif
4378,0,0.0,g2_0876.tif
4379,0,0.0,g2_0876.tif
4380,0,0.0,g2_0876.tif
4381,0,0.0,g2_0876.tif
4407,6,0.1089,g2_0882.tif
4408,1,0.4278,g2_0882.tif
4409,3,0.2267,g2_0882.tif
4410,1,0.5597,g2_0882.tif
4411,1,0.6711,g2_0882.tif
4472,0,0.0,g2_0895.tif
4473,0,0.0,g2_0895.tif
4474,0,0.0,g2_0895.tif
4475,0,0.0,g2_0895.tif
4476,0,0.0,g2_0895.tif
4482,0,0.0,g2_0897.tif
4483,0,0.0,g2_0897.tif
4484,0,0.0,g2_0897.tif
4485,0,0.0,g2_0897.tif
4486,0,0.0,g2_0897.tif
4497,1,0.0086,g2_0900.tif
4498,2,0.0956,g2_0900.tif
4499,1,0.0909,g2_0900.tif
4500,1,0.0446,g2_0900.tif
4501,0,0.0,g2_0900.tif
4502,2,0.0617,g2_0901.tif
4503,1,0.0086,g2_0901.tif
4504,1,0.0286,g2_0901.tif
4505,2,0.0965,g2_0901.tif
4506,1,0.0637,g2_0901.tif
4567,0,0.0,g2_0914.tif
4568,0,0.0,g2_0914.tif
4569,0,0.0,g2_0914.tif
4570,0,0.0,g2_0914.tif
4571,0,0.0,g2_0914.tif
4617,4,0.1919,g2_0924.tif
4618,1,0.4359,g2_0924.tif
4619,2,0.084,g2_0924.tif
4620,1,0.2358,g2_0924.tif
4621,4,0.1393,g2_0924.tif
4707,0,0.0,g2_0942.tif
4708,0,0.0,g2_0942.tif
4709,0,0.0,g2_0942.tif
4710,0,0.0,g2_0942.tif
4711,0,0.0,g2_0942.tif
4732,0,0.0,g2_0947.tif
4733,0,0.0,g2_0947.tif
4734,0,0.0,g2_0947.tif
4735,0,0.0,g2_0947.tif
4736,0,0.0,g2_0947.tif
4742,2,0.1323,g2_0949.tif
4743,1,0.4094,g2_0949.tif
4744,1,0.2021,g2_0949.tif
4745,2,0.225,g2_0949.tif
4746,2,0.0421,g2_0949.tif
4762,1,0.1111,g2_0953.tif
4763,0,0.0,g2_0953.tif
4764,0,0.0,g2_0953.tif
4765,0,0.0,g2_0953.tif
4766,0,0.0,g2_0953.tif
4852,1,0.05,g2_0971.tif
4853,0,0.0,g2_0971.tif
4854,0,0.0,g2_0971.tif
4855,3,0.1631,g2_0971.tif
4856,1,0.0462,g2_0971.tif
4877,1,0.2576,g2_0976.tif
4878,1,0.4798,g2_0976.tif
4879,1,0.3051,g2_0976.tif
4880,1,0.425,g2_0976.tif
4881,1,0.2632,g2_0976.tif
4972,0,0.0,g2_0995.tif
4973,0,0.0,g2_0995.tif
4974,0,0.0,g2_0995.tif
4975,0,0.0,g2_0995.tif
4976,0,0.0,g2_0995.tif
5002,0,0.0,g2_1001.tif
5003,0,0.0,g2_1001.tif
5004,1,0.0877,g2_1001.tif
5005,0,0.0,g2_1001.tif
5006,1,0.1455,g2_1001.tif
5077,1,0.1462,g2_1016.tif
5078,0,0.0,g2_1016.tif
5079,0,0.0,g2_1016.tif
5080,10,0.0347,g2_1016.tif
5081,2,0.018,g2_1016.tif
5082,0,0.0,g2_1017.tif
5083,0,0.0,g2_1017.tif
5084,0,0.0,g2_1017.tif
5085,0,0.0,g2_1017.tif
5086,1,0.0065,g2_1017.tif
5107,2,0.2996,g2_1022.tif
5108,2,0.2857,g2_1022.tif
5109,3,0.1182,g2_1022.tif
5110,2,0.0211,g2_1022.tif
5111,1,0.0577,g2_1022.tif
5147,0,0.0,g2_1030.tif
5148,1,0.0172,g2_1030.tif
5149,0,0.0,g2_1030.tif
5150,0,0.0,g2_1030.tif
5151,0,0.0,g2_1030.tif
5212,0,0.0,g2_1043.tif
5213,0,0.0,g2_1043.tif
5214,0,0.0,g2_1043.tif
5215,0,0.0,g2_1043.tif
5216,0,0.0,g2_1043.tif
5262,1,0.3195,g2_1053.tif
5263,0,0.0,g2_1053.tif
5264,1,0.0191,g2_1053.tif
5265,0,0.0,g2_1053.tif
5266,1,0.0227,g2_1053.tif
5277,0,0.0,g2_1056.tif
5278,0,0.0,g2_1056.tif
5279,0,0.0,g2_1056.tif
5280,0,0.0,g2_1056.tif
5281,0,0.0,g2_1056.tif
5297,0,0.0,g2_1060.tif
5298,0,0.0,g2_1060.tif
5299,0,0.0,g2_1060.tif
5300,0,0.0,g2_1060.tif
5301,0,0.0,g2_1060.tif
5307,8,0.1064,g2_1062.tif
5308,3,0.2091,g2_1062.tif
5309,4,0.2989,g2_1062.tif
5310,1,0.102,g2_1062.tif
5311,2,0.2325,g2_1062.tif
5362,0,0.0,g2_1073.tif
5363,0,0.0,g2_1073.tif
5364,0,0.0,g2_1073.tif
5365,0,0.0,g2_1073.tif
5366,0,0.0,g2_1073.tif
5447,1,0.7002,g2_1090.tif
5448,2,0.1711,g2_1090.tif
5449,1,0.5147,g2_1090.tif
5450,4,0.2228,g2_1090.tif
5451,1,0.7101,g2_1090.tif
5457,1,0.0777,g2_1092.tif
5458,1,0.0787,g2_1092.tif
5459,1,0.3187,g2_1092.tif
5460,1,0.125,g2_1092.tif
5461,1,0.1034,g2_1092.tif
5552,0,0.0,g2_1111.tif
5553,0,0.0,g2_1111.tif
5554,0,0.0,g2_1111.tif
5555,0,0.0,g2_1111.tif
5556,0,0.0,g2_1111.tif
5597,2,0.02,g2_1120.tif
5598,3,0.1933,g2_1120.tif
5599,0,0.0,g2_1120.tif
5600,1,0.0308,g2_1120.tif
5601,0,0.0,g2_1120.tif
5722,0,0.0,g2_1145.tif
5723,0,0.0,g2_1145.tif
5724,0,0.0,g2_1145.tif
5725,0,0.0,g2_1145.tif
5726,1,0.0508,g2_1145.tif
5737,2,0.6636,g2_1148.tif
5738,1,0.6336,g2_1148.tif
5739,6,0.06,g2_1148.tif
5740,3,0.0353,g2_1148.tif
5741,0,0.0,g2_1148.tif
5742,0,0.0,g2_1149.tif
5743,0,0.0,g2_1149.tif
5744,0,0.0,g2_1149.tif
5745,0,0.0,g2_1149.tif
5746,0,0.0,g2_1149.tif
5767,0,0.0,g2_1154.tif
5768,0,0.0,g2_1154.tif
5769,0,0.0,g2_1154.tif
5770,0,0.0,g2_1154.tif
5771,0,0.0,g2_1154.tif
5872,0,0.0,g2_1175.tif
5873,0,0.0,g2_1175.tif
5874,0,0.0,g2_1175.tif
5875,0,0.0,g2_1175.tif
5876,0,0.0,g2_1175.tif
5887,0,0.0,g2_1178.tif
5888,0,0.0,g2_1178.tif
5889,0,0.0,g2_1178.tif
5890,0,0.0,g2_1178.tif
5891,0,0.0,g2_1178.tif
5982,0,0.0,g2_1197.tif
5983,0,0.0,g2_1197.tif
5984,0,0.0,g2_1197.tif
5985,0,0.0,g2_1197.tif
5986,0,0.0,g2_1197.tif
5987,0,0.0,g2_1198.tif
5988,0,0.0,g2_1198.tif
5989,0,0.0,g2_1198.tif
5990,0,0.0,g2_1198.tif
5991,0,0.0,g2_1198.tif
6002,0,0.0,g2_1201.tif
6003,0,0.0,g2_1201.tif
6004,0,0.0,g2_1201.tif
6005,0,0.0,g2_1201.tif
6006,0,0.0,g2_1201.tif
6027,1,0.24,g2_1206.tif
6028,0,0.0,g2_1206.tif
6029,1,0.0123,g2_1206.tif
6030,0,0.0,g2_1206.tif
6031,0,0.0,g2_1206.tif
6032,2,0.3636,g2_1207.tif
6033,1,0.513,g2_1207.tif
6034,4,0.1751,g2_1207.tif
6035,2,0.4369,g2_1207.tif
6036,5,0.1036,g2_1207.tif
6052,0,0.0,g2_1211.tif
6053,0,0.0,g2_1211.tif
6054,0,0.0,g2_1211.tif
6055,0,0.0,g2_1211.tif
6056,0,0.0,g2_1211.tif
6082,4,0.0295,g2_1217.tif
6083,2,0.1352,g2_1217.tif
6084,0,0.0,g2_1217.tif
6085,2,0.0074,g2_1217.tif
6086,1,0.0074,g2_1217.tif
6162,3,0.037,g2_1233.tif
6163,0,0.0,g2_1233.tif
6164,0,0.0,g2_1233.tif
6165,2,0.055,g2_1233.tif
6166,0,0.0,g2_1233.tif
6202,0,0.0,g2_1241.tif
6203,0,0.0,g2_1241.tif
6204,0,0.0,g2_1241.tif
6205,0,0.0,g2_1241.tif
6206,2,0.0964,g2_1241.tif
6257,1,0.0982,g2_1252.tif
6258,0,0.0,g2_1252.tif
6259,0,0.0,g2_1252.tif
6260,0,0.0,g2_1252.tif
6261,0,0.0,g2_1252.tif
6317,0,0.0,g2_1264.tif
6318,0,0.0,g2_1264.tif
6319,0,0.0,g2_1264.tif
6320,0,0.0,g2_1264.tif
6321,0,0.0,g2_1264.tif
6322,0,0.0,g2_1265.tif
6323,0,0.0,g2_1265.tif
6324,1,0.0765,g2_1265.tif
6325,0,0.0,g2_1265.tif
6326,0,0.0,g2_1265.tif
6337,2,0.0654,g2_1268.tif
6338,3,0.0545,g2_1268.tif
6339,1,0.0229,g2_1268.tif
6340,0,0.0,g2_1268.tif
6341,1,0.0309,g2_1268.tif
6367,3,0.5305,g2_1274.tif
6368,2,0.0652,g2_1274.tif
6369,2,0.3635,g2_1274.tif
6370,8,0.0567,g2_1274.tif
6371,3,0.2764,g2_1274.tif
6432,3,0.064,g2_1287.tif
6433,3,0.2138,g2_1287.tif
6434,1,0.0882,g2_1287.tif
6435,1,0.0124,g2_1287.tif
6436,1,0.3778,g2_1287.tif
6447,0,0.0,g2_1290.tif
6448,3,0.1746,g2_1290.tif
6449,1,0.4476,g2_1290.tif
6450,2,0.1686,g2_1290.tif
6451,1,0.7745,g2_1290.tif
6462,2,0.0675,g2_1293.tif
6463,2,0.1166,g2_1293.tif
6464,3,0.0261,g2_1293.tif
6465,5,0.0233,g2_1293.tif
6466,1,0.0706,g2_1293.tif
6492,0,0.0,g2_1299.tif
6493,2,0.0714,g2_1299.tif
6494,1,0.0152,g2_1299.tif
6495,0,0.0,g2_1299.tif
6496,0,0.0,g2_1299.tif
6497,0,0.0,g2_1300.tif
6498,0,0.0,g2_1300.tif
6499,0,0.0,g2_1300.tif
6500,0,0.0,g2_1300.tif
6501,0,0.0,g2_1300.tif
6522,1,0.0216,g2_1305.tif
6523,0,0.0,g2_1305.tif
6524,0,0.0,g2_1305.tif
6525,0,0.0,g2_1305.tif
6526,1,0.0198,g2_1305.tif
6532,1,0.0038,g2_1307.tif
6533,0,0.0,g2_1307.tif
6534,0,0.0,g2_1307.tif
6535,1,0.1358,g2_1307.tif
6536,0,0.0,g2_1307.tif
6542,2,0.2606,g2_1309.tif
6543,2,0.0625,g2_1309.tif
6544,1,0.004,g2_1309.tif
6545,1,0.2147,g2_1309.tif
6546,4,0.0048,g2_1309.tif
6547,0,0.0,g2_1310.tif
6548,0,0.0,g2_1310.tif
6549,0,0.0,g2_1310.tif
6550,0,0.0,g2_1310.tif
6551,0,0.0,g2_1310.tif
6602,0,0.0,g2_1321.tif
6603,0,0.0,g2_1321.tif
6604,0,0.0,g2_1321.tif
6605,0,0.0,g2_1321.tif
6606,2,0.0083,g2_1321.tif
6647,0,0.0,g2_1330.tif
6648,0,0.0,g2_1330.tif
6649,0,0.0,g2_1330.tif
6650,0,0.0,g2_1330.tif
6651,0,0.0,g2_1330.tif
6697,1,0.1619,g2_1340.tif
6698,1,0.3206,g2_1340.tif
6699,1,0.3149,g2_1340.tif
6700,1,0.5126,g2_1340.tif
6701,1,0.4824,g2_1340.tif
6727,2,0.1457,g2_1346.tif
6728,0,0.0,g2_1346.tif
6729,0,0.0,g2_1346.tif
6730,2,0.0774,g2_1346.tif
6731,0,0.0,g2_1346.tif
6737,3,0.0455,g2_1348.tif
6738,1,0.0235,g2_1348.tif
6739,0,0.0,g2_1348.tif
6740,1,0.1842,g2_1348.tif
6741,0,0.0,g2_1348.tif
6757,0,0.0,g2_1352.tif
6758,0,0.0,g2_1352.tif
6759,0,0.0,g2_1352.tif
6760,0,0.0,g2_1352.tif
6761,0,0.0,g2_1352.tif
6817,0,0.0,g2_1364.tif
6818,0,0.0,g2_1364.tif
6819,0,0.0,g2_1364.tif
6820,0,0.0,g2_1364.tif
6821,0,0.0,g2_1364.tif
6837,0,0.0,g2_1368.tif
6838,0,0.0,g2_1368.tif
6839,0,0.0,g2_1368.tif
6840,0,0.0,g2_1368.tif
6841,0,0.0,g2_1368.tif
6867,0,0.0,g2_1374.tif
6868,0,0.0,g2_1374.tif
6869,0,0.0,g2_1374.tif
6870,0,0.0,g2_1374.tif
6871,0,0.0,g2_1374.tif
6877,1,0.0579,g2_1376.tif
6878,2,0.007,g2_1376.tif
6879,2,0.0551,g2_1376.tif
6880,0,0.0,g2_1376.tif
6881,1,0.27,g2_1376.tif
6897,1,0.3231,g2_1380.tif
6898,2,0.2598,g2_1380.tif
6899,1,0.2946,g2_1380.tif
6900,1,0.2773,g2_1380.tif
6901,1,0.32,g2_1380.tif
6917,0,0.0,g2_1384.tif
6918,0,0.0,g2_1384.tif
6919,3,0.0714,g2_1384.tif
6920,0,0.0,g2_1384.tif
6921,6,0.0641,g2_1384.tif
6927,0,0.0,g2_1386.tif
6928,2,0.035,g2_1386.tif
6929,2,0.0333,g2_1386.tif
6930,1,0.1419,g2_1386.tif
6931,2,0.037,g2_1386.tif
6962,0,0.0,g2_1393.tif
6963,0,0.0,g2_1393.tif
6964,0,0.0,g2_1393.tif
6965,0,0.0,g2_1393.tif
6966,0,0.0,g2_1393.tif
6972,0,0.0,g2_1395.tif
6973,0,0.0,g2_1395.tif
6974,0,0.0,g2_1395.tif
6975,0,0.0,g2_1395.tif
6976,0,0.0,g2_1395.tif
6987,1,0.3573,g2_1398.tif
6988,1,0.1581,g2_1398.tif
6989,1,0.1384,g2_1398.tif
6990,1,0.2367,g2_1398.tif
6991,6,0.1217,g2_1398.tif
6992,1,0.5619,g2_1398.tif
7018,0,0.0,g2_1404.tif
7019,1,0.0357,g2_1404.tif
7020,0,0.0,g2_1404.tif
7021,1,0.2386,g2_1404.tif
7022,0,0.0,g2_1404.tif
7088,2,0.0208,g2_1418.tif
7089,2,0.1068,g2_1418.tif
7090,0,0.0,g2_1418.tif
7091,0,0.0,g2_1418.tif
7092,0,0.0,g2_1418.tif
7163,1,0.1429,g2_1433.tif
7164,1,0.1593,g2_1433.tif
7165,1,0.03,g2_1433.tif
7166,1,0.1733,g2_1433.tif
7167,1,0.1338,g2_1433.tif
7193,1,0.1446,g2_1439.tif
7194,0,0.0,g2_1439.tif
7195,1,0.0128,g2_1439.tif
7196,1,0.02,g2_1439.tif
7197,1,0.2778,g2_1439.tif
7253,0,0.0,g2_1451.tif
7254,0,0.0,g2_1451.tif
7255,0,0.0,g2_1451.tif
7256,0,0.0,g2_1451.tif
7257,0,0.0,g2_1451.tif
7333,0,0.0,g2_1467.tif
7334,0,0.0,g2_1467.tif
7335,2,0.0124,g2_1467.tif
7336,1,0.009,g2_1467.tif
7337,0,0.0,g2_1467.tif
7353,0,0.0,g2_1471.tif
7354,0,0.0,g2_1471.tif
7355,0,0.0,g2_1471.tif
7356,0,0.0,g2_1471.tif
7357,0,0.0,g2_1471.tif
7368,0,0.0,g2_1474.tif
7369,0,0.0,g2_1474.tif
7370,0,0.0,g2_1474.tif
7371,0,0.0,g2_1474.tif
7372,0,0.0,g2_1474.tif
7373,5,0.1005,g2_1475.tif
7374,3,0.2463,g2_1475.tif
7375,6,0.1321,g2_1475.tif
7376,4,0.2225,g2_1475.tif
7377,1,0.0929,g2_1475.tif
7388,0,0.0,g2_1478.tif
7389,1,0.0143,g2_1478.tif
7390,0,0.0,g2_1478.tif
7391,0,0.0,g2_1478.tif
7392,0,0.0,g2_1478.tif
7438,1,0.1165,g2_1488.tif
7439,1,0.0102,g2_1488.tif
7440,2,0.0227,g2_1488.tif
7441,1,0.17,g2_1488.tif
7442,2,0.0783,g2_1488.tif
7498,0,0.0,g2_1500.tif
7499,0,0.0,g2_1500.tif
7500,0,0.0,g2_1500.tif
7501,0,0.0,g2_1500.tif
7502,0,0.0,g2_1500.tif
7553,2,0.2316,g2_1511.tif
7554,1,0.7644,g2_1511.tif
7555,2,0.4435,g2_1511.tif
7556,1,0.75,g2_1511.tif
7557,1,0.0892,g2_1511.tif
7578,0,0.0,g2_1516.tif
7579,0,0.0,g2_1516.tif
7580,0,0.0,g2_1516.tif
7581,0,0.0,g2_1516.tif
7582,0,0.0,g2_1516.tif
7583,1,0.1071,g2_1517.tif
7584,1,0.2893,g2_1517.tif
7585,2,0.0324,g2_1517.tif
7586,4,0.1274,g2_1517.tif
7587,3,0.3119,g2_1517.tif
7603,0,0.0,g2_1521.tif
7604,0,0.0,g2_1521.tif
7605,0,0.0,g2_1521.tif
7606,0,0.0,g2_1521.tif
7607,0,0.0,g2_1521.tif
7613,0,0.0,g2_1523.tif
7614,0,0.0,g2_1523.tif
7615,0,0.0,g2_1523.tif
7616,0,0.0,g2_1523.tif
7617,0,0.0,g2_1523.tif
7633,0,0.0,g2_1527.tif
7634,0,0.0,g2_1527.tif
7635,0,0.0,g2_1527.tif
7636,1,0.0097,g2_1527.tif
7637,0,0.0,g2_1527.tif
7673,1,0.3582,g2_1535.tif
7674,0,0.0,g2_1535.tif
7675,0,0.0,g2_1535.tif
7676,1,0.0224,g2_1535.tif
7677,0,0.0,g2_1535.tif
7688,1,0.1261,g2_1538.tif
7689,5,0.0886,g2_1538.tif
7690,3,0.0667,g2_1538.tif
7691,0,0.0,g2_1538.tif
7692,0,0.0,g2_1538.tif
7768,0,0.0,g2_1554.tif
7769,0,0.0,g2_1554.tif
7770,0,0.0,g2_1554.tif
7771,0,0.0,g2_1554.tif
7772,0,0.0,g2_1554.tif
7783,0,0.0,g2_1557.tif
7784,0,0.0,g2_1557.tif
7785,0,0.0,g2_1557.tif
7786,0,0.0,g2_1557.tif
7787,0,0.0,g2_1557.tif
7838,0,0.0,g2_1568.tif
7839,0,0.0,g2_1568.tif
7840,0,0.0,g2_1568.tif
7841,0,0.0,g2_1568.tif
7842,0,0.0,g2_1568.tif
8008,0,0.0,g2_1602.tif
8009,0,0.0,g2_1602.tif
8010,0,0.0,g2_1602.tif
8011,1,0.011,g2_1602.tif
8012,0,0.0,g2_1602.tif
8018,0,0.0,g2_1604.tif
8019,0,0.0,g2_1604.tif
8020,0,0.0,g2_1604.tif
8021,0,0.0,g2_1604.tif
8022,0,0.0,g2_1604.tif
8068,1,0.152,g2_1614.tif
8069,1,0.1925,g2_1614.tif
8070,1,0.245,g2_1614.tif
8071,1,0.3371,g2_1614.tif
8072,2,0.1667,g2_1614.tif
8128,0,0.0,g2_1626.tif
8129,0,0.0,g2_1626.tif
8130,0,0.0,g2_1626.tif
8131,0,0.0,g2_1626.tif
8132,0,0.0,g2_1626.tif
8188,1,0.4138,g2_1638.tif
8189,1,0.2222,g2_1638.tif
8190,1,0.3712,g2_1638.tif
8191,1,0.2464,g2_1638.tif
8192,1,0.092,g2_1638.tif
8228,0,0.0,g2_1646.tif
8229,0,0.0,g2_1646.tif
8230,0,0.0,g2_1646.tif
8231,0,0.0,g2_1646.tif
8232,1,0.0909,g2_1646.tif
8293,0,0.0,g2_1659.tif
8294,0,0.0,g2_1659.tif
8295,0,0.0,g2_1659.tif
8296,0,0.0,g2_1659.tif
8297,0,0.0,g2_1659.tif
8348,0,0.0,g2_1670.tif
8349,0,0.0,g2_1670.tif
8350,0,0.0,g2_1670.tif
8351,0,0.0,g2_1670.tif
8352,1,0.0328,g2_1670.tif
8368,1,0.4945,g2_1674.tif
8369,1,0.3312,g2_1674.tif
8370,1,0.3516,g2_1674.tif
8371,1,0.4291,g2_1674.tif
8372,1,0.4057,g2_1674.tif
8379,0,0.0,g2_1676.tif
8380,0,0.0,g2_1676.tif
8381,0,0.0,g2_1676.tif
8382,0,0.0,g2_1676.tif
8403,1,0.0053,g2_1681.tif
8404,1,0.1558,g2_1681.tif
8405,2,0.105,g2_1681.tif
8406,0,0.0,g2_1681.tif
8407,1,0.0519,g2_1681.tif
8438,1,0.6147,g2_1688.tif
8439,1,0.1618,g2_1688.tif
8440,1,0.6568,g2_1688.tif
8441,1,0.642,g2_1688.tif
8442,3,0.7277,g2_1688.tif
8443,0,0.0,g2_1689.tif
8444,0,0.0,g2_1689.tif
8445,0,0.0,g2_1689.tif
8446,0,0.0,g2_1689.tif
8447,0,0.0,g2_1689.tif
8473,0,0.0,g2_1695.tif
8474,0,0.0,g2_1695.tif
8475,0,0.0,g2_1695.tif
8476,0,0.0,g2_1695.tif
8477,1,0.1517,g2_1695.tif
8493,1,0.4306,g2_1699.tif
8494,1,0.2745,g2_1699.tif
8495,4,0.2181,g2_1699.tif
8496,2,0.0593,g2_1699.tif
8497,2,0.3283,g2_1699.tif
8498,0,0.0,g2_1700.tif
8499,0,0.0,g2_1700.tif
8500,0,0.0,g2_1700.tif
8501,0,0.0,g2_1700.tif
8502,1,0.0083,g2_1700.tif
8533,0,0.0,g2_1707.tif
8534,0,0.0,g2_1707.tif
8535,0,0.0,g2_1707.tif
8536,0,0.0,g2_1707.tif
8537,0,0.0,g2_1707.tif
8608,0,0.0,g2_1722.tif
8609,0,0.0,g2_1722.tif
8610,0,0.0,g2_1722.tif
8611,0,0.0,g2_1722.tif
8612,0,0.0,g2_1722.tif
8663,2,0.015,g2_1733.tif
8664,0,0.0,g2_1733.tif
8665,1,0.0042,g2_1733.tif
8666,5,0.1804,g2_1733.tif
8667,0,0.0,g2_1733.tif
8683,0,0.0,g2_1737.tif
8684,0,0.0,g2_1737.tif
8685,0,0.0,g2_1737.tif
8686,0,0.0,g2_1737.tif
8687,0,0.0,g2_1737.tif
8758,0,0.0,g2_1752.tif
8759,0,0.0,g2_1752.tif
8760,0,0.0,g2_1752.tif
8761,0,0.0,g2_1752.tif
8762,0,0.0,g2_1752.tif
8793,0,0.0,g2_1759.tif
8794,0,0.0,g2_1759.tif
8795,0,0.0,g2_1759.tif
8796,0,0.0,g2_1759.tif
8797,0,0.0,g2_1759.tif
8828,0,0.0,g2_1766.tif
8829,0,0.0,g2_1766.tif
8830,0,0.0,g2_1766.tif
8831,0,0.0,g2_1766.tif
8832,0,0.0,g2_1766.tif
8843,0,0.0,g2_1769.tif
8844,0,0.0,g2_1769.tif
8845,0,0.0,g2_1769.tif
8846,0,0.0,g2_1769.tif
8847,0,0.0,g2_1769.tif
8853,3,0.0255,g2_1771.tif
8854,0,0.0,g2_1771.tif
8855,0,0.0,g2_1771.tif
8856,0,0.0,g2_1771.tif
8857,0,0.0,g2_1771.tif
8998,0,0.0,g2_1800.tif
8999,0,0.0,g2_1800.tif
9000,1,0.0198,g2_1800.tif
9001,0,0.0,g2_1800.tif
9002,0,0.0,g2_1800.tif
9113,7,0.1039,g2_1823.tif
9114,2,0.4393,g2_1823.tif
9115,5,0.146,g2_1823.tif
9116,1,0.5385,g2_1823.tif
9117,2,0.3165,g2_1823.tif
9218,1,0.1345,g2_1844.tif
9219,1,0.12,g2_1844.tif
9220,1,0.1319,g2_1844.tif
9221,1,0.0899,g2_1844.tif
9222,1,0.1289,g2_1844.tif
9258,1,0.3297,g2_1852.tif
9259,0,0.0,g2_1852.tif
9260,0,0.0,g2_1852.tif
9261,0,0.0,g2_1852.tif
9262,0,0.0,g2_1852.tif
9278,0,0.0,g2_1856.tif
9279,0,0.0,g2_1856.tif
9280,0,0.0,g2_1856.tif
9281,0,0.0,g2_1856.tif
9282,0,0.0,g2_1856.tif
9333,1,0.0036,g2_1867.tif
9334,0,0.0,g2_1867.tif
9335,0,0.0,g2_1867.tif
9336,0,0.0,g2_1867.tif
9337,0,0.0,g2_1867.tif
9388,0,0.0,g2_1878.tif
9389,0,0.0,g2_1878.tif
9390,0,0.0,g2_1878.tif
9391,0,0.0,g2_1878.tif
9392,0,0.0,g2_1878.tif
9403,0,0.0,g2_1881.tif
9404,0,0.0,g2_1881.tif
9405,0,0.0,g2_1881.tif
9406,0,0.0,g2_1881.tif
9407,0,0.0,g2_1881.tif
9413,4,0.0325,g2_1883.tif
9414,0,0.0,g2_1883.tif
9415,0,0.0,g2_1883.tif
9416,0,0.0,g2_1883.tif
9417,4,0.0431,g2_1883.tif
9418,0,0.0,g2_1884.tif
9419,0,0.0,g2_1884.tif
9420,0,0.0,g2_1884.tif
9421,0,0.0,g2_1884.tif
9422,0,0.0,g2_1884.tif
9443,1,0.0652,g2_1889.tif
9444,0,0.0,g2_1889.tif
9445,0,0.0,g2_1889.tif
9446,0,0.0,g2_1889.tif
9447,1,0.0089,g2_1889.tif
9488,6,0.0619,g2_1898.tif
9489,1,0.2905,g2_1898.tif
9490,6,0.169,g2_1898.tif
9491,1,0.1344,g2_1898.tif
9492,1,0.25,g2_1898.tif
9493,2,0.2396,g2_1899.tif
9494,1,0.1058,g2_1899.tif
9495,1,0.0957,g2_1899.tif
9496,1,0.3629,g2_1899.tif
9497,1,0.1743,g2_1899.tif
9548,0,0.0,g2_1910.tif
9549,0,0.0,g2_1910.tif
9550,0,0.0,g2_1910.tif
9551,0,0.0,g2_1910.tif
9552,0,0.0,g2_1910.tif
9638,0,0.0,g2_1928.tif
9639,0,0.0,g2_1928.tif
9640,0,0.0,g2_1928.tif
9641,0,0.0,g2_1928.tif
9642,0,0.0,g2_1928.tif
9648,1,0.0656,g2_1930.tif
9649,1,0.0938,g2_1930.tif
9650,1,0.0635,g2_1930.tif
9651,1,0.2364,g2_1930.tif
9652,1,0.355,g2_1930.tif
9698,2,0.0251,g2_1940.tif
9699,3,0.0558,g2_1940.tif
9700,0,0.0,g2_1940.tif
9701,0,0.0,g2_1940.tif
9702,0,0.0,g2_1940.tif
9908,0,0.0,g2_1982.tif
9909,0,0.0,g2_1982.tif
9910,0,0.0,g2_1982.tif
9911,0,0.0,g2_1982.tif
9912,0,0.0,g2_1982.tif
100,0,0.0,g3_0020.tif
101,0,0.0,g3_0020.tif
102,0,0.0,g3_0020.tif
103,0,0.0,g3_0020.tif
104,0,0.0,g3_0020.tif
395,0,0.0,g3_0079.tif
396,0,0.0,g3_0079.tif
397,0,0.0,g3_0079.tif
398,0,0.0,g3_0079.tif
399,0,0.0,g3_0079.tif
480,0,0.0,g3_0096.tif
481,0,0.0,g3_0096.tif
482,0,0.0,g3_0096.tif
483,0,0.0,g3_0096.tif
484,0,0.0,g3_0096.tif
595,0,0.0,g3_0119.tif
596,0,0.0,g3_0119.tif
597,0,0.0,g3_0119.tif
598,0,0.0,g3_0119.tif
599,0,0.0,g3_0119.tif
791,0,0.0,g3_0158.tif
792,0,0.0,g3_0158.tif
793,0,0.0,g3_0158.tif
794,0,0.0,g3_0158.tif
795,0,0.0,g3_0158.tif
1421,1,0.2121,g3_0284.tif
1422,2,0.0094,g3_0284.tif
1423,3,0.0787,g3_0284.tif
1424,1,0.169,g3_0284.tif
1425,1,0.2394,g3_0284.tif
1561,0,0.0,g3_0312.tif
1562,0,0.0,g3_0312.tif
1563,0,0.0,g3_0312.tif
1564,0,0.0,g3_0312.tif
1565,0,0.0,g3_0312.tif
1986,0,0.0,g3_0397.tif
1987,0,0.0,g3_0397.tif
1988,0,0.0,g3_0397.tif
1989,0,0.0,g3_0397.tif
1990,0,0.0,g3_0397.tif
2016,0,0.0,g3_0403.tif
2017,0,0.0,g3_0403.tif
2018,0,0.0,g3_0403.tif
2019,0,0.0,g3_0403.tif
2020,0,0.0,g3_0403.tif
2461,0,0.0,g3_0492.tif
2462,0,0.0,g3_0492.tif
2463,0,0.0,g3_0492.tif
2464,0,0.0,g3_0492.tif
2465,0,0.0,g3_0492.tif
2596,0,0.0,g3_0519.tif
2597,0,0.0,g3_0519.tif
2598,0,0.0,g3_0519.tif
2599,0,0.0,g3_0519.tif
2600,0,0.0,g3_0519.tif
2756,0,0.0,g3_0551.tif
2757,0,0.0,g3_0551.tif
2758,0,0.0,g3_0551.tif
2759,0,0.0,g3_0551.tif
2760,1,0.1235,g3_0551.tif
2916,0,0.0,g3_0583.tif
2917,0,0.0,g3_0583.tif
2918,1,0.0189,g3_0583.tif
2919,0,0.0,g3_0583.tif
2920,0,0.0,g3_0583.tif
3052,0,0.0,g3_0610.tif
3053,0,0.0,g3_0610.tif
3054,0,0.0,g3_0610.tif
3055,0,0.0,g3_0610.tif
3056,0,0.0,g3_0610.tif
3362,0,0.0,g3_0672.tif
3363,0,0.0,g3_0672.tif
3364,0,0.0,g3_0672.tif
3365,0,0.0,g3_0672.tif
3366,0,0.0,g3_0672.tif
3442,0,0.0,g3_0688.tif
3443,0,0.0,g3_0688.tif
3444,0,0.0,g3_0688.tif
3445,0,0.0,g3_0688.tif
3446,0,0.0,g3_0688.tif
3567,0,0.0,g3_0713.tif
3568,0,0.0,g3_0713.tif
3569,0,0.0,g3_0713.tif
3570,0,0.0,g3_0713.tif
3571,0,0.0,g3_0713.tif
3707,0,0.0,g3_0741.tif
3708,0,0.0,g3_0741.tif
3709,0,0.0,g3_0741.tif
3710,0,0.0,g3_0741.tif
3711,0,0.0,g3_0741.tif
3907,0,0.0,g3_0781.tif
3908,0,0.0,g3_0781.tif
3909,0,0.0,g3_0781.tif
3910,0,0.0,g3_0781.tif
3911,0,0.0,g3_0781.tif
3917,0,0.0,g3_0783.tif
3918,2,0.0649,g3_0783.tif
3919,0,0.0,g3_0783.tif
3920,0,0.0,g3_0783.tif
3921,3,0.0675,g3_0783.tif
4627,0,0.0,g3_0926.tif
4628,0,0.0,g3_0926.tif
4629,0,0.0,g3_0926.tif
4630,0,0.0,g3_0926.tif
4631,0,0.0,g3_0926.tif
4772,0,0.0,g3_0955.tif
4773,0,0.0,g3_0955.tif
4774,1,0.0833,g3_0955.tif
4775,1,0.0448,g3_0955.tif
4776,0,0.0,g3_0955.tif
5012,0,0.0,g3_1003.tif
5013,0,0.0,g3_1003.tif
5014,0,0.0,g3_1003.tif
5015,0,0.0,g3_1003.tif
5016,0,0.0,g3_1003.tif
5487,0,0.0,g3_1098.tif
5488,0,0.0,g3_1098.tif
5867,0,0.0,g3_1174.tif
5868,0,0.0,g3_1174.tif
5869,0,0.0,g3_1174.tif
5870,0,0.0,g3_1174.tif
5871,0,0.0,g3_1174.tif
6587,0,0.0,g3_1318.tif
6588,0,0.0,g3_1318.tif
6589,0,0.0,g3_1318.tif
6590,0,0.0,g3_1318.tif
6591,0,0.0,g3_1318.tif
6732,0,0.0,g3_1347.tif
6733,1,0.1053,g3_1347.tif
6734,2,0.2063,g3_1347.tif
6735,0,0.0,g3_1347.tif
6736,0,0.0,g3_1347.tif
6752,0,0.0,g3_1351.tif
6753,0,0.0,g3_1351.tif
6754,0,0.0,g3_1351.tif
6755,0,0.0,g3_1351.tif
6756,0,0.0,g3_1351.tif
7198,0,0.0,g3_1440.tif
7199,0,0.0,g3_1440.tif
7200,0,0.0,g3_1440.tif
7201,0,0.0,g3_1440.tif
7202,0,0.0,g3_1440.tif
7433,0,0.0,g3_1487.tif
7434,0,0.0,g3_1487.tif
7435,0,0.0,g3_1487.tif
7436,0,0.0,g3_1487.tif
7437,0,0.0,g3_1487.tif
7573,2,0.0549,g3_1515.tif
7574,0,0.0,g3_1515.tif
7575,1,0.0074,g3_1515.tif
7576,0,0.0,g3_1515.tif
7577,0,0.0,g3_1515.tif
8738,0,0.0,g3_1748.tif
8739,0,0.0,g3_1748.tif
8740,0,0.0,g3_1748.tif
8741,0,0.0,g3_1748.tif
8742,0,0.0,g3_1748.tif
8848,0,0.0,g3_1770.tif
8849,0,0.0,g3_1770.tif
8850,0,0.0,g3_1770.tif
8851,0,0.0,g3_1770.tif
8852,0,0.0,g3_1770.tif
8923,0,0.0,g3_1785.tif
8924,0,0.0,g3_1785.tif
8925,0,0.0,g3_1785.tif
8926,0,0.0,g3_1785.tif
8927,0,0.0,g3_1785.tif
9178,0,0.0,g3_1836.tif
9179,0,0.0,g3_1836.tif
9180,0,0.0,g3_1836.tif
9181,0,0.0,g3_1836.tif
9182,0,0.0,g3_1836.tif
9268,0,0.0,g3_1854.tif
9269,0,0.0,g3_1854.tif
9270,0,0.0,g3_1854.tif
9271,1,0.2647,g3_1854.tif
9272,0,0.0,g3_1854.tif
9553,0,0.0,g3_1911.tif
9554,0,0.0,g3_1911.tif
9555,0,0.0,g3_1911.tif
9556,0,0.0,g3_1911.tif
9557,0,0.0,g3_1911.tif
9623,0,0.0,g3_1925.tif
9624,0,0.0,g3_1925.tif
9625,0,0.0,g3_1925.tif
9627,0,0.0,g3_1925.tif
9818,0,0.0,g3_1964.tif
9819,0,0.0,g3_1964.tif
9820,0,0.0,g3_1964.tif
9821,1,0.0202,g3_1964.tif
9822,2,0.0435,g3_1964.tif
