country,chip,parcel_id,full_px,hectares,native_10m_px,best_iou,found
india,g0_0030.tif,150,96,0.3529,35.29,0.125,0
india,g0_0030.tif,151,192,0.7058,70.58,0.3177,0
india,g0_0030.tif,152,24,0.08822,8.82,0.0,0
india,g0_0030.tif,153,32,0.11763,11.76,0.0,0
india,g0_0030.tif,154,67,0.24629,24.63,0.0,0
india,g0_0073.tif,365,44,0.16175,16.17,0.4,0
india,g0_0073.tif,366,37,0.13601,13.6,0.1053,0
india,g0_0073.tif,367,81,0.29776,29.78,0.1034,0
india,g0_0073.tif,368,56,0.20586,20.59,0.2556,0
india,g0_0073.tif,369,64,0.23527,23.53,0.3359,0
india,g0_0091.tif,455,67,0.24629,24.63,0.0,0
india,g0_0091.tif,456,78,0.28673,28.67,0.0,0
india,g0_0091.tif,457,48,0.17645,17.64,0.0,0
india,g0_0091.tif,458,92,0.3382,33.82,0.0,0
india,g0_0091.tif,459,43,0.15807,15.81,0.0,0
india,g0_0140.tif,701,160,0.58817,58.82,0.025,0
india,g0_0140.tif,702,414,1.52188,152.19,0.029,0
india,g0_0140.tif,703,331,1.21677,121.68,0.1934,0
india,g0_0140.tif,704,373,1.37116,137.12,0.4772,0
india,g0_0140.tif,705,121,0.4448,44.48,0.5041,1
india,g0_0159.tif,796,55,0.20218,20.22,0.1273,0
india,g0_0159.tif,797,30,0.11028,11.03,0.0,0
india,g0_0159.tif,798,57,0.20953,20.95,0.0,0
india,g0_0159.tif,799,180,0.66169,66.17,0.0,0
india,g0_0159.tif,800,177,0.65066,65.07,0.2486,0
india,g0_0194.tif,971,105,0.38598,38.6,0.6636,1
india,g0_0194.tif,972,129,0.47421,47.42,0.3721,0
india,g0_0194.tif,973,234,0.86019,86.02,0.4473,0
india,g0_0194.tif,974,83,0.30511,30.51,0.199,0
india,g0_0194.tif,975,90,0.33084,33.08,0.0889,0
india,g0_0206.tif,1031,55,0.20218,20.22,0.0,0
india,g0_0206.tif,1032,80,0.29408,29.41,0.0,0
india,g0_0206.tif,1033,94,0.34555,34.55,0.0,0
india,g0_0206.tif,1034,324,1.19104,119.1,0.0,0
india,g0_0206.tif,1035,158,0.58081,58.08,0.0,0
india,g0_0258.tif,1291,21,0.0772,7.72,0.0,0
india,g0_0258.tif,1292,71,0.261,26.1,0.0,0
india,g0_0258.tif,1293,38,0.13969,13.97,0.0,0
india,g0_0258.tif,1294,126,0.46318,46.32,0.0,0
india,g0_0258.tif,1295,220,0.80873,80.87,0.0,0
india,g0_0259.tif,1296,471,1.73141,173.14,0.3045,0
india,g0_0259.tif,1297,279,1.02561,102.56,0.1957,0
india,g0_0259.tif,1298,1984,7.29325,729.33,0.0373,0
india,g0_0259.tif,1299,1856,6.82272,682.27,0.0485,0
india,g0_0259.tif,1300,795,2.92245,292.24,0.7297,1
india,g0_0426.tif,2131,15,0.05514,5.51,0.0625,0
india,g0_0426.tif,2132,16,0.05882,5.88,0.0,0
india,g0_0426.tif,2133,10,0.03676,3.68,0.0,0
india,g0_0426.tif,2134,18,0.06617,6.62,0.0556,0
india,g0_0426.tif,2135,55,0.20218,20.22,0.0364,0
india,g0_0449.tif,2246,30,0.11028,11.03,0.0,0
india,g0_0449.tif,2247,62,0.22791,22.79,0.0,0
india,g0_0449.tif,2248,45,0.16542,16.54,0.0,0
india,g0_0449.tif,2249,35,0.12866,12.87,0.0,0
india,g0_0449.tif,2250,96,0.3529,35.29,0.0833,0
india,g0_0476.tif,2381,189,0.69477,69.48,0.0159,0
india,g0_0476.tif,2382,92,0.3382,33.82,0.0,0
india,g0_0476.tif,2383,106,0.38966,38.97,0.0,0
india,g0_0476.tif,2384,96,0.3529,35.29,0.0,0
india,g0_0476.tif,2385,91,0.33452,33.45,0.0,0
india,g0_0516.tif,2581,92,0.3382,33.82,0.0,0
india,g0_0516.tif,2582,67,0.24629,24.63,0.0,0
india,g0_0516.tif,2583,28,0.10293,10.29,0.0,0
india,g0_0516.tif,2584,29,0.10661,10.66,0.0,0
india,g0_0516.tif,2585,48,0.17645,17.64,0.0,0
india,g0_0566.tif,2831,46,0.1691,16.91,0.0,0
india,g0_0566.tif,2832,27,0.09925,9.93,0.0,0
india,g0_0566.tif,2833,31,0.11396,11.4,0.0,0
india,g0_0566.tif,2834,34,0.12499,12.5,0.0,0
india,g0_0566.tif,2835,33,0.12131,12.13,0.0,0
india,g0_0586.tif,2931,52,0.19115,19.12,0.0,0
india,g0_0586.tif,2932,152,0.55876,55.88,0.1842,0
india,g0_0586.tif,2933,258,0.94842,94.84,0.1783,0
india,g0_0586.tif,2934,61,0.22424,22.42,0.0164,0
india,g0_0586.tif,2935,156,0.57346,57.35,0.2372,0
india,g0_0590.tif,2951,221,0.8124,81.24,0.0362,0
india,g0_0590.tif,2952,319,1.17266,117.27,0.0,0
india,g0_0590.tif,2953,627,2.30487,230.49,0.0319,0
india,g0_0590.tif,2954,288,1.0587,105.87,0.0382,0
india,g0_0590.tif,2955,345,1.26823,126.82,0.0203,0
india,g0_0628.tif,3142,295,1.08443,108.44,0.0,0
india,g0_0628.tif,3143,179,0.65801,65.8,0.0,0
india,g0_0628.tif,3144,93,0.34187,34.19,0.0,0
india,g0_0628.tif,3145,147,0.54038,54.04,0.0,0
india,g0_0628.tif,3146,117,0.4301,43.01,0.0,0
india,g0_0629.tif,3147,25,0.0919,9.19,0.0,0
india,g0_0629.tif,3148,49,0.18013,18.01,0.0,0
india,g0_0629.tif,3149,32,0.11763,11.76,0.0,0
india,g0_0629.tif,3150,33,0.12131,12.13,0.0,0
india,g0_0629.tif,3151,64,0.23527,23.53,0.0,0
india,g0_0633.tif,3167,65,0.23894,23.89,0.0,0
india,g0_0633.tif,3168,165,0.60655,60.65,0.0,0
india,g0_0633.tif,3169,540,1.98506,198.51,0.0,0
india,g0_0633.tif,3170,145,0.53303,53.3,0.0069,0
india,g0_0633.tif,3171,90,0.33084,33.08,0.0222,0
india,g0_0650.tif,3252,35,0.12866,12.87,0.0,0
india,g0_0650.tif,3253,28,0.10293,10.29,0.0,0
india,g0_0650.tif,3254,46,0.1691,16.91,0.0,0
india,g0_0650.tif,3255,44,0.16175,16.17,0.0,0
india,g0_0650.tif,3256,50,0.1838,18.38,0.0,0
india,g0_0696.tif,3482,37,0.13601,13.6,0.0,0
india,g0_0696.tif,3483,48,0.17645,17.64,0.0,0
india,g0_0696.tif,3484,10,0.03676,3.68,0.0,0
india,g0_0696.tif,3485,45,0.16542,16.54,0.0,0
india,g0_0696.tif,3486,23,0.08455,8.45,0.0,0
india,g0_0705.tif,3527,28,0.10293,10.29,0.0,0
india,g0_0705.tif,3528,18,0.06617,6.62,0.0,0
india,g0_0705.tif,3529,31,0.11396,11.4,0.0,0
india,g0_0705.tif,3530,31,0.11396,11.4,0.0,0
india,g0_0705.tif,3531,21,0.0772,7.72,0.0,0
india,g0_0710.tif,3552,49,0.18013,18.01,0.0,0
india,g0_0710.tif,3553,36,0.13234,13.23,0.0,0
india,g0_0710.tif,3554,29,0.10661,10.66,0.0,0
india,g0_0710.tif,3555,45,0.16542,16.54,0.0,0
india,g0_0710.tif,3556,41,0.15072,15.07,0.0,0
india,g0_0724.tif,3622,72,0.26467,26.47,0.1707,0
india,g0_0724.tif,3623,82,0.30143,30.14,0.2957,0
india,g0_0724.tif,3624,69,0.25365,25.36,0.1205,0
india,g0_0724.tif,3625,82,0.30143,30.14,0.2845,0
india,g0_0724.tif,3626,108,0.39701,39.7,0.0093,0
india,g0_0737.tif,3687,297,1.09178,109.18,0.2963,0
india,g0_0737.tif,3688,215,0.79035,79.03,0.3864,0
india,g0_0737.tif,3689,181,0.66536,66.54,0.2597,0
india,g0_0737.tif,3690,278,1.02194,102.19,0.3178,0
india,g0_0737.tif,3691,274,1.00723,100.72,0.1697,0
india,g0_0773.tif,3867,374,1.37484,137.48,0.2219,0
india,g0_0773.tif,3868,433,1.59172,159.17,0.0554,0
india,g0_0773.tif,3869,193,0.70947,70.95,0.5048,1
india,g0_0773.tif,3870,162,0.59552,59.55,0.1173,0
india,g0_0773.tif,3871,285,1.04767,104.77,0.566,1
india,g0_0792.tif,3957,66,0.24262,24.26,0.0,0
india,g0_0792.tif,3958,39,0.14337,14.34,0.0,0
india,g0_0792.tif,3959,39,0.14337,14.34,0.0,0
india,g0_0792.tif,3960,50,0.1838,18.38,0.0,0
india,g0_0792.tif,3961,46,0.1691,16.91,0.0217,0
india,g0_0803.tif,4012,34,0.12499,12.5,0.26,0
india,g0_0803.tif,4013,46,0.1691,16.91,0.2115,0
india,g0_0803.tif,4014,40,0.14704,14.7,0.2609,0
india,g0_0803.tif,4015,46,0.1691,16.91,0.2712,0
india,g0_0803.tif,4016,46,0.1691,16.91,0.1053,0
india,g0_0807.tif,4032,37,0.13601,13.6,0.0,0
india,g0_0807.tif,4033,18,0.06617,6.62,0.0,0
india,g0_0807.tif,4034,28,0.10293,10.29,0.0,0
india,g0_0807.tif,4035,18,0.06617,6.62,0.0,0
india,g0_0807.tif,4036,21,0.0772,7.72,0.0,0
india,g0_0808.tif,4037,356,1.30867,130.87,0.0056,0
india,g0_0808.tif,4038,233,0.85652,85.65,0.03,0
india,g0_0808.tif,4039,240,0.88225,88.22,0.0375,0
india,g0_0808.tif,4040,195,0.71683,71.68,0.041,0
india,g0_0808.tif,4041,128,0.47053,47.05,0.3594,0
india,g0_0879.tif,4392,183,0.67271,67.27,0.0,0
india,g0_0879.tif,4393,382,1.40425,140.42,0.4529,0
india,g0_0879.tif,4394,339,1.24618,124.62,0.0236,0
india,g0_0879.tif,4395,170,0.62493,62.49,0.0,0
india,g0_0879.tif,4396,380,1.39689,139.69,0.2353,0
india,g0_0943.tif,4712,147,0.54038,54.04,0.3265,0
india,g0_0943.tif,4713,69,0.25365,25.36,0.2609,0
india,g0_0943.tif,4714,144,0.52935,52.93,0.3264,0
india,g0_0943.tif,4715,239,0.87857,87.86,0.0544,0
india,g0_0943.tif,4716,147,0.54038,54.04,0.2396,0
india,g0_0957.tif,4782,160,0.58817,58.82,0.0312,0
india,g0_0957.tif,4783,128,0.47053,47.05,0.0444,0
india,g0_0957.tif,4784,183,0.67271,67.27,0.0874,0
india,g0_0957.tif,4785,202,0.74256,74.26,0.0891,0
india,g0_0957.tif,4786,141,0.51832,51.83,0.0,0
india,g0_0979.tif,4892,210,0.77197,77.2,0.0286,0
india,g0_0979.tif,4893,179,0.65801,65.8,0.113,0
india,g0_0979.tif,4894,316,1.16163,116.16,0.2177,0
india,g0_0979.tif,4895,216,0.79402,79.4,0.162,0
india,g0_0979.tif,4896,174,0.63963,63.96,0.2985,0
india,g0_1005.tif,5022,208,0.76462,76.46,0.274,0
india,g0_1005.tif,5023,238,0.8749,87.49,0.1891,0
india,g0_1005.tif,5024,313,1.1506,115.06,0.0447,0
india,g0_1005.tif,5025,315,1.15795,115.8,0.0667,0
india,g0_1005.tif,5026,327,1.20206,120.21,0.0703,0
india,g0_1180.tif,5897,317,1.1653,116.53,0.0,0
india,g0_1180.tif,5898,264,0.97047,97.05,0.1288,0
india,g0_1180.tif,5899,177,0.65066,65.07,0.0,0
india,g0_1180.tif,5900,862,3.16874,316.87,0.0012,0
india,g0_1180.tif,5901,848,3.11728,311.73,0.1274,0
india,g0_1210.tif,6047,88,0.32349,32.35,0.0114,0
india,g0_1210.tif,6048,39,0.14337,14.34,0.0,0
india,g0_1210.tif,6049,48,0.17645,17.64,0.0,0
india,g0_1210.tif,6050,123,0.45215,45.22,0.0,0
india,g0_1210.tif,6051,57,0.20953,20.95,0.0175,0
india,g0_1234.tif,6167,167,0.6139,61.39,0.0,0
india,g0_1234.tif,6168,147,0.54038,54.04,0.0,0
india,g0_1234.tif,6169,105,0.38598,38.6,0.0,0
india,g0_1234.tif,6170,101,0.37128,37.13,0.0,0
india,g0_1234.tif,6171,229,0.84181,84.18,0.0262,0
india,g0_1243.tif,6212,262,0.96312,96.31,0.0,0
india,g0_1243.tif,6213,315,1.15795,115.8,0.1111,0
india,g0_1243.tif,6214,217,0.7977,79.77,0.0,0
india,g0_1243.tif,6215,78,0.28673,28.67,0.0128,0
india,g0_1243.tif,6216,56,0.20586,20.59,0.0,0
india,g0_1245.tif,6222,18,0.06617,6.62,0.0,0
india,g0_1245.tif,6223,21,0.0772,7.72,0.0,0
india,g0_1245.tif,6224,22,0.08087,8.09,0.0,0
india,g0_1245.tif,6225,16,0.05882,5.88,0.0,0
india,g0_1245.tif,6226,24,0.08822,8.82,0.0,0
india,g0_1263.tif,6312,98,0.36025,36.03,0.1172,0
india,g0_1263.tif,6313,121,0.4448,44.48,0.4809,0
india,g0_1263.tif,6314,145,0.53303,53.3,0.2193,0
india,g0_1263.tif,6315,214,0.78667,78.67,0.2383,0
india,g0_1263.tif,6316,205,0.75359,75.36,0.5837,1
india,g0_1316.tif,6577,43,0.15807,15.81,0.0,0
india,g0_1316.tif,6578,28,0.10293,10.29,0.0,0
india,g0_1316.tif,6579,32,0.11763,11.76,0.0,0
india,g0_1316.tif,6580,82,0.30143,30.14,0.0,0
india,g0_1316.tif,6581,38,0.13969,13.97,0.0,0
india,g0_1343.tif,6712,182,0.66904,66.9,0.2527,0
india,g0_1343.tif,6713,344,1.26456,126.46,0.311,0
india,g0_1343.tif,6714,340,1.24985,124.99,0.0529,0
india,g0_1343.tif,6715,482,1.77185,177.18,0.3485,0
india,g0_1343.tif,6716,616,2.26444,226.44,0.59,1
india,g0_1367.tif,6832,71,0.261,26.1,0.0,0
india,g0_1367.tif,6833,76,0.27938,27.94,0.0,0
india,g0_1367.tif,6834,157,0.57714,57.71,0.0,0
india,g0_1367.tif,6835,107,0.39334,39.33,0.0,0
india,g0_1367.tif,6836,82,0.30143,30.14,0.0976,0
india,g0_1399.tif,6993,331,1.21677,121.68,0.0091,0
india,g0_1399.tif,6994,219,0.80505,80.51,0.2831,0
india,g0_1399.tif,6995,214,0.78667,78.67,0.028,0
india,g0_1399.tif,6996,192,0.7058,70.58,0.0156,0
india,g0_1399.tif,6997,418,1.53658,153.66,0.0096,0
india,g0_1402.tif,7008,161,0.59184,59.18,0.0621,0
india,g0_1402.tif,7009,110,0.40436,40.44,0.3636,0
india,g0_1402.tif,7010,89,0.32717,32.72,0.1513,0
india,g0_1402.tif,7011,106,0.38966,38.97,0.0472,0
india,g0_1402.tif,7012,215,0.79035,79.03,0.6419,1
india,g0_1460.tif,7298,115,0.42274,42.27,0.4532,0
india,g0_1460.tif,7299,98,0.36025,36.03,0.1491,0
india,g0_1460.tif,7300,118,0.43377,43.38,0.4407,0
india,g0_1460.tif,7301,101,0.37128,37.13,0.0495,0
india,g0_1460.tif,7302,202,0.74256,74.26,0.3407,0
india,g0_1489.tif,7443,147,0.54038,54.04,0.1954,0
india,g0_1489.tif,7444,194,0.71315,71.32,0.2708,0
india,g0_1489.tif,7445,257,0.94474,94.47,0.5253,1
india,g0_1489.tif,7446,255,0.93739,93.74,0.6,1
india,g0_1489.tif,7447,184,0.67639,67.64,0.6685,1
india,g0_1494.tif,7468,130,0.47788,47.79,0.0308,0
india,g0_1494.tif,7469,227,0.83446,83.45,0.0,0
india,g0_1494.tif,7470,91,0.33452,33.45,0.1978,0
india,g0_1494.tif,7471,257,0.94474,94.47,0.0,0
india,g0_1494.tif,7472,382,1.40425,140.42,0.0131,0
india,g0_1504.tif,7518,48,0.17645,17.64,0.0,0
india,g0_1504.tif,7519,76,0.27938,27.94,0.0,0
india,g0_1504.tif,7520,79,0.29041,29.04,0.0,0
india,g0_1504.tif,7521,36,0.13234,13.23,0.0,0
india,g0_1504.tif,7522,43,0.15807,15.81,0.0,0
india,g0_1507.tif,7533,23,0.08455,8.45,0.0738,0
india,g0_1507.tif,7534,27,0.09925,9.93,0.2054,0
india,g0_1507.tif,7535,41,0.15072,15.07,0.1825,0
india,g0_1507.tif,7536,23,0.08455,8.45,0.0565,0
india,g0_1507.tif,7537,38,0.13969,13.97,0.2373,0
india,g0_1539.tif,7693,158,0.58081,58.08,0.0,0
india,g0_1539.tif,7694,128,0.47053,47.05,0.0,0
india,g0_1539.tif,7695,352,1.29396,129.4,0.0,0
india,g0_1539.tif,7696,929,3.41504,341.5,0.0086,0
india,g0_1539.tif,7697,329,1.20942,120.94,0.0,0
india,g0_1550.tif,7748,108,0.39701,39.7,0.0,0
india,g0_1550.tif,7749,99,0.36393,36.39,0.0606,0
india,g0_1550.tif,7750,80,0.29408,29.41,0.15,0
india,g0_1550.tif,7751,128,0.47053,47.05,0.0,0
india,g0_1550.tif,7752,64,0.23527,23.53,0.5147,1
india,g0_1607.tif,8033,354,1.30132,130.13,0.3034,0
india,g0_1607.tif,8034,300,1.10281,110.28,0.4667,0
india,g0_1607.tif,8035,562,2.06593,206.59,0.5552,1
india,g0_1607.tif,8036,245,0.90063,90.06,0.6163,1
india,g0_1607.tif,8037,361,1.32705,132.7,0.5912,1
india,g0_1635.tif,8173,160,0.58817,58.82,0.0062,0
india,g0_1635.tif,8174,110,0.40436,40.44,0.0,0
india,g0_1635.tif,8175,114,0.41907,41.91,0.0087,0
india,g0_1635.tif,8176,108,0.39701,39.7,0.0,0
india,g0_1635.tif,8177,162,0.59552,59.55,0.0247,0
india,g0_1651.tif,8253,343,1.26088,126.09,0.3526,0
india,g0_1651.tif,8254,317,1.1653,116.53,0.082,0
india,g0_1651.tif,8255,352,1.29396,129.4,0.2898,0
india,g0_1651.tif,8256,344,1.26456,126.46,0.2645,0
india,g0_1651.tif,8257,343,1.26088,126.09,0.3499,0
india,g0_1687.tif,8433,96,0.3529,35.29,0.0,0
india,g0_1687.tif,8434,60,0.22056,22.06,0.0,0
india,g0_1687.tif,8435,52,0.19115,19.12,0.0192,0
india,g0_1687.tif,8436,102,0.37496,37.5,0.098,0
india,g0_1687.tif,8437,59,0.21689,21.69,0.0,0
india,g0_1721.tif,8603,100,0.3676,36.76,0.0,0
india,g0_1721.tif,8604,100,0.3676,36.76,0.0,0
india,g0_1721.tif,8605,83,0.30511,30.51,0.0,0
india,g0_1721.tif,8606,135,0.49626,49.63,0.0,0
india,g0_1721.tif,8607,231,0.84916,84.92,0.0,0
india,g0_1762.tif,8808,119,0.43745,43.74,0.0084,0
india,g0_1762.tif,8809,94,0.34555,34.55,0.0,0
india,g0_1762.tif,8810,77,0.28305,28.31,0.0,0
india,g0_1762.tif,8811,101,0.37128,37.13,0.0,0
india,g0_1762.tif,8812,91,0.33452,33.45,0.0,0
india,g0_1776.tif,8878,78,0.28673,28.67,0.0,0
india,g0_1776.tif,8879,69,0.25365,25.36,0.0,0
india,g0_1776.tif,8880,61,0.22424,22.42,0.0,0
india,g0_1776.tif,8881,115,0.42274,42.27,0.0,0
india,g0_1776.tif,8882,51,0.18748,18.75,0.0,0
india,g0_1794.tif,8968,50,0.1838,18.38,0.0,0
india,g0_1794.tif,8969,41,0.15072,15.07,0.0,0
india,g0_1794.tif,8970,71,0.261,26.1,0.0106,0
india,g0_1794.tif,8971,39,0.14337,14.34,0.0,0
india,g0_1794.tif,8972,43,0.15807,15.81,0.0,0
india,g0_1806.tif,9028,254,0.93371,93.37,0.0787,0
india,g0_1806.tif,9029,209,0.76829,76.83,0.1531,0
india,g0_1806.tif,9030,208,0.76462,76.46,0.1587,0
india,g0_1806.tif,9031,133,0.48891,48.89,0.2632,0
india,g0_1806.tif,9032,120,0.44112,44.11,0.425,0
india,g0_1820.tif,9098,19,0.06984,6.98,0.0,0
india,g0_1820.tif,9099,38,0.13969,13.97,0.0,0
india,g0_1820.tif,9100,28,0.10293,10.29,0.0,0
india,g0_1820.tif,9101,38,0.13969,13.97,0.0,0
india,g0_1820.tif,9102,44,0.16175,16.17,0.0,0
india,g0_1822.tif,9108,111,0.40804,40.8,0.0,0
india,g0_1822.tif,9109,88,0.32349,32.35,0.0,0
india,g0_1822.tif,9110,83,0.30511,30.51,0.0,0
india,g0_1822.tif,9111,97,0.35658,35.66,0.0,0
india,g0_1822.tif,9112,101,0.37128,37.13,0.0,0
india,g0_1839.tif,9193,47,0.17277,17.28,0.0,0
india,g0_1839.tif,9194,183,0.67271,67.27,0.071,0
india,g0_1839.tif,9195,81,0.29776,29.78,0.358,0
india,g0_1839.tif,9196,251,0.92268,92.27,0.0319,0
india,g0_1839.tif,9197,267,0.9815,98.15,0.0487,0
india,g0_1845.tif,9223,87,0.31982,31.98,0.0,0
india,g0_1845.tif,9224,70,0.25732,25.73,0.0,0
india,g0_1845.tif,9225,123,0.45215,45.22,0.0,0
india,g0_1845.tif,9226,74,0.27203,27.2,0.0,0
india,g0_1845.tif,9227,117,0.4301,43.01,0.0598,0
india,g0_1850.tif,9248,64,0.23527,23.53,0.0,0
india,g0_1850.tif,9249,35,0.12866,12.87,0.0,0
india,g0_1850.tif,9250,120,0.44112,44.11,0.0,0
india,g0_1850.tif,9251,54,0.19851,19.85,0.0,0
india,g0_1850.tif,9252,76,0.27938,27.94,0.0,0
india,g0_1869.tif,9343,119,0.43745,43.74,0.1513,0
india,g0_1869.tif,9344,243,0.89328,89.33,0.1564,0
india,g0_1869.tif,9345,67,0.24629,24.63,0.152,0
india,g0_1869.tif,9346,237,0.87122,87.12,0.1273,0
india,g0_1869.tif,9347,176,0.64698,64.7,0.1932,0
india,g0_1901.tif,9503,88,0.32349,32.35,0.0,0
india,g0_1901.tif,9504,77,0.28305,28.31,0.0,0
india,g0_1901.tif,9505,273,1.00356,100.36,0.0073,0
india,g0_1901.tif,9506,195,0.71683,71.68,0.0308,0
india,g0_1901.tif,9507,204,0.74991,74.99,0.0,0
india,g0_1922.tif,9608,60,0.22056,22.06,0.25,0
india,g0_1922.tif,9609,213,0.783,78.3,0.0329,0
india,g0_1922.tif,9610,104,0.38231,38.23,0.0,0
india,g0_1922.tif,9611,263,0.9668,96.68,0.019,0
india,g0_1922.tif,9612,80,0.29408,29.41,0.0,0
india,g0_1938.tif,9688,138,0.50729,50.73,0.0,0
india,g0_1938.tif,9689,100,0.3676,36.76,0.09,0
india,g0_1938.tif,9690,213,0.783,78.3,0.0657,0
india,g0_1938.tif,9691,87,0.31982,31.98,0.0115,0
india,g0_1938.tif,9692,163,0.59919,59.92,0.0,0
india,g0_1951.tif,9753,63,0.23159,23.16,0.0,0
india,g0_1951.tif,9754,60,0.22056,22.06,0.3103,0
india,g0_1951.tif,9755,81,0.29776,29.78,0.25,0
india,g0_1951.tif,9756,33,0.12131,12.13,0.0,0
india,g0_1951.tif,9757,43,0.15807,15.81,0.0698,0
india,g0_1985.tif,9923,273,1.00356,100.36,0.0366,0
india,g0_1985.tif,9924,414,1.52188,152.19,0.0048,0
india,g0_1985.tif,9925,45,0.16542,16.54,0.0,0
india,g0_1985.tif,9926,74,0.27203,27.2,0.0,0
india,g0_1985.tif,9927,128,0.47053,47.05,0.0,0
india,g1_0255.tif,1276,27,0.09925,9.93,0.0,0
india,g1_0255.tif,1277,13,0.04779,4.78,0.0,0
india,g1_0255.tif,1278,32,0.11763,11.76,0.0,0
india,g1_0255.tif,1279,29,0.10661,10.66,0.0,0
india,g1_0255.tif,1280,19,0.06984,6.98,0.0,0
india,g1_0263.tif,1317,34,0.12499,12.5,0.0,0
india,g1_0263.tif,1318,122,0.44848,44.85,0.0,0
india,g1_0263.tif,1319,21,0.0772,7.72,0.0,0
india,g1_0263.tif,1320,20,0.07352,7.35,0.0,0
india,g1_0264.tif,1321,55,0.20218,20.22,0.0,0
india,g1_0264.tif,1322,27,0.09925,9.93,0.0,0
india,g1_0264.tif,1323,38,0.13969,13.97,0.0,0
india,g1_0264.tif,1324,30,0.11028,11.03,0.0,0
india,g1_0264.tif,1325,46,0.1691,16.91,0.0,0
india,g1_0474.tif,2371,10,0.03676,3.68,0.0,0
india,g1_0474.tif,2372,38,0.13969,13.97,0.0,0
india,g1_0474.tif,2373,30,0.11028,11.03,0.0,0
india,g1_0474.tif,2374,17,0.06249,6.25,0.0,0
india,g1_0474.tif,2375,21,0.0772,7.72,0.0,0
india,g1_0482.tif,2411,51,0.18748,18.75,0.037,0
india,g1_0482.tif,2412,37,0.13601,13.6,0.0769,0
india,g1_0482.tif,2413,123,0.45215,45.22,0.0,0
india,g1_0482.tif,2414,120,0.44112,44.11,0.0,0
india,g1_0482.tif,2415,124,0.45583,45.58,0.0,0
india,g1_0530.tif,2651,85,0.31246,31.25,0.0,0
india,g1_0530.tif,2652,46,0.1691,16.91,0.0,0
india,g1_0530.tif,2653,23,0.08455,8.45,0.0,0
india,g1_0530.tif,2654,33,0.12131,12.13,0.0,0
india,g1_0530.tif,2655,65,0.23894,23.89,0.0,0
india,g1_0589.tif,2946,38,0.13969,13.97,0.0,0
india,g1_0589.tif,2947,43,0.15807,15.81,0.0,0
india,g1_0589.tif,2948,67,0.24629,24.63,0.0,0
india,g1_0589.tif,2949,71,0.261,26.1,0.0,0
india,g1_0589.tif,2950,44,0.16175,16.17,0.0,0
india,g1_0730.tif,3652,104,0.38231,38.23,0.0,0
india,g1_0730.tif,3653,82,0.30143,30.14,0.0,0
india,g1_0730.tif,3654,68,0.24997,25.0,0.0,0
india,g1_0730.tif,3655,64,0.23527,23.53,0.0,0
india,g1_0730.tif,3656,114,0.41907,41.91,0.0,0
india,g1_0775.tif,3877,58,0.21321,21.32,0.0,0
india,g1_0775.tif,3878,56,0.20586,20.59,0.0,0
india,g1_0775.tif,3879,61,0.22424,22.42,0.0,0
india,g1_0775.tif,3880,36,0.13234,13.23,0.0,0
india,g1_0775.tif,3881,61,0.22424,22.42,0.0,0
india,g1_0817.tif,4082,75,0.2757,27.57,0.0,0
india,g1_0817.tif,4083,62,0.22791,22.79,0.0,0
india,g1_0817.tif,4084,61,0.22424,22.42,0.0,0
india,g1_0817.tif,4085,87,0.31982,31.98,0.0,0
india,g1_0817.tif,4086,81,0.29776,29.78,0.0,0
india,g1_0890.tif,4447,72,0.26467,26.47,0.0,0
india,g1_0890.tif,4448,75,0.2757,27.57,0.0,0
india,g1_0890.tif,4449,75,0.2757,27.57,0.0,0
india,g1_0890.tif,4450,37,0.13601,13.6,0.0,0
india,g1_0890.tif,4451,37,0.13601,13.6,0.0,0
india,g1_1012.tif,5057,50,0.1838,18.38,0.0,0
india,g1_1012.tif,5058,40,0.14704,14.7,0.175,0
india,g1_1012.tif,5059,44,0.16175,16.17,0.0,0
india,g1_1012.tif,5060,44,0.16175,16.17,0.0,0
india,g1_1012.tif,5061,63,0.23159,23.16,0.0,0
india,g1_1072.tif,5357,32,0.11763,11.76,0.0,0
india,g1_1072.tif,5358,21,0.0772,7.72,0.0,0
india,g1_1072.tif,5359,19,0.06984,6.98,0.0,0
india,g1_1072.tif,5360,29,0.10661,10.66,0.0,0
india,g1_1072.tif,5361,30,0.11028,11.03,0.0,0
india,g1_1136.tif,5677,56,0.20586,20.59,0.0,0
india,g1_1136.tif,5678,103,0.37863,37.86,0.0,0
india,g1_1136.tif,5679,101,0.37128,37.13,0.0,0
india,g1_1136.tif,5680,72,0.26467,26.47,0.0,0
india,g1_1136.tif,5681,66,0.24262,24.26,0.0,0
india,g1_1191.tif,5952,26,0.09558,9.56,0.0,0
india,g1_1191.tif,5953,17,0.06249,6.25,0.0,0
india,g1_1191.tif,5954,26,0.09558,9.56,0.0,0
india,g1_1191.tif,5955,23,0.08455,8.45,0.0,0
india,g1_1191.tif,5956,25,0.0919,9.19,0.0,0
india,g1_1248.tif,6237,49,0.18013,18.01,0.0,0
india,g1_1248.tif,6238,32,0.11763,11.76,0.0,0
india,g1_1248.tif,6239,61,0.22424,22.42,0.0,0
india,g1_1248.tif,6240,61,0.22424,22.42,0.0,0
india,g1_1248.tif,6241,70,0.25732,25.73,0.0,0
india,g1_1530.tif,7648,27,0.09925,9.93,0.0,0
india,g1_1530.tif,7649,26,0.09558,9.56,0.0,0
india,g1_1530.tif,7650,30,0.11028,11.03,0.0,0
india,g1_1530.tif,7651,31,0.11396,11.4,0.0,0
india,g1_1530.tif,7652,42,0.15439,15.44,0.0,0
india,g1_1556.tif,7778,64,0.23527,23.53,0.0,0
india,g1_1556.tif,7779,99,0.36393,36.39,0.0,0
india,g1_1556.tif,7780,65,0.23894,23.89,0.0,0
india,g1_1556.tif,7781,86,0.31614,31.61,0.0,0
india,g1_1556.tif,7782,221,0.8124,81.24,0.0,0
india,g1_1578.tif,7888,39,0.14337,14.34,0.0,0
india,g1_1578.tif,7889,38,0.13969,13.97,0.0,0
india,g1_1578.tif,7890,64,0.23527,23.53,0.0,0
india,g1_1578.tif,7891,74,0.27203,27.2,0.0,0
india,g1_1578.tif,7892,24,0.08822,8.82,0.0,0
india,g1_1703.tif,8513,36,0.13234,13.23,0.0,0
india,g1_1703.tif,8514,42,0.15439,15.44,0.0,0
india,g1_1703.tif,8515,33,0.12131,12.13,0.0,0
india,g1_1703.tif,8516,41,0.15072,15.07,0.0,0
india,g1_1703.tif,8517,49,0.18013,18.01,0.0,0
india,g1_1747.tif,8733,50,0.1838,18.38,0.0,0
india,g1_1747.tif,8734,81,0.29776,29.78,0.0,0
india,g1_1747.tif,8735,38,0.13969,13.97,0.0,0
india,g1_1747.tif,8736,51,0.18748,18.75,0.0,0
india,g1_1747.tif,8737,32,0.11763,11.76,0.0,0
india,g1_1828.tif,9138,10,0.03676,3.68,0.0,0
india,g1_1828.tif,9139,14,0.05146,5.15,0.0,0
india,g1_1828.tif,9140,9,0.03308,3.31,0.0,0
india,g1_1828.tif,9141,39,0.14337,14.34,0.0,0
india,g1_1828.tif,9142,19,0.06984,6.98,0.0,0
india,g1_1874.tif,9368,91,0.33452,33.45,0.0,0
india,g1_1874.tif,9369,63,0.23159,23.16,0.0,0
india,g1_1874.tif,9370,95,0.34922,34.92,0.0,0
india,g1_1874.tif,9371,63,0.23159,23.16,0.0,0
india,g1_1874.tif,9372,52,0.19115,19.12,0.0,0
india,g1_1880.tif,9398,44,0.16175,16.17,0.0,0
india,g1_1880.tif,9399,81,0.29776,29.78,0.0,0
india,g1_1880.tif,9400,81,0.29776,29.78,0.0,0
india,g1_1880.tif,9401,87,0.31982,31.98,0.0,0
india,g1_1880.tif,9402,48,0.17645,17.64,0.0,0
india,g1_1927.tif,9633,378,1.38954,138.95,0.0,0
india,g1_1927.tif,9634,82,0.30143,30.14,0.0,0
india,g1_1927.tif,9635,53,0.19483,19.48,0.0,0
india,g1_1927.tif,9636,23,0.08455,8.45,0.0,0
india,g1_1927.tif,9637,24,0.08822,8.82,0.0,0
india,g1_1932.tif,9658,86,0.31614,31.61,0.0,0
india,g1_1932.tif,9659,62,0.22791,22.79,0.0,0
india,g1_1932.tif,9660,59,0.21689,21.69,0.0,0
india,g1_1932.tif,9661,40,0.14704,14.7,0.0,0
india,g1_1932.tif,9662,20,0.07352,7.35,0.0,0
india,g1_1946.tif,9728,73,0.26835,26.84,0.0,0
india,g1_1946.tif,9729,20,0.07352,7.35,0.0,0
india,g1_1946.tif,9730,33,0.12131,12.13,0.0,0
india,g1_1946.tif,9731,62,0.22791,22.79,0.0,0
india,g1_1946.tif,9732,56,0.20586,20.59,0.0,0
india,g1_1962.tif,9808,13,0.04779,4.78,0.0,0
india,g1_1962.tif,9809,21,0.0772,7.72,0.0,0
india,g1_1962.tif,9810,25,0.0919,9.19,0.0,0
india,g1_1962.tif,9811,33,0.12131,12.13,0.0,0
india,g1_1962.tif,9812,28,0.10293,10.29,0.0,0
india,g1_1975.tif,9873,69,0.25365,25.36,0.0,0
india,g1_1975.tif,9874,35,0.12866,12.87,0.0,0
india,g1_1975.tif,9875,48,0.17645,17.64,0.0,0
india,g1_1975.tif,9876,28,0.10293,10.29,0.0,0
india,g1_1975.tif,9877,57,0.20953,20.95,0.0175,0
india,g2_0000.tif,1,173,0.63595,63.6,0.0,0
india,g2_0000.tif,2,63,0.23159,23.16,0.0,0
india,g2_0000.tif,3,171,0.6286,62.86,0.0,0
india,g2_0000.tif,4,183,0.67271,67.27,0.0,0
india,g2_0002.tif,10,51,0.18748,18.75,0.0,0
india,g2_0002.tif,11,62,0.22791,22.79,0.0,0
india,g2_0002.tif,12,97,0.35658,35.66,0.0,0
india,g2_0002.tif,13,40,0.14704,14.7,0.0,0
india,g2_0002.tif,14,61,0.22424,22.42,0.6364,1
india,g2_0006.tif,30,67,0.24629,24.63,0.0,0
india,g2_0006.tif,31,55,0.20218,20.22,0.0,0
india,g2_0006.tif,32,132,0.48524,48.52,0.0,0
india,g2_0006.tif,33,121,0.4448,44.48,0.0,0
india,g2_0006.tif,34,165,0.60655,60.65,0.0,0
india,g2_0007.tif,35,177,0.65066,65.07,0.0056,0
india,g2_0007.tif,36,75,0.2757,27.57,0.0,0
india,g2_0007.tif,37,78,0.28673,28.67,0.0,0
india,g2_0007.tif,38,105,0.38598,38.6,0.0,0
india,g2_0007.tif,39,99,0.36393,36.39,0.0,0
india,g2_0010.tif,50,109,0.40069,40.07,0.0,0
india,g2_0010.tif,51,53,0.19483,19.48,0.0,0
india,g2_0010.tif,52,123,0.45215,45.22,0.0,0
india,g2_0010.tif,53,110,0.40436,40.44,0.0,0
india,g2_0010.tif,54,149,0.54773,54.77,0.0,0
india,g2_0011.tif,55,452,1.66157,166.16,0.0044,0
india,g2_0011.tif,56,293,1.07708,107.71,0.0,0
india,g2_0011.tif,57,275,1.01091,101.09,0.0,0
india,g2_0011.tif,58,512,1.88213,188.21,0.0117,0
india,g2_0011.tif,59,177,0.65066,65.07,0.0339,0
india,g2_0013.tif,65,109,0.40069,40.07,0.0,0
india,g2_0013.tif,66,376,1.38219,138.22,0.0,0
india,g2_0013.tif,67,373,1.37116,137.12,0.0,0
india,g2_0013.tif,68,209,0.76829,76.83,0.067,0
india,g2_0013.tif,69,142,0.522,52.2,0.0423,0
india,g2_0017.tif,85,45,0.16542,16.54,0.3111,0
india,g2_0017.tif,86,414,1.52188,152.19,0.5797,1
india,g2_0017.tif,87,82,0.30143,30.14,0.4878,0
india,g2_0017.tif,88,349,1.28294,128.29,0.2579,0
india,g2_0017.tif,89,236,0.86754,86.75,0.4557,0
india,g2_0018.tif,90,75,0.2757,27.57,0.0,0
india,g2_0018.tif,91,112,0.41172,41.17,0.0,0
india,g2_0018.tif,92,78,0.28673,28.67,0.0,0
india,g2_0018.tif,93,77,0.28305,28.31,0.0,0
india,g2_0018.tif,94,91,0.33452,33.45,0.0,0
india,g2_0022.tif,110,65,0.23894,23.89,0.0,0
india,g2_0022.tif,111,74,0.27203,27.2,0.0,0
india,g2_0022.tif,112,60,0.22056,22.06,0.0,0
india,g2_0022.tif,113,58,0.21321,21.32,0.0,0
india,g2_0022.tif,114,58,0.21321,21.32,0.0,0
india,g2_0060.tif,300,149,0.54773,54.77,0.537,1
india,g2_0060.tif,301,166,0.61022,61.02,0.5952,1
india,g2_0060.tif,302,154,0.56611,56.61,0.5924,1
india,g2_0060.tif,303,240,0.88225,88.22,0.2833,0
india,g2_0060.tif,304,303,1.11384,111.38,0.5831,1
india,g2_0062.tif,310,29,0.10661,10.66,0.0,0
india,g2_0062.tif,311,38,0.13969,13.97,0.0,0
india,g2_0062.tif,312,64,0.23527,23.53,0.0156,0
india,g2_0062.tif,313,42,0.15439,15.44,0.0,0
india,g2_0062.tif,314,44,0.16175,16.17,0.0227,0
india,g2_0065.tif,325,35,0.12866,12.87,0.0,0
india,g2_0065.tif,326,47,0.17277,17.28,0.0,0
india,g2_0065.tif,327,35,0.12866,12.87,0.0,0
india,g2_0065.tif,328,130,0.47788,47.79,0.0,0
india,g2_0065.tif,329,44,0.16175,16.17,0.0,0
india,g2_0071.tif,355,33,0.12131,12.13,0.0,0
india,g2_0071.tif,356,30,0.11028,11.03,0.0,0
india,g2_0071.tif,357,67,0.24629,24.63,0.0,0
india,g2_0071.tif,358,34,0.12499,12.5,0.0,0
india,g2_0071.tif,359,121,0.4448,44.48,0.0,0
india,g2_0072.tif,360,599,2.20195,220.19,0.6895,1
india,g2_0072.tif,361,592,2.17621,217.62,0.6588,1
india,g2_0072.tif,362,474,1.74244,174.24,0.6097,1
india,g2_0072.tif,363,432,1.58805,158.8,0.5903,1
india,g2_0072.tif,364,378,1.38954,138.95,0.664,1
india,g2_0075.tif,375,359,1.3197,131.97,0.0,0
india,g2_0075.tif,376,349,1.28294,128.29,0.0,0
india,g2_0075.tif,377,187,0.68742,68.74,0.0053,0
india,g2_0075.tif,378,207,0.76094,76.09,0.0,0
india,g2_0075.tif,379,175,0.64331,64.33,0.0114,0
india,g2_0077.tif,385,231,0.84916,84.92,0.2821,0
india,g2_0077.tif,386,420,1.54393,154.39,0.2,0
india,g2_0077.tif,387,210,0.77197,77.2,0.6,1
india,g2_0077.tif,388,207,0.76094,76.09,0.2464,0
india,g2_0077.tif,389,196,0.7205,72.05,0.4847,0
india,g2_0098.tif,490,437,1.60643,160.64,0.1922,0
india,g2_0098.tif,491,591,2.17254,217.25,0.1743,0
india,g2_0098.tif,492,406,1.49247,149.25,0.3005,0
india,g2_0098.tif,493,263,0.9668,96.68,0.297,0
india,g2_0098.tif,494,494,1.81596,181.6,0.0142,0
india,g2_0101.tif,505,225,0.82711,82.71,0.0889,0
india,g2_0101.tif,506,371,1.36381,136.38,0.0485,0
india,g2_0101.tif,507,286,1.05135,105.13,0.0315,0
india,g2_0101.tif,508,561,2.06226,206.23,0.0499,0
india,g2_0101.tif,509,300,1.10281,110.28,0.1633,0
india,g2_0105.tif,525,56,0.20586,20.59,0.0536,0
india,g2_0105.tif,526,51,0.18748,18.75,0.225,0
india,g2_0105.tif,527,85,0.31246,31.25,0.4118,0
india,g2_0105.tif,528,45,0.16542,16.54,0.0,0
india,g2_0105.tif,529,58,0.21321,21.32,0.3816,0
india,g2_0112.tif,560,21,0.0772,7.72,0.0,0
india,g2_0112.tif,561,28,0.10293,10.29,0.0,0
india,g2_0112.tif,562,186,0.68374,68.37,0.0,0
india,g2_0112.tif,563,38,0.13969,13.97,0.0,0
india,g2_0112.tif,564,51,0.18748,18.75,0.0,0
india,g2_0115.tif,575,618,2.27179,227.18,0.0932,0
india,g2_0115.tif,576,655,2.4078,240.78,0.2015,0
india,g2_0115.tif,578,1828,6.71979,671.98,0.1149,0
india,g2_0115.tif,579,554,2.03652,203.65,0.083,0
india,g2_0134.tif,671,319,1.17266,117.27,0.2665,0
india,g2_0134.tif,672,188,0.69109,69.11,0.1543,0
india,g2_0134.tif,673,273,1.00356,100.36,0.0073,0
india,g2_0134.tif,674,191,0.70212,70.21,0.4293,0
india,g2_0134.tif,675,217,0.7977,79.77,0.4516,0
india,g2_0135.tif,676,149,0.54773,54.77,0.1745,0
india,g2_0135.tif,677,172,0.63228,63.23,0.314,0
india,g2_0135.tif,678,220,0.80873,80.87,0.2182,0
india,g2_0135.tif,679,162,0.59552,59.55,0.0864,0
india,g2_0135.tif,680,153,0.56243,56.24,0.1161,0
india,g2_0137.tif,686,240,0.88225,88.22,0.0,0
india,g2_0137.tif,687,228,0.83814,83.81,0.0526,0
india,g2_0137.tif,688,544,1.99976,199.98,0.0239,0
india,g2_0137.tif,689,164,0.60287,60.29,0.0,0
india,g2_0137.tif,690,678,2.49235,249.24,0.09,0
india,g2_0139.tif,696,45,0.16542,16.54,0.0,0
india,g2_0139.tif,697,58,0.21321,21.32,0.0345,0
india,g2_0139.tif,698,149,0.54773,54.77,0.0,0
india,g2_0139.tif,699,149,0.54773,54.77,0.0592,0
india,g2_0139.tif,700,165,0.60655,60.65,0.303,0
india,g2_0143.tif,716,422,1.55129,155.13,0.0024,0
india,g2_0143.tif,717,385,1.41527,141.53,0.0026,0
india,g2_0143.tif,718,1265,4.65018,465.02,0.0134,0
india,g2_0143.tif,719,857,3.15036,315.04,0.0035,0
india,g2_0143.tif,720,300,1.10281,110.28,0.0,0
india,g2_0149.tif,746,123,0.45215,45.22,0.1497,0
india,g2_0149.tif,747,810,2.97759,297.76,0.3654,0
india,g2_0149.tif,748,1468,5.39642,539.64,0.2813,0
india,g2_0149.tif,749,656,2.41148,241.15,0.7774,1
india,g2_0149.tif,750,855,3.14301,314.3,0.6936,1
india,g2_0165.tif,826,56,0.20586,20.59,0.2519,0
india,g2_0165.tif,827,58,0.21321,21.32,0.2969,0
india,g2_0165.tif,828,137,0.50362,50.36,0.4307,0
india,g2_0165.tif,829,100,0.3676,36.76,0.38,0
india,g2_0165.tif,830,88,0.32349,32.35,0.4318,0
india,g2_0166.tif,831,97,0.35658,35.66,0.0103,0
india,g2_0166.tif,832,92,0.3382,33.82,0.0,0
india,g2_0166.tif,833,121,0.4448,44.48,0.0,0
india,g2_0166.tif,834,123,0.45215,45.22,0.0,0
india,g2_0166.tif,835,70,0.25732,25.73,0.0,0
india,g2_0187.tif,936,111,0.40804,40.8,0.2907,0
india,g2_0187.tif,937,147,0.54038,54.04,0.2381,0
india,g2_0187.tif,938,112,0.41172,41.17,0.1145,0
india,g2_0187.tif,939,104,0.38231,38.23,0.2722,0
india,g2_0187.tif,940,105,0.38598,38.6,0.4355,0
india,g2_0205.tif,1026,166,0.61022,61.02,0.0,0
india,g2_0205.tif,1027,271,0.99621,99.62,0.0,0
india,g2_0205.tif,1028,280,1.02929,102.93,0.0,0
india,g2_0205.tif,1029,158,0.58081,58.08,0.0,0
india,g2_0205.tif,1030,153,0.56243,56.24,0.0131,0
india,g2_0215.tif,1076,170,0.62493,62.49,0.0471,0
india,g2_0215.tif,1077,563,2.06961,206.96,0.0,0
india,g2_0215.tif,1078,96,0.3529,35.29,0.0,0
india,g2_0215.tif,1079,45,0.16542,16.54,0.1538,0
india,g2_0215.tif,1080,250,0.91901,91.9,0.0,0
india,g2_0237.tif,1186,33,0.12131,12.13,0.0,0
india,g2_0237.tif,1187,34,0.12499,12.5,0.0,0
india,g2_0237.tif,1188,32,0.11763,11.76,0.0,0
india,g2_0237.tif,1189,63,0.23159,23.16,0.0,0
india,g2_0237.tif,1190,41,0.15072,15.07,0.0,0
india,g2_0239.tif,1196,80,0.29408,29.41,0.0,0
india,g2_0239.tif,1197,115,0.42274,42.27,0.0,0
india,g2_0239.tif,1198,348,1.27926,127.93,0.0,0
india,g2_0239.tif,1199,140,0.51464,51.46,0.0,0
india,g2_0239.tif,1200,111,0.40804,40.8,0.0,0
india,g2_0243.tif,1216,184,0.67639,67.64,0.1033,0
india,g2_0243.tif,1217,94,0.34555,34.55,0.2234,0
india,g2_0243.tif,1218,162,0.59552,59.55,0.4074,0
india,g2_0243.tif,1219,381,1.40057,140.06,0.2415,0
india,g2_0243.tif,1220,170,0.62493,62.49,0.3474,0
india,g2_0272.tif,1361,60,0.22056,22.06,0.2667,0
india,g2_0272.tif,1362,62,0.22791,22.79,0.1935,0
india,g2_0272.tif,1363,113,0.41539,41.54,0.2124,0
india,g2_0272.tif,1364,120,0.44112,44.11,0.3667,0
india,g2_0272.tif,1365,120,0.44112,44.11,0.4917,0
india,g2_0275.tif,1376,93,0.34187,34.19,0.0323,0
india,g2_0275.tif,1377,259,0.95209,95.21,0.0618,0
india,g2_0275.tif,1378,92,0.3382,33.82,0.2065,0
india,g2_0275.tif,1379,106,0.38966,38.97,0.0,0
india,g2_0275.tif,1380,173,0.63595,63.6,0.0112,0
india,g2_0276.tif,1381,251,0.92268,92.27,0.004,0
india,g2_0276.tif,1382,162,0.59552,59.55,0.0309,0
india,g2_0276.tif,1383,207,0.76094,76.09,0.0,0
india,g2_0276.tif,1384,229,0.84181,84.18,0.214,0
india,g2_0276.tif,1385,76,0.27938,27.94,0.0,0
india,g2_0282.tif,1411,69,0.25365,25.36,0.058,0
india,g2_0282.tif,1412,63,0.23159,23.16,0.0,0
india,g2_0282.tif,1413,106,0.38966,38.97,0.0,0
india,g2_0282.tif,1414,239,0.87857,87.86,0.0,0
india,g2_0282.tif,1415,286,1.05135,105.13,0.0,0
india,g2_0291.tif,1456,472,1.73509,173.51,0.0,0
india,g2_0291.tif,1457,434,1.5954,159.54,0.0,0
india,g2_0291.tif,1458,263,0.9668,96.68,0.0,0
india,g2_0291.tif,1459,393,1.44468,144.47,0.0,0
india,g2_0291.tif,1460,137,0.50362,50.36,0.0,0
india,g2_0298.tif,1491,62,0.22791,22.79,0.0,0
india,g2_0298.tif,1492,65,0.23894,23.89,0.0,0
india,g2_0298.tif,1493,250,0.91901,91.9,0.316,0
india,g2_0298.tif,1494,75,0.2757,27.57,0.375,0
india,g2_0298.tif,1495,45,0.16542,16.54,0.0,0
india,g2_0307.tif,1536,33,0.12131,12.13,0.0,0
india,g2_0307.tif,1537,118,0.43377,43.38,0.0,0
india,g2_0307.tif,1538,83,0.30511,30.51,0.0,0
india,g2_0307.tif,1539,85,0.31246,31.25,0.0,0
india,g2_0307.tif,1540,65,0.23894,23.89,0.0,0
india,g2_0314.tif,1571,165,0.60655,60.65,0.1576,0
india,g2_0314.tif,1572,140,0.51464,51.46,0.0357,0
india,g2_0314.tif,1573,101,0.37128,37.13,0.4059,0
india,g2_0314.tif,1574,65,0.23894,23.89,0.0,0
india,g2_0314.tif,1575,108,0.39701,39.7,0.0278,0
india,g2_0315.tif,1576,16,0.05882,5.88,0.0,0
india,g2_0315.tif,1577,68,0.24997,25.0,0.0,0
india,g2_0315.tif,1578,69,0.25365,25.36,0.0,0
india,g2_0315.tif,1579,43,0.15807,15.81,0.0,0
india,g2_0315.tif,1580,44,0.16175,16.17,0.0,0
india,g2_0326.tif,1631,112,0.41172,41.17,0.0,0
india,g2_0326.tif,1632,123,0.45215,45.22,0.0,0
india,g2_0326.tif,1633,104,0.38231,38.23,0.0,0
india,g2_0326.tif,1634,118,0.43377,43.38,0.0,0
india,g2_0326.tif,1635,78,0.28673,28.67,0.0,0
india,g2_0335.tif,1676,53,0.19483,19.48,0.0,0
india,g2_0335.tif,1677,47,0.17277,17.28,0.1786,0
india,g2_0335.tif,1678,52,0.19115,19.12,0.1452,0
india,g2_0335.tif,1679,50,0.1838,18.38,0.0,0
india,g2_0335.tif,1680,50,0.1838,18.38,0.0,0
india,g2_0336.tif,1681,350,1.28661,128.66,0.0,0
india,g2_0336.tif,1682,287,1.05502,105.5,0.0244,0
india,g2_0336.tif,1683,313,1.1506,115.06,0.0415,0
india,g2_0336.tif,1684,60,0.22056,22.06,0.0,0
india,g2_0336.tif,1685,477,1.75347,175.35,0.0,0
india,g2_0338.tif,1691,86,0.31614,31.61,0.0349,0
india,g2_0338.tif,1692,86,0.31614,31.61,0.0,0
india,g2_0338.tif,1693,71,0.261,26.1,0.0,0
india,g2_0338.tif,1694,91,0.33452,33.45,0.011,0
india,g2_0338.tif,1695,75,0.2757,27.57,0.0267,0
india,g2_0340.tif,1701,235,0.86387,86.39,0.1362,0
india,g2_0340.tif,1702,167,0.6139,61.39,0.0599,0
india,g2_0340.tif,1703,331,1.21677,121.68,0.0,0
india,g2_0340.tif,1704,555,2.0402,204.02,0.0721,0
india,g2_0340.tif,1705,260,0.95577,95.58,0.5077,1
india,g2_0344.tif,1721,12,0.04411,4.41,0.0,0
india,g2_0344.tif,1722,17,0.06249,6.25,0.0,0
india,g2_0344.tif,1723,14,0.05146,5.15,0.0,0
india,g2_0344.tif,1724,24,0.08822,8.82,0.0,0
india,g2_0344.tif,1725,26,0.09558,9.56,0.0,0
india,g2_0345.tif,1726,79,0.29041,29.04,0.1772,0
india,g2_0345.tif,1727,100,0.3676,36.76,0.01,0
india,g2_0345.tif,1728,89,0.32717,32.72,0.2022,0
india,g2_0345.tif,1729,55,0.20218,20.22,0.0,0
india,g2_0345.tif,1730,110,0.40436,40.44,0.0179,0
india,g2_0348.tif,1741,234,0.86019,86.02,0.0,0
india,g2_0348.tif,1742,141,0.51832,51.83,0.0,0
india,g2_0348.tif,1743,155,0.56979,56.98,0.0,0
india,g2_0348.tif,1744,178,0.65433,65.43,0.0674,0
india,g2_0348.tif,1745,178,0.65433,65.43,0.0,0
india,g2_0358.tif,1791,363,1.3344,133.44,0.0523,0
india,g2_0358.tif,1792,322,1.18368,118.37,0.0621,0
india,g2_0358.tif,1793,256,0.94106,94.11,0.236,0
india,g2_0358.tif,1794,166,0.61022,61.02,0.0361,0
india,g2_0358.tif,1795,486,1.78655,178.66,0.1399,0
india,g2_0367.tif,1836,39,0.14337,14.34,0.0,0
india,g2_0367.tif,1837,196,0.7205,72.05,0.0051,0
india,g2_0367.tif,1838,35,0.12866,12.87,0.0,0
india,g2_0367.tif,1839,24,0.08822,8.82,0.0,0
india,g2_0367.tif,1840,29,0.10661,10.66,0.0,0
india,g2_0368.tif,1841,234,0.86019,86.02,0.0897,0
india,g2_0368.tif,1842,303,1.11384,111.38,0.0,0
india,g2_0368.tif,1843,74,0.27203,27.2,0.0,0
india,g2_0368.tif,1844,250,0.91901,91.9,0.0,0
india,g2_0368.tif,1845,64,0.23527,23.53,0.0,0
india,g2_0373.tif,1866,68,0.24997,25.0,0.0,0
india,g2_0373.tif,1867,64,0.23527,23.53,0.0,0
india,g2_0373.tif,1868,72,0.26467,26.47,0.0,0
india,g2_0373.tif,1869,187,0.68742,68.74,0.0,0
india,g2_0373.tif,1870,156,0.57346,57.35,0.0,0
india,g2_0385.tif,1926,76,0.27938,27.94,0.0,0
india,g2_0385.tif,1927,113,0.41539,41.54,0.0,0
india,g2_0385.tif,1928,138,0.50729,50.73,0.0,0
india,g2_0385.tif,1929,127,0.46686,46.69,0.0,0
india,g2_0385.tif,1930,117,0.4301,43.01,0.0,0
india,g2_0386.tif,1931,71,0.261,26.1,0.0,0
india,g2_0386.tif,1932,225,0.82711,82.71,0.0,0
india,g2_0386.tif,1933,109,0.40069,40.07,0.0367,0
india,g2_0386.tif,1934,97,0.35658,35.66,0.0,0
india,g2_0386.tif,1935,285,1.04767,104.77,0.0,0
india,g2_0388.tif,1941,22,0.08087,8.09,0.0,0
india,g2_0388.tif,1942,18,0.06617,6.62,0.0,0
india,g2_0388.tif,1943,37,0.13601,13.6,0.0,0
india,g2_0388.tif,1944,30,0.11028,11.03,0.0,0
india,g2_0388.tif,1945,32,0.11763,11.76,0.0,0
india,g2_0399.tif,1996,83,0.30511,30.51,0.0,0
india,g2_0399.tif,1997,110,0.40436,40.44,0.0,0
india,g2_0399.tif,1998,172,0.63228,63.23,0.0233,0
india,g2_0399.tif,1999,69,0.25365,25.36,0.0,0
india,g2_0399.tif,2000,125,0.4595,45.95,0.3386,0
india,g2_0400.tif,2001,73,0.26835,26.84,0.3425,0
india,g2_0400.tif,2002,67,0.24629,24.63,0.0132,0
india,g2_0400.tif,2003,97,0.35658,35.66,0.2784,0
india,g2_0400.tif,2004,80,0.29408,29.41,0.15,0
india,g2_0400.tif,2005,75,0.2757,27.57,0.0,0
india,g2_0406.tif,2031,130,0.47788,47.79,0.0,0
india,g2_0406.tif,2032,92,0.3382,33.82,0.0,0
india,g2_0406.tif,2033,135,0.49626,49.63,0.0,0
india,g2_0406.tif,2034,72,0.26467,26.47,0.0,0
india,g2_0406.tif,2035,258,0.94842,94.84,0.0,0
india,g2_0410.tif,2051,190,0.69845,69.84,0.4897,0
india,g2_0410.tif,2052,324,1.19104,119.1,0.2407,0
india,g2_0410.tif,2053,204,0.74991,74.99,0.4755,0
india,g2_0410.tif,2054,117,0.4301,43.01,0.4188,0
india,g2_0410.tif,2055,245,0.90063,90.06,0.4286,0
india,g2_0418.tif,2091,144,0.52935,52.93,0.0,0
india,g2_0418.tif,2092,130,0.47788,47.79,0.0,0
india,g2_0418.tif,2093,110,0.40436,40.44,0.0,0
india,g2_0418.tif,2094,188,0.69109,69.11,0.0,0
india,g2_0418.tif,2095,107,0.39334,39.33,0.0,0
india,g2_0429.tif,2146,18,0.06617,6.62,0.0,0
india,g2_0429.tif,2147,26,0.09558,9.56,0.0,0
india,g2_0429.tif,2148,20,0.07352,7.35,0.0,0
india,g2_0429.tif,2149,24,0.08822,8.82,0.0385,0
india,g2_0429.tif,2150,21,0.0772,7.72,0.0909,0
india,g2_0439.tif,2196,61,0.22424,22.42,0.0,0
india,g2_0439.tif,2197,54,0.19851,19.85,0.0,0
india,g2_0439.tif,2198,63,0.23159,23.16,0.0,0
india,g2_0439.tif,2199,155,0.56979,56.98,0.0,0
india,g2_0439.tif,2200,65,0.23894,23.89,0.0,0
india,g2_0454.tif,2271,333,1.22412,122.41,0.2706,0
india,g2_0454.tif,2272,409,1.5035,150.35,0.6111,1
india,g2_0454.tif,2273,147,0.54038,54.04,0.397,0
india,g2_0454.tif,2274,206,0.75726,75.73,0.5,1
india,g2_0454.tif,2275,166,0.61022,61.02,0.3401,0
india,g2_0458.tif,2291,283,1.04032,104.03,0.4615,0
india,g2_0458.tif,2292,519,1.90786,190.79,0.2832,0
india,g2_0458.tif,2293,594,2.18356,218.36,0.1279,0
india,g2_0458.tif,2294,35,0.12866,12.87,0.0,0
india,g2_0458.tif,2295,17,0.06249,6.25,0.0,0
india,g2_0463.tif,2316,177,0.65066,65.07,0.0,0
india,g2_0463.tif,2317,204,0.74991,74.99,0.0,0
india,g2_0463.tif,2318,163,0.59919,59.92,0.0,0
india,g2_0463.tif,2319,52,0.19115,19.12,0.0,0
india,g2_0463.tif,2320,48,0.17645,17.64,0.0,0
india,g2_0470.tif,2351,58,0.21321,21.32,0.0,0
india,g2_0470.tif,2352,83,0.30511,30.51,0.0,0
india,g2_0470.tif,2353,37,0.13601,13.6,0.0,0
india,g2_0470.tif,2354,69,0.25365,25.36,0.0,0
india,g2_0470.tif,2355,72,0.26467,26.47,0.0,0
india,g2_0475.tif,2376,213,0.783,78.3,0.0469,0
india,g2_0475.tif,2377,147,0.54038,54.04,0.2517,0
india,g2_0475.tif,2378,122,0.44848,44.85,0.0738,0
india,g2_0475.tif,2379,144,0.52935,52.93,0.0486,0
india,g2_0475.tif,2380,198,0.72785,72.79,0.0455,0
india,g2_0493.tif,2466,69,0.25365,25.36,0.087,0
india,g2_0493.tif,2467,98,0.36025,36.03,0.0612,0
india,g2_0493.tif,2468,96,0.3529,35.29,0.0104,0
india,g2_0493.tif,2469,48,0.17645,17.64,0.0,0
india,g2_0493.tif,2470,60,0.22056,22.06,0.0,0
india,g2_0506.tif,2531,289,1.06237,106.24,0.1959,0
india,g2_0506.tif,2532,296,1.08811,108.81,0.2804,0
india,g2_0506.tif,2533,250,0.91901,91.9,0.216,0
india,g2_0506.tif,2534,90,0.33084,33.08,0.3053,0
india,g2_0506.tif,2535,151,0.55508,55.51,0.0989,0
india,g2_0509.tif,2546,43,0.15807,15.81,0.0465,0
india,g2_0509.tif,2547,180,0.66169,66.17,0.0102,0
india,g2_0509.tif,2548,89,0.32717,32.72,0.1758,0
india,g2_0509.tif,2549,129,0.47421,47.42,0.1085,0
india,g2_0509.tif,2550,138,0.50729,50.73,0.2174,0
india,g2_0517.tif,2586,70,0.25732,25.73,0.0,0
india,g2_0517.tif,2587,79,0.29041,29.04,0.0,0
india,g2_0517.tif,2588,125,0.4595,45.95,0.0,0
india,g2_0517.tif,2589,138,0.50729,50.73,0.0362,0
india,g2_0517.tif,2590,157,0.57714,57.71,0.0,0
india,g2_0518.tif,2591,40,0.14704,14.7,0.0,0
india,g2_0518.tif,2592,65,0.23894,23.89,0.0,0
india,g2_0518.tif,2593,55,0.20218,20.22,0.0,0
india,g2_0518.tif,2594,80,0.29408,29.41,0.0,0
india,g2_0518.tif,2595,159,0.58449,58.45,0.1887,0
india,g2_0521.tif,2606,114,0.41907,41.91,0.0,0
india,g2_0521.tif,2607,153,0.56243,56.24,0.0,0
india,g2_0521.tif,2608,159,0.58449,58.45,0.0,0
india,g2_0521.tif,2609,143,0.52567,52.57,0.0,0
india,g2_0521.tif,2610,80,0.29408,29.41,0.0,0
india,g2_0523.tif,2616,28,0.10293,10.29,0.0,0
india,g2_0523.tif,2617,30,0.11028,11.03,0.0,0
india,g2_0523.tif,2618,31,0.11396,11.4,0.0,0
india,g2_0523.tif,2619,41,0.15072,15.07,0.0,0
india,g2_0523.tif,2620,28,0.10293,10.29,0.0,0
india,g2_0556.tif,2781,119,0.43745,43.74,0.0,0
india,g2_0556.tif,2782,47,0.17277,17.28,0.0,0
india,g2_0556.tif,2783,94,0.34555,34.55,0.0,0
india,g2_0556.tif,2784,155,0.56979,56.98,0.0,0
india,g2_0556.tif,2785,159,0.58449,58.45,0.0503,0
india,g2_0559.tif,2796,232,0.85284,85.28,0.0,0
india,g2_0559.tif,2797,445,1.63584,163.58,0.0,0
india,g2_0559.tif,2798,669,2.45927,245.93,0.0075,0
india,g2_0559.tif,2799,196,0.7205,72.05,0.0,0
india,g2_0559.tif,2800,357,1.31234,131.23,0.0252,0
india,g2_0563.tif,2816,65,0.23894,23.89,0.0,0
india,g2_0563.tif,2817,51,0.18748,18.75,0.0,0
india,g2_0563.tif,2818,38,0.13969,13.97,0.0,0
india,g2_0563.tif,2819,17,0.06249,6.25,0.0,0
india,g2_0563.tif,2820,31,0.11396,11.4,0.0,0
india,g2_0567.tif,2836,126,0.46318,46.32,0.0635,0
india,g2_0567.tif,2837,177,0.65066,65.07,0.0,0
india,g2_0567.tif,2838,136,0.49994,49.99,0.0,0
india,g2_0567.tif,2839,128,0.47053,47.05,0.0,0
india,g2_0567.tif,2840,151,0.55508,55.51,0.1325,0
india,g2_0575.tif,2876,660,2.42618,242.62,0.4983,0
india,g2_0575.tif,2877,708,2.60263,260.26,0.3666,0
india,g2_0575.tif,2878,643,2.36369,236.37,0.6005,1
india,g2_0575.tif,2879,385,1.41527,141.53,0.1563,0
india,g2_0575.tif,2880,668,2.45559,245.56,0.4192,0
india,g2_0576.tif,2881,121,0.4448,44.48,0.1797,0
india,g2_0576.tif,2882,46,0.1691,16.91,0.1465,0
india,g2_0576.tif,2883,39,0.14337,14.34,0.2155,0
india,g2_0576.tif,2884,54,0.19851,19.85,0.25,0
india,g2_0576.tif,2885,198,0.72785,72.79,0.0557,0
india,g2_0588.tif,2941,283,1.04032,104.03,0.0,0
india,g2_0588.tif,2942,245,0.90063,90.06,0.0,0
india,g2_0588.tif,2943,294,1.08075,108.08,0.0,0
india,g2_0588.tif,2944,252,0.92636,92.64,0.0,0
india,g2_0588.tif,2945,301,1.10649,110.65,0.0,0
india,g2_0594.tif,2971,163,0.59919,59.92,0.5215,1
india,g2_0594.tif,2972,243,0.89328,89.33,0.4735,0
india,g2_0594.tif,2973,241,0.88592,88.59,0.0373,0
india,g2_0594.tif,2974,159,0.58449,58.45,0.1393,0
india,g2_0594.tif,2975,197,0.72418,72.42,0.1485,0
india,g2_0608.tif,3042,226,0.83078,83.08,0.208,0
india,g2_0608.tif,3043,96,0.3529,35.29,0.0649,0
india,g2_0608.tif,3044,163,0.59919,59.92,0.5086,1
india,g2_0608.tif,3045,237,0.87122,87.12,0.1857,0
india,g2_0608.tif,3046,147,0.54038,54.04,0.2381,0
india,g2_0611.tif,3057,106,0.38966,38.97,0.0,0
india,g2_0611.tif,3058,127,0.46686,46.69,0.0,0
india,g2_0611.tif,3059,130,0.47788,47.79,0.0,0
india,g2_0611.tif,3060,378,1.38954,138.95,0.0,0
india,g2_0611.tif,3061,477,1.75347,175.35,0.0,0
india,g2_0617.tif,3087,141,0.51832,51.83,0.1864,0
india,g2_0617.tif,3088,84,0.30879,30.88,0.1978,0
india,g2_0617.tif,3089,137,0.50362,50.36,0.0,0
india,g2_0617.tif,3090,93,0.34187,34.19,0.0631,0
india,g2_0617.tif,3091,93,0.34187,34.19,0.0833,0
india,g2_0631.tif,3157,25,0.0919,9.19,0.0,0
india,g2_0631.tif,3158,15,0.05514,5.51,0.0,0
india,g2_0631.tif,3159,14,0.05146,5.15,0.0,0
india,g2_0631.tif,3160,26,0.09558,9.56,0.0,0
india,g2_0631.tif,3161,29,0.10661,10.66,0.0,0
india,g2_0640.tif,3202,289,1.06237,106.24,0.1453,0
india,g2_0640.tif,3203,270,0.99253,99.25,0.2,0
india,g2_0640.tif,3204,68,0.24997,25.0,0.0,0
india,g2_0640.tif,3205,67,0.24629,24.63,0.4627,0
india,g2_0640.tif,3206,120,0.44112,44.11,0.0167,0
india,g2_0648.tif,3242,1218,4.47741,447.74,0.1752,0
india,g2_0648.tif,3243,652,2.39677,239.68,0.0061,0
india,g2_0648.tif,3244,887,3.26064,326.06,0.0293,0
india,g2_0648.tif,3245,447,1.64319,164.32,0.0,0
india,g2_0648.tif,3246,450,1.65422,165.42,0.0,0
india,g2_0667.tif,3337,44,0.16175,16.17,0.0,0
india,g2_0667.tif,3338,25,0.0919,9.19,0.0,0
india,g2_0667.tif,3339,35,0.12866,12.87,0.0,0
india,g2_0667.tif,3340,37,0.13601,13.6,0.0,0
india,g2_0667.tif,3341,48,0.17645,17.64,0.0,0
india,g2_0671.tif,3357,320,1.17633,117.63,0.1125,0
india,g2_0671.tif,3358,312,1.14692,114.69,0.0839,0
india,g2_0671.tif,3359,331,1.21677,121.68,0.0393,0
india,g2_0671.tif,3360,354,1.30132,130.13,0.0694,0
india,g2_0671.tif,3361,419,1.54026,154.03,0.0215,0
india,g2_0694.tif,3472,47,0.17277,17.28,0.0,0
india,g2_0694.tif,3473,34,0.12499,12.5,0.0,0
india,g2_0694.tif,3474,44,0.16175,16.17,0.0,0
india,g2_0694.tif,3475,48,0.17645,17.64,0.0,0
india,g2_0694.tif,3476,64,0.23527,23.53,0.0,0
india,g2_0698.tif,3492,172,0.63228,63.23,0.1221,0
india,g2_0698.tif,3493,150,0.55141,55.14,0.0,0
india,g2_0698.tif,3494,215,0.79035,79.03,0.0605,0
india,g2_0698.tif,3495,322,1.18368,118.37,0.0497,0
india,g2_0698.tif,3496,164,0.60287,60.29,0.0,0
india,g2_0702.tif,3512,223,0.81976,81.98,0.0,0
india,g2_0702.tif,3513,180,0.66169,66.17,0.0444,0
india,g2_0702.tif,3514,122,0.44848,44.85,0.0,0
india,g2_0702.tif,3515,286,1.05135,105.13,0.0944,0
india,g2_0702.tif,3516,92,0.3382,33.82,0.0543,0
india,g2_0714.tif,3572,71,0.261,26.1,0.0,0
india,g2_0714.tif,3573,203,0.74624,74.62,0.0043,0
india,g2_0714.tif,3574,147,0.54038,54.04,0.0,0
india,g2_0714.tif,3575,170,0.62493,62.49,0.0412,0
india,g2_0714.tif,3576,161,0.59184,59.18,0.1353,0
india,g2_0729.tif,3647,92,0.3382,33.82,0.2717,0
india,g2_0729.tif,3648,104,0.38231,38.23,0.215,0
india,g2_0729.tif,3649,77,0.28305,28.31,0.2584,0
india,g2_0729.tif,3650,88,0.32349,32.35,0.1081,0
india,g2_0729.tif,3651,114,0.41907,41.91,0.0965,0
india,g2_0733.tif,3667,144,0.52935,52.93,0.0,0
india,g2_0733.tif,3668,159,0.58449,58.45,0.0,0
india,g2_0733.tif,3669,126,0.46318,46.32,0.0,0
india,g2_0733.tif,3670,151,0.55508,55.51,0.0,0
india,g2_0733.tif,3671,154,0.56611,56.61,0.0,0
india,g2_0756.tif,3782,56,0.20586,20.59,0.0,0
india,g2_0756.tif,3783,84,0.30879,30.88,0.0,0
india,g2_0756.tif,3784,63,0.23159,23.16,0.0,0
india,g2_0756.tif,3785,65,0.23894,23.89,0.0,0
india,g2_0756.tif,3786,89,0.32717,32.72,0.0,0
india,g2_0769.tif,3847,238,0.8749,87.49,0.0798,0
india,g2_0769.tif,3848,85,0.31246,31.25,0.0,0
india,g2_0769.tif,3849,243,0.89328,89.33,0.0,0
india,g2_0769.tif,3850,232,0.85284,85.28,0.1254,0
india,g2_0769.tif,3851,217,0.7977,79.77,0.1865,0
india,g2_0782.tif,3912,46,0.1691,16.91,0.0,0
india,g2_0782.tif,3913,38,0.13969,13.97,0.0,0
india,g2_0782.tif,3914,106,0.38966,38.97,0.0,0
india,g2_0782.tif,3915,84,0.30879,30.88,0.0,0
india,g2_0782.tif,3916,233,0.85652,85.65,0.0,0
india,g2_0810.tif,4047,103,0.37863,37.86,0.2414,0
india,g2_0810.tif,4048,96,0.3529,35.29,0.3972,0
india,g2_0810.tif,4049,90,0.33084,33.08,0.336,0
india,g2_0810.tif,4050,180,0.66169,66.17,0.2278,0
india,g2_0810.tif,4051,445,1.63584,163.58,0.1955,0
india,g2_0812.tif,4057,79,0.29041,29.04,0.2152,0
india,g2_0812.tif,4058,132,0.48524,48.52,0.1439,0
india,g2_0812.tif,4059,132,0.48524,48.52,0.2652,0
india,g2_0812.tif,4060,330,1.21309,121.31,0.2424,0
india,g2_0812.tif,4061,101,0.37128,37.13,0.0198,0
india,g2_0818.tif,4087,70,0.25732,25.73,0.0286,0
india,g2_0818.tif,4088,72,0.26467,26.47,0.0833,0
india,g2_0818.tif,4089,54,0.19851,19.85,0.0,0
india,g2_0818.tif,4090,100,0.3676,36.76,0.1101,0
india,g2_0818.tif,4091,95,0.34922,34.92,0.0526,0
india,g2_0821.tif,4102,79,0.29041,29.04,0.0,0
india,g2_0821.tif,4103,78,0.28673,28.67,0.1795,0
india,g2_0821.tif,4104,56,0.20586,20.59,0.0,0
india,g2_0821.tif,4105,63,0.23159,23.16,0.0,0
india,g2_0821.tif,4106,79,0.29041,29.04,0.0,0
india,g2_0831.tif,4152,591,2.17254,217.25,0.0592,0
india,g2_0831.tif,4153,886,3.25697,325.7,0.0722,0
india,g2_0831.tif,4154,420,1.54393,154.39,0.1238,0
india,g2_0831.tif,4155,245,0.90063,90.06,0.2063,0
india,g2_0831.tif,4156,1303,4.78987,478.99,0.0576,0
india,g2_0847.tif,4232,333,1.22412,122.41,0.1952,0
india,g2_0847.tif,4233,259,0.95209,95.21,0.2421,0
india,g2_0847.tif,4234,273,1.00356,100.36,0.326,0
india,g2_0847.tif,4235,422,1.55129,155.13,0.4289,0
india,g2_0847.tif,4236,208,0.76462,76.46,0.1923,0
india,g2_0850.tif,4247,581,2.13578,213.58,0.1818,0
india,g2_0850.tif,4248,412,1.51453,151.45,0.1335,0
india,g2_0850.tif,4249,198,0.72785,72.79,0.2299,0
india,g2_0850.tif,4250,476,1.74979,174.98,0.3193,0
india,g2_0850.tif,4251,691,2.54014,254.01,0.2156,0
india,g2_0851.tif,4252,53,0.19483,19.48,0.0,0
india,g2_0851.tif,4253,54,0.19851,19.85,0.0,0
india,g2_0851.tif,4254,51,0.18748,18.75,0.0,0
india,g2_0851.tif,4255,53,0.19483,19.48,0.0,0
india,g2_0851.tif,4256,58,0.21321,21.32,0.0,0
india,g2_0855.tif,4272,183,0.67271,67.27,0.4208,0
india,g2_0855.tif,4273,375,1.37851,137.85,0.0587,0
india,g2_0855.tif,4274,299,1.09913,109.91,0.0334,0
india,g2_0855.tif,4275,87,0.31982,31.98,0.0,0
india,g2_0855.tif,4276,181,0.66536,66.54,0.0,0
india,g2_0857.tif,4282,242,0.8896,88.96,0.2769,0
india,g2_0857.tif,4283,167,0.6139,61.39,0.018,0
india,g2_0857.tif,4284,304,1.11751,111.75,0.1086,0
india,g2_0857.tif,4285,102,0.37496,37.5,0.0294,0
india,g2_0857.tif,4286,75,0.2757,27.57,0.4133,0
india,g2_0859.tif,4292,58,0.21321,21.32,0.0,0
india,g2_0859.tif,4293,110,0.40436,40.44,0.0,0
india,g2_0859.tif,4294,212,0.77932,77.93,0.0,0
india,g2_0859.tif,4295,41,0.15072,15.07,0.0,0
india,g2_0859.tif,4296,204,0.74991,74.99,0.0147,0
india,g2_0870.tif,4347,118,0.43377,43.38,0.3119,0
india,g2_0870.tif,4348,98,0.36025,36.03,0.2783,0
india,g2_0870.tif,4349,18,0.06617,6.62,0.0,0
india,g2_0870.tif,4350,22,0.08087,8.09,0.0,0
india,g2_0870.tif,4351,30,0.11028,11.03,0.0,0
india,g2_0876.tif,4377,25,0.0919,9.19,0.0,0
india,g2_0876.tif,4378,19,0.06984,6.98,0.0,0
india,g2_0876.tif,4379,17,0.06249,6.25,0.0,0
india,g2_0876.tif,4380,19,0.06984,6.98,0.0,0
india,g2_0876.tif,4381,42,0.15439,15.44,0.0,0
india,g2_0882.tif,4407,202,0.74256,74.26,0.1089,0
india,g2_0882.tif,4408,194,0.71315,71.32,0.4278,0
india,g2_0882.tif,4409,525,1.92992,192.99,0.2267,0
india,g2_0882.tif,4410,352,1.29396,129.4,0.5597,1
india,g2_0882.tif,4411,228,0.83814,83.81,0.6711,1
india,g2_0895.tif,4472,34,0.12499,12.5,0.0,0
india,g2_0895.tif,4473,28,0.10293,10.29,0.0,0
india,g2_0895.tif,4474,24,0.08822,8.82,0.0,0
india,g2_0895.tif,4475,33,0.12131,12.13,0.0,0
india,g2_0895.tif,4476,32,0.11763,11.76,0.0,0
india,g2_0897.tif,4482,29,0.10661,10.66,0.0,0
india,g2_0897.tif,4483,21,0.0772,7.72,0.0,0
india,g2_0897.tif,4484,10,0.03676,3.68,0.0,0
india,g2_0897.tif,4485,13,0.04779,4.78,0.0,0
india,g2_0897.tif,4486,43,0.15807,15.81,0.0,0
india,g2_0900.tif,4497,115,0.42274,42.27,0.0086,0
india,g2_0900.tif,4498,136,0.49994,49.99,0.0956,0
india,g2_0900.tif,4499,99,0.36393,36.39,0.0909,0
india,g2_0900.tif,4500,224,0.82343,82.34,0.0446,0
india,g2_0900.tif,4501,152,0.55876,55.88,0.0,0
india,g2_0901.tif,4502,81,0.29776,29.78,0.0617,0
india,g2_0901.tif,4503,116,0.42642,42.64,0.0086,0
india,g2_0901.tif,4504,35,0.12866,12.87,0.0286,0
india,g2_0901.tif,4505,114,0.41907,41.91,0.0965,0
india,g2_0901.tif,4506,157,0.57714,57.71,0.0637,0
india,g2_0914.tif,4567,106,0.38966,38.97,0.0,0
india,g2_0914.tif,4568,32,0.11763,11.76,0.0,0
india,g2_0914.tif,4569,89,0.32717,32.72,0.0,0
india,g2_0914.tif,4570,32,0.11763,11.76,0.0,0
india,g2_0914.tif,4571,53,0.19483,19.48,0.0,0
india,g2_0924.tif,4617,547,2.01079,201.08,0.1919,0
india,g2_0924.tif,4618,232,0.85284,85.28,0.4359,0
india,g2_0924.tif,4619,141,0.51832,51.83,0.084,0
india,g2_0924.tif,4620,228,0.83814,83.81,0.2358,0
india,g2_0924.tif,4621,962,3.53635,353.63,0.1393,0
india,g2_0942.tif,4707,15,0.05514,5.51,0.0,0
india,g2_0942.tif,4708,8,0.02941,2.94,0.0,0
india,g2_0942.tif,4709,9,0.03308,3.31,0.0,0
india,g2_0942.tif,4710,17,0.06249,6.25,0.0,0
india,g2_0942.tif,4711,16,0.05882,5.88,0.0,0
india,g2_0947.tif,4732,53,0.19483,19.48,0.0,0
india,g2_0947.tif,4733,39,0.14337,14.34,0.0,0
india,g2_0947.tif,4734,22,0.08087,8.09,0.0,0
india,g2_0947.tif,4735,38,0.13969,13.97,0.0,0
india,g2_0947.tif,4736,55,0.20218,20.22,0.0,0
india,g2_0949.tif,4742,170,0.62493,62.49,0.1323,0
india,g2_0949.tif,4743,126,0.46318,46.32,0.4094,0
india,g2_0949.tif,4744,188,0.69109,69.11,0.2021,0
india,g2_0949.tif,4745,120,0.44112,44.11,0.225,0
india,g2_0949.tif,4746,158,0.58081,58.08,0.0421,0
india,g2_0953.tif,4762,72,0.26467,26.47,0.1111,0
india,g2_0953.tif,4763,103,0.37863,37.86,0.0,0
india,g2_0953.tif,4764,38,0.13969,13.97,0.0,0
india,g2_0953.tif,4765,73,0.26835,26.84,0.0,0
india,g2_0953.tif,4766,110,0.40436,40.44,0.0,0
india,g2_0971.tif,4852,200,0.73521,73.52,0.05,0
india,g2_0971.tif,4853,136,0.49994,49.99,0.0,0
india,g2_0971.tif,4854,144,0.52935,52.93,0.0,0
india,g2_0971.tif,4855,364,1.33808,133.81,0.1631,0
india,g2_0971.tif,4856,260,0.95577,95.58,0.0462,0
india,g2_0976.tif,4877,264,0.97047,97.05,0.2576,0
india,g2_0976.tif,4878,223,0.81976,81.98,0.4798,0
india,g2_0976.tif,4879,118,0.43377,43.38,0.3051,0
india,g2_0976.tif,4880,120,0.44112,44.11,0.425,0
india,g2_0976.tif,4881,83,0.30511,30.51,0.2632,0
india,g2_0995.tif,4972,51,0.18748,18.75,0.0,0
india,g2_0995.tif,4973,62,0.22791,22.79,0.0,0
india,g2_0995.tif,4974,26,0.09558,9.56,0.0,0
india,g2_0995.tif,4975,29,0.10661,10.66,0.0,0
india,g2_0995.tif,4976,23,0.08455,8.45,0.0,0
india,g2_1001.tif,5002,55,0.20218,20.22,0.0,0
india,g2_1001.tif,5003,42,0.15439,15.44,0.0,0
india,g2_1001.tif,5004,57,0.20953,20.95,0.0877,0
india,g2_1001.tif,5005,51,0.18748,18.75,0.0,0
india,g2_1001.tif,5006,55,0.20218,20.22,0.1455,0
india,g2_1016.tif,5077,130,0.47788,47.79,0.1462,0
india,g2_1016.tif,5078,31,0.11396,11.4,0.0,0
india,g2_1016.tif,5079,30,0.11028,11.03,0.0,0
india,g2_1016.tif,5080,144,0.52935,52.93,0.0347,0
india,g2_1016.tif,5081,167,0.6139,61.39,0.018,0
india,g2_1017.tif,5082,81,0.29776,29.78,0.0,0
india,g2_1017.tif,5083,72,0.26467,26.47,0.0,0
india,g2_1017.tif,5084,144,0.52935,52.93,0.0,0
india,g2_1017.tif,5085,61,0.22424,22.42,0.0,0
india,g2_1017.tif,5086,153,0.56243,56.24,0.0065,0
india,g2_1022.tif,5107,267,0.9815,98.15,0.2996,0
india,g2_1022.tif,5108,189,0.69477,69.48,0.2857,0
india,g2_1022.tif,5109,220,0.80873,80.87,0.1182,0
india,g2_1022.tif,5110,95,0.34922,34.92,0.0211,0
india,g2_1022.tif,5111,104,0.38231,38.23,0.0577,0
india,g2_1030.tif,5147,74,0.27203,27.2,0.0,0
india,g2_1030.tif,5148,58,0.21321,21.32,0.0172,0
india,g2_1030.tif,5149,52,0.19115,19.12,0.0,0
india,g2_1030.tif,5150,51,0.18748,18.75,0.0,0
india,g2_1030.tif,5151,92,0.3382,33.82,0.0,0
india,g2_1043.tif,5212,126,0.46318,46.32,0.0,0
india,g2_1043.tif,5213,120,0.44112,44.11,0.0,0
india,g2_1043.tif,5214,119,0.43745,43.74,0.0,0
india,g2_1043.tif,5215,138,0.50729,50.73,0.0,0
india,g2_1043.tif,5216,129,0.47421,47.42,0.0,0
india,g2_1053.tif,5262,169,0.62125,62.12,0.3195,0
india,g2_1053.tif,5263,176,0.64698,64.7,0.0,0
india,g2_1053.tif,5264,157,0.57714,57.71,0.0191,0
india,g2_1053.tif,5265,127,0.46686,46.69,0.0,0
india,g2_1053.tif,5266,176,0.64698,64.7,0.0227,0
india,g2_1056.tif,5277,48,0.17645,17.64,0.0,0
india,g2_1056.tif,5278,13,0.04779,4.78,0.0,0
india,g2_1056.tif,5279,21,0.0772,7.72,0.0,0
india,g2_1056.tif,5280,27,0.09925,9.93,0.0,0
india,g2_1056.tif,5281,28,0.10293,10.29,0.0,0
india,g2_1060.tif,5297,62,0.22791,22.79,0.0,0
india,g2_1060.tif,5298,64,0.23527,23.53,0.0,0
india,g2_1060.tif,5299,94,0.34555,34.55,0.0,0
india,g2_1060.tif,5300,63,0.23159,23.16,0.0,0
india,g2_1060.tif,5301,79,0.29041,29.04,0.0,0
india,g2_1062.tif,5307,761,2.79746,279.75,0.1064,0
india,g2_1062.tif,5308,569,2.09166,209.17,0.2091,0
india,g2_1062.tif,5309,716,2.63204,263.2,0.2989,0
india,g2_1062.tif,5310,98,0.36025,36.03,0.102,0
india,g2_1062.tif,5311,484,1.7792,177.92,0.2325,0
india,g2_1073.tif,5362,76,0.27938,27.94,0.0,0
india,g2_1073.tif,5363,61,0.22424,22.42,0.0,0
india,g2_1073.tif,5364,77,0.28305,28.31,0.0,0
india,g2_1073.tif,5365,67,0.24629,24.63,0.0,0
india,g2_1073.tif,5366,79,0.29041,29.04,0.0,0
india,g2_1090.tif,5447,437,1.60643,160.64,0.7002,1
india,g2_1090.tif,5448,298,1.09546,109.55,0.1711,0
india,g2_1090.tif,5449,272,0.99988,99.99,0.5147,1
india,g2_1090.tif,5450,534,1.963,196.3,0.2228,0
india,g2_1090.tif,5451,476,1.74979,174.98,0.7101,1
india,g2_1092.tif,5457,46,0.1691,16.91,0.0777,0
india,g2_1092.tif,5458,65,0.23894,23.89,0.0787,0
india,g2_1092.tif,5459,55,0.20218,20.22,0.3187,0
india,g2_1092.tif,5460,59,0.21689,21.69,0.125,0
india,g2_1092.tif,5461,65,0.23894,23.89,0.1034,0
india,g2_1111.tif,5552,69,0.25365,25.36,0.0,0
india,g2_1111.tif,5553,74,0.27203,27.2,0.0,0
india,g2_1111.tif,5554,108,0.39701,39.7,0.0,0
india,g2_1111.tif,5555,160,0.58817,58.82,0.0,0
india,g2_1111.tif,5556,115,0.42274,42.27,0.0,0
india,g2_1120.tif,5597,150,0.55141,55.14,0.02,0
india,g2_1120.tif,5598,326,1.19839,119.84,0.1933,0
india,g2_1120.tif,5599,94,0.34555,34.55,0.0,0
india,g2_1120.tif,5600,65,0.23894,23.89,0.0308,0
india,g2_1120.tif,5601,67,0.24629,24.63,0.0,0
india,g2_1145.tif,5722,57,0.20953,20.95,0.0,0
india,g2_1145.tif,5723,46,0.1691,16.91,0.0,0
india,g2_1145.tif,5724,59,0.21689,21.69,0.0,0
india,g2_1145.tif,5725,83,0.30511,30.51,0.0,0
india,g2_1145.tif,5726,56,0.20586,20.59,0.0508,0
india,g2_1148.tif,5737,324,1.19104,119.1,0.6636,1
india,g2_1148.tif,5738,393,1.44468,144.47,0.6336,1
india,g2_1148.tif,5739,350,1.28661,128.66,0.06,0
india,g2_1148.tif,5740,312,1.14692,114.69,0.0353,0
india,g2_1148.tif,5741,289,1.06237,106.24,0.0,0
india,g2_1149.tif,5742,32,0.11763,11.76,0.0,0
india,g2_1149.tif,5743,39,0.14337,14.34,0.0,0
india,g2_1149.tif,5744,33,0.12131,12.13,0.0,0
india,g2_1149.tif,5745,25,0.0919,9.19,0.0,0
india,g2_1149.tif,5746,34,0.12499,12.5,0.0,0
india,g2_1154.tif,5767,12,0.04411,4.41,0.0,0
india,g2_1154.tif,5768,18,0.06617,6.62,0.0,0
india,g2_1154.tif,5769,24,0.08822,8.82,0.0,0
india,g2_1154.tif,5770,23,0.08455,8.45,0.0,0
india,g2_1154.tif,5771,22,0.08087,8.09,0.0,0
india,g2_1175.tif,5872,370,1.36013,136.01,0.0,0
india,g2_1175.tif,5873,431,1.58437,158.44,0.0,0
india,g2_1175.tif,5874,78,0.28673,28.67,0.0,0
india,g2_1175.tif,5875,249,0.91533,91.53,0.0,0
india,g2_1175.tif,5876,277,1.01826,101.83,0.0,0
india,g2_1178.tif,5887,285,1.04767,104.77,0.0,0
india,g2_1178.tif,5888,151,0.55508,55.51,0.0,0
india,g2_1178.tif,5889,168,0.61757,61.76,0.0,0
india,g2_1178.tif,5890,76,0.27938,27.94,0.0,0
india,g2_1178.tif,5891,98,0.36025,36.03,0.0,0
india,g2_1197.tif,5982,48,0.17645,17.64,0.0,0
india,g2_1197.tif,5983,48,0.17645,17.64,0.0,0
india,g2_1197.tif,5984,91,0.33452,33.45,0.0,0
india,g2_1197.tif,5985,64,0.23527,23.53,0.0,0
india,g2_1197.tif,5986,35,0.12866,12.87,0.0,0
india,g2_1198.tif,5987,37,0.13601,13.6,0.0,0
india,g2_1198.tif,5988,43,0.15807,15.81,0.0,0
india,g2_1198.tif,5989,48,0.17645,17.64,0.0,0
india,g2_1198.tif,5990,96,0.3529,35.29,0.0,0
india,g2_1198.tif,5991,40,0.14704,14.7,0.0,0
india,g2_1201.tif,6002,39,0.14337,14.34,0.0,0
india,g2_1201.tif,6003,35,0.12866,12.87,0.0,0
india,g2_1201.tif,6004,60,0.22056,22.06,0.0,0
india,g2_1201.tif,6005,106,0.38966,38.97,0.0,0
india,g2_1201.tif,6006,38,0.13969,13.97,0.0,0
india,g2_1206.tif,6027,125,0.4595,45.95,0.24,0
india,g2_1206.tif,6028,49,0.18013,18.01,0.0,0
india,g2_1206.tif,6029,79,0.29041,29.04,0.0123,0
india,g2_1206.tif,6030,69,0.25365,25.36,0.0,0
india,g2_1206.tif,6031,131,0.48156,48.16,0.0,0
india,g2_1207.tif,6032,96,0.3529,35.29,0.3636,0
india,g2_1207.tif,6033,112,0.41172,41.17,0.513,1
india,g2_1207.tif,6034,297,1.09178,109.18,0.1751,0
india,g2_1207.tif,6035,309,1.13589,113.59,0.4369,0
india,g2_1207.tif,6036,338,1.2425,124.25,0.1036,0
india,g2_1211.tif,6052,185,0.68007,68.01,0.0,0
india,g2_1211.tif,6053,305,1.12119,112.12,0.0,0
india,g2_1211.tif,6054,145,0.53303,53.3,0.0,0
india,g2_1211.tif,6055,77,0.28305,28.31,0.0,0
india,g2_1211.tif,6056,282,1.03664,103.66,0.0,0
india,g2_1217.tif,6082,237,0.87122,87.12,0.0295,0
india,g2_1217.tif,6083,244,0.89695,89.7,0.1352,0
india,g2_1217.tif,6084,93,0.34187,34.19,0.0,0
india,g2_1217.tif,6085,271,0.99621,99.62,0.0074,0
india,g2_1217.tif,6086,269,0.98885,98.89,0.0074,0
india,g2_1233.tif,6162,378,1.38954,138.95,0.037,0
india,g2_1233.tif,6163,101,0.37128,37.13,0.0,0
india,g2_1233.tif,6164,166,0.61022,61.02,0.0,0
india,g2_1233.tif,6165,309,1.13589,113.59,0.055,0
india,g2_1233.tif,6166,400,1.47041,147.04,0.0,0
india,g2_1241.tif,6202,138,0.50729,50.73,0.0,0
india,g2_1241.tif,6203,148,0.54405,54.41,0.0,0
india,g2_1241.tif,6204,79,0.29041,29.04,0.0,0
india,g2_1241.tif,6205,122,0.44848,44.85,0.0,0
india,g2_1241.tif,6206,81,0.29776,29.78,0.0964,0
india,g2_1252.tif,6257,112,0.41172,41.17,0.0982,0
india,g2_1252.tif,6258,147,0.54038,54.04,0.0,0
india,g2_1252.tif,6259,79,0.29041,29.04,0.0,0
india,g2_1252.tif,6260,51,0.18748,18.75,0.0,0
india,g2_1252.tif,6261,70,0.25732,25.73,0.0,0
india,g2_1264.tif,6317,44,0.16175,16.17,0.0,0
india,g2_1264.tif,6318,31,0.11396,11.4,0.0,0
india,g2_1264.tif,6319,79,0.29041,29.04,0.0,0
india,g2_1264.tif,6320,68,0.24997,25.0,0.0,0
india,g2_1264.tif,6321,67,0.24629,24.63,0.0,0
india,g2_1265.tif,6322,118,0.43377,43.38,0.0,0
india,g2_1265.tif,6323,74,0.27203,27.2,0.0,0
india,g2_1265.tif,6324,169,0.62125,62.12,0.0765,0
india,g2_1265.tif,6325,99,0.36393,36.39,0.0,0
india,g2_1265.tif,6326,131,0.48156,48.16,0.0,0
india,g2_1268.tif,6337,107,0.39334,39.33,0.0654,0
india,g2_1268.tif,6338,110,0.40436,40.44,0.0545,0
india,g2_1268.tif,6339,131,0.48156,48.16,0.0229,0
india,g2_1268.tif,6340,112,0.41172,41.17,0.0,0
india,g2_1268.tif,6341,97,0.35658,35.66,0.0309,0
india,g2_1274.tif,6367,737,2.70924,270.92,0.5305,1
india,g2_1274.tif,6368,88,0.32349,32.35,0.0652,0
india,g2_1274.tif,6369,564,2.07328,207.33,0.3635,0
india,g2_1274.tif,6370,988,3.63192,363.19,0.0567,0
india,g2_1274.tif,6371,492,1.80861,180.86,0.2764,0
india,g2_1287.tif,6432,158,0.58081,58.08,0.064,0
india,g2_1287.tif,6433,318,1.16898,116.9,0.2138,0
india,g2_1287.tif,6434,53,0.19483,19.48,0.0882,0
india,g2_1287.tif,6435,167,0.6139,61.39,0.0124,0
india,g2_1287.tif,6436,398,1.46306,146.31,0.3778,0
india,g2_1290.tif,6447,143,0.52567,52.57,0.0,0
india,g2_1290.tif,6448,481,1.76817,176.82,0.1746,0
india,g2_1290.tif,6449,248,0.91166,91.17,0.4476,0
india,g2_1290.tif,6450,599,2.20195,220.19,0.1686,0
india,g2_1290.tif,6451,1357,4.98838,498.84,0.7745,1
india,g2_1293.tif,6462,163,0.59919,59.92,0.0675,0
india,g2_1293.tif,6463,163,0.59919,59.92,0.1166,0
india,g2_1293.tif,6464,91,0.33452,33.45,0.0261,0
india,g2_1293.tif,6465,172,0.63228,63.23,0.0233,0
india,g2_1293.tif,6466,85,0.31246,31.25,0.0706,0
india,g2_1299.tif,6492,255,0.93739,93.74,0.0,0
india,g2_1299.tif,6493,84,0.30879,30.88,0.0714,0
india,g2_1299.tif,6494,64,0.23527,23.53,0.0152,0
india,g2_1299.tif,6495,536,1.97035,197.04,0.0,0
india,g2_1299.tif,6496,115,0.42274,42.27,0.0,0
india,g2_1300.tif,6497,14,0.05146,5.15,0.0,0
india,g2_1300.tif,6498,15,0.05514,5.51,0.0,0
india,g2_1300.tif,6499,26,0.09558,9.56,0.0,0
india,g2_1300.tif,6500,23,0.08455,8.45,0.0,0
india,g2_1300.tif,6501,25,0.0919,9.19,0.0,0
india,g2_1305.tif,6522,417,1.53291,153.29,0.0216,0
india,g2_1305.tif,6523,825,3.03273,303.27,0.0,0
india,g2_1305.tif,6524,86,0.31614,31.61,0.0,0
india,g2_1305.tif,6525,240,0.88225,88.22,0.0,0
india,g2_1305.tif,6526,96,0.3529,35.29,0.0198,0
india,g2_1307.tif,6532,265,0.97415,97.41,0.0038,0
india,g2_1307.tif,6533,136,0.49994,49.99,0.0,0
india,g2_1307.tif,6534,74,0.27203,27.2,0.0,0
india,g2_1307.tif,6535,81,0.29776,29.78,0.1358,0
india,g2_1307.tif,6536,260,0.95577,95.58,0.0,0
india,g2_1309.tif,6542,142,0.522,52.2,0.2606,0
india,g2_1309.tif,6543,64,0.23527,23.53,0.0625,0
india,g2_1309.tif,6544,248,0.91166,91.17,0.004,0
india,g2_1309.tif,6545,163,0.59919,59.92,0.2147,0
india,g2_1309.tif,6546,414,1.52188,152.19,0.0048,0
india,g2_1310.tif,6547,17,0.06249,6.25,0.0,0
india,g2_1310.tif,6548,17,0.06249,6.25,0.0,0
india,g2_1310.tif,6549,17,0.06249,6.25,0.0,0
india,g2_1310.tif,6550,17,0.06249,6.25,0.0,0
india,g2_1310.tif,6551,20,0.07352,7.35,0.0,0
india,g2_1321.tif,6602,274,1.00723,100.72,0.0,0
india,g2_1321.tif,6603,368,1.35278,135.28,0.0,0
india,g2_1321.tif,6604,423,1.55496,155.5,0.0,0
india,g2_1321.tif,6605,262,0.96312,96.31,0.0,0
india,g2_1321.tif,6606,361,1.32705,132.7,0.0083,0
india,g2_1330.tif,6647,39,0.14337,14.34,0.0,0
india,g2_1330.tif,6648,72,0.26467,26.47,0.0,0
india,g2_1330.tif,6649,67,0.24629,24.63,0.0,0
india,g2_1330.tif,6650,106,0.38966,38.97,0.0,0
india,g2_1330.tif,6651,96,0.3529,35.29,0.0,0
india,g2_1340.tif,6697,102,0.37496,37.5,0.1619,0
india,g2_1340.tif,6698,314,1.15428,115.43,0.3206,0
india,g2_1340.tif,6699,181,0.66536,66.54,0.3149,0
india,g2_1340.tif,6700,119,0.43745,43.74,0.5126,1
india,g2_1340.tif,6701,255,0.93739,93.74,0.4824,0
india,g2_1346.tif,6727,254,0.93371,93.37,0.1457,0
india,g2_1346.tif,6728,457,1.67995,167.99,0.0,0
india,g2_1346.tif,6729,462,1.69833,169.83,0.0,0
india,g2_1346.tif,6730,310,1.13957,113.96,0.0774,0
india,g2_1346.tif,6731,582,2.13945,213.95,0.0,0
india,g2_1348.tif,6737,88,0.32349,32.35,0.0455,0
india,g2_1348.tif,6738,85,0.31246,31.25,0.0235,0
india,g2_1348.tif,6739,83,0.30511,30.51,0.0,0
india,g2_1348.tif,6740,76,0.27938,27.94,0.1842,0
india,g2_1348.tif,6741,69,0.25365,25.36,0.0,0
india,g2_1352.tif,6757,222,0.81608,81.61,0.0,0
india,g2_1352.tif,6758,221,0.8124,81.24,0.0,0
india,g2_1352.tif,6759,224,0.82343,82.34,0.0,0
india,g2_1352.tif,6760,228,0.83814,83.81,0.0,0
india,g2_1352.tif,6761,40,0.14704,14.7,0.0,0
india,g2_1364.tif,6817,89,0.32717,32.72,0.0,0
india,g2_1364.tif,6818,40,0.14704,14.7,0.0,0
india,g2_1364.tif,6819,45,0.16542,16.54,0.0,0
india,g2_1364.tif,6820,36,0.13234,13.23,0.0,0
india,g2_1364.tif,6821,71,0.261,26.1,0.0,0
india,g2_1368.tif,6837,49,0.18013,18.01,0.0,0
india,g2_1368.tif,6838,67,0.24629,24.63,0.0,0
india,g2_1368.tif,6839,69,0.25365,25.36,0.0,0
india,g2_1368.tif,6840,88,0.32349,32.35,0.0,0
india,g2_1368.tif,6841,68,0.24997,25.0,0.0,0
india,g2_1374.tif,6867,40,0.14704,14.7,0.0,0
india,g2_1374.tif,6868,38,0.13969,13.97,0.0,0
india,g2_1374.tif,6869,41,0.15072,15.07,0.0,0
india,g2_1374.tif,6870,36,0.13234,13.23,0.0,0
india,g2_1374.tif,6871,53,0.19483,19.48,0.0,0
india,g2_1376.tif,6877,184,0.67639,67.64,0.0579,0
india,g2_1376.tif,6878,284,1.04399,104.4,0.007,0
india,g2_1376.tif,6879,380,1.39689,139.69,0.0551,0
india,g2_1376.tif,6880,192,0.7058,70.58,0.0,0
india,g2_1376.tif,6881,469,1.72406,172.41,0.27,0
india,g2_1380.tif,6897,130,0.47788,47.79,0.3231,0
india,g2_1380.tif,6898,127,0.46686,46.69,0.2598,0
india,g2_1380.tif,6899,129,0.47421,47.42,0.2946,0
india,g2_1380.tif,6900,119,0.43745,43.74,0.2773,0
india,g2_1380.tif,6901,128,0.47053,47.05,0.32,0
india,g2_1384.tif,6917,642,2.36001,236.0,0.0,0
india,g2_1384.tif,6918,64,0.23527,23.53,0.0,0
india,g2_1384.tif,6919,588,2.16151,216.15,0.0714,0
india,g2_1384.tif,6920,510,1.87478,187.48,0.0,0
india,g2_1384.tif,6921,577,2.12107,212.11,0.0641,0
india,g2_1386.tif,6927,194,0.71315,71.32,0.0,0
india,g2_1386.tif,6928,140,0.51464,51.46,0.035,0
india,g2_1386.tif,6929,120,0.44112,44.11,0.0333,0
india,g2_1386.tif,6930,148,0.54405,54.41,0.1419,0
india,g2_1386.tif,6931,189,0.69477,69.48,0.037,0
india,g2_1393.tif,6962,103,0.37863,37.86,0.0,0
india,g2_1393.tif,6963,115,0.42274,42.27,0.0,0
india,g2_1393.tif,6964,71,0.261,26.1,0.0,0
india,g2_1393.tif,6965,86,0.31614,31.61,0.0,0
india,g2_1393.tif,6966,166,0.61022,61.02,0.0,0
india,g2_1395.tif,6972,27,0.09925,9.93,0.0,0
india,g2_1395.tif,6973,28,0.10293,10.29,0.0,0
india,g2_1395.tif,6974,79,0.29041,29.04,0.0,0
india,g2_1395.tif,6975,32,0.11763,11.76,0.0,0
india,g2_1395.tif,6976,46,0.1691,16.91,0.0,0
india,g2_1398.tif,6987,417,1.53291,153.29,0.3573,0
india,g2_1398.tif,6988,503,1.84905,184.9,0.1581,0
india,g2_1398.tif,6989,521,1.91521,191.52,0.1384,0
india,g2_1398.tif,6990,207,0.76094,76.09,0.2367,0
india,g2_1398.tif,6991,1397,5.13542,513.54,0.1217,0
india,g2_1398.tif,6992,420,1.54393,154.39,0.5619,1
india,g2_1404.tif,7018,87,0.31982,31.98,0.0,0
india,g2_1404.tif,7019,112,0.41172,41.17,0.0357,0
india,g2_1404.tif,7020,98,0.36025,36.03,0.0,0
india,g2_1404.tif,7021,88,0.32349,32.35,0.2386,0
india,g2_1404.tif,7022,88,0.32349,32.35,0.0,0
india,g2_1418.tif,7088,144,0.52935,52.93,0.0208,0
india,g2_1418.tif,7089,103,0.37863,37.86,0.1068,0
india,g2_1418.tif,7090,43,0.15807,15.81,0.0,0
india,g2_1418.tif,7091,90,0.33084,33.08,0.0,0
india,g2_1418.tif,7092,78,0.28673,28.67,0.0,0
india,g2_1433.tif,7163,94,0.34555,34.55,0.1429,0
india,g2_1433.tif,7164,97,0.35658,35.66,0.1593,0
india,g2_1433.tif,7165,96,0.3529,35.29,0.03,0
india,g2_1433.tif,7166,75,0.2757,27.57,0.1733,0
india,g2_1433.tif,7167,142,0.522,52.2,0.1338,0
india,g2_1439.tif,7193,83,0.30511,30.51,0.1446,0
india,g2_1439.tif,7194,62,0.22791,22.79,0.0,0
india,g2_1439.tif,7195,78,0.28673,28.67,0.0128,0
india,g2_1439.tif,7196,50,0.1838,18.38,0.02,0
india,g2_1439.tif,7197,72,0.26467,26.47,0.2778,0
india,g2_1451.tif,7253,116,0.42642,42.64,0.0,0
india,g2_1451.tif,7254,111,0.40804,40.8,0.0,0
india,g2_1451.tif,7255,55,0.20218,20.22,0.0,0
india,g2_1451.tif,7256,131,0.48156,48.16,0.0,0
india,g2_1451.tif,7257,154,0.56611,56.61,0.0,0
india,g2_1467.tif,7333,62,0.22791,22.79,0.0,0
india,g2_1467.tif,7334,61,0.22424,22.42,0.0,0
india,g2_1467.tif,7335,161,0.59184,59.18,0.0124,0
india,g2_1467.tif,7336,111,0.40804,40.8,0.009,0
india,g2_1467.tif,7337,74,0.27203,27.2,0.0,0
india,g2_1471.tif,7353,42,0.15439,15.44,0.0,0
india,g2_1471.tif,7354,47,0.17277,17.28,0.0,0
india,g2_1471.tif,7355,48,0.17645,17.64,0.0,0
india,g2_1471.tif,7356,38,0.13969,13.97,0.0,0
india,g2_1471.tif,7357,43,0.15807,15.81,0.0,0
india,g2_1474.tif,7368,62,0.22791,22.79,0.0,0
india,g2_1474.tif,7369,65,0.23894,23.89,0.0,0
india,g2_1474.tif,7370,61,0.22424,22.42,0.0,0
india,g2_1474.tif,7371,45,0.16542,16.54,0.0,0
india,g2_1474.tif,7372,58,0.21321,21.32,0.0,0
india,g2_1475.tif,7373,314,1.15428,115.43,0.1005,0
india,g2_1475.tif,7374,301,1.10649,110.65,0.2463,0
india,g2_1475.tif,7375,424,1.55864,155.86,0.1321,0
india,g2_1475.tif,7376,427,1.56967,156.97,0.2225,0
india,g2_1475.tif,7377,312,1.14692,114.69,0.0929,0
india,g2_1478.tif,7388,87,0.31982,31.98,0.0,0
india,g2_1478.tif,7389,70,0.25732,25.73,0.0143,0
india,g2_1478.tif,7390,35,0.12866,12.87,0.0,0
india,g2_1478.tif,7391,59,0.21689,21.69,0.0,0
india,g2_1478.tif,7392,24,0.08822,8.82,0.0,0
india,g2_1488.tif,7438,103,0.37863,37.86,0.1165,0
india,g2_1488.tif,7439,98,0.36025,36.03,0.0102,0
india,g2_1488.tif,7440,176,0.64698,64.7,0.0227,0
india,g2_1488.tif,7441,100,0.3676,36.76,0.17,0
india,g2_1488.tif,7442,166,0.61022,61.02,0.0783,0
india,g2_1500.tif,7498,21,0.0772,7.72,0.0,0
india,g2_1500.tif,7499,72,0.26467,26.47,0.0,0
india,g2_1500.tif,7500,47,0.17277,17.28,0.0,0
india,g2_1500.tif,7501,52,0.19115,19.12,0.0,0
india,g2_1500.tif,7502,395,1.45203,145.2,0.0,0
india,g2_1511.tif,7553,320,1.17633,117.63,0.2316,0
india,g2_1511.tif,7554,712,2.61734,261.73,0.7644,1
india,g2_1511.tif,7555,545,2.00344,200.34,0.4435,0
india,g2_1511.tif,7556,1430,5.25673,525.67,0.75,1
india,g2_1511.tif,7557,557,2.04755,204.76,0.0892,0
india,g2_1516.tif,7578,24,0.08822,8.82,0.0,0
india,g2_1516.tif,7579,26,0.09558,9.56,0.0,0
india,g2_1516.tif,7580,25,0.0919,9.19,0.0,0
india,g2_1516.tif,7581,32,0.11763,11.76,0.0,0
india,g2_1516.tif,7582,30,0.11028,11.03,0.0,0
india,g2_1517.tif,7583,167,0.6139,61.39,0.1071,0
india,g2_1517.tif,7584,173,0.63595,63.6,0.2893,0
india,g2_1517.tif,7585,247,0.90798,90.8,0.0324,0
india,g2_1517.tif,7586,471,1.73141,173.14,0.1274,0
india,g2_1517.tif,7587,590,2.16886,216.89,0.3119,0
india,g2_1521.tif,7603,63,0.23159,23.16,0.0,0
india,g2_1521.tif,7604,54,0.19851,19.85,0.0,0
india,g2_1521.tif,7605,103,0.37863,37.86,0.0,0
india,g2_1521.tif,7606,51,0.18748,18.75,0.0,0
india,g2_1521.tif,7607,42,0.15439,15.44,0.0,0
india,g2_1523.tif,7613,35,0.12866,12.87,0.0,0
india,g2_1523.tif,7614,33,0.12131,12.13,0.0,0
india,g2_1523.tif,7615,40,0.14704,14.7,0.0,0
india,g2_1523.tif,7616,29,0.10661,10.66,0.0,0
india,g2_1523.tif,7617,33,0.12131,12.13,0.0,0
india,g2_1527.tif,7633,525,1.92992,192.99,0.0,0
india,g2_1527.tif,7634,554,2.03652,203.65,0.0,0
india,g2_1527.tif,7635,441,1.62113,162.11,0.0,0
india,g2_1527.tif,7636,513,1.88581,188.58,0.0097,0
india,g2_1527.tif,7637,133,0.48891,48.89,0.0,0
india,g2_1535.tif,7673,56,0.20586,20.59,0.3582,0
india,g2_1535.tif,7674,52,0.19115,19.12,0.0,0
india,g2_1535.tif,7675,173,0.63595,63.6,0.0,0
india,g2_1535.tif,7676,89,0.32717,32.72,0.0224,0
india,g2_1535.tif,7677,58,0.21321,21.32,0.0,0
india,g2_1538.tif,7688,209,0.76829,76.83,0.1261,0
india,g2_1538.tif,7689,208,0.76462,76.46,0.0886,0
india,g2_1538.tif,7690,210,0.77197,77.2,0.0667,0
india,g2_1538.tif,7691,137,0.50362,50.36,0.0,0
india,g2_1538.tif,7692,164,0.60287,60.29,0.0,0
india,g2_1554.tif,7768,66,0.24262,24.26,0.0,0
india,g2_1554.tif,7769,48,0.17645,17.64,0.0,0
india,g2_1554.tif,7770,67,0.24629,24.63,0.0,0
india,g2_1554.tif,7771,33,0.12131,12.13,0.0,0
india,g2_1554.tif,7772,101,0.37128,37.13,0.0,0
india,g2_1557.tif,7783,22,0.08087,8.09,0.0,0
india,g2_1557.tif,7784,41,0.15072,15.07,0.0,0
india,g2_1557.tif,7785,70,0.25732,25.73,0.0,0
india,g2_1557.tif,7786,48,0.17645,17.64,0.0,0
india,g2_1557.tif,7787,59,0.21689,21.69,0.0,0
india,g2_1568.tif,7838,47,0.17277,17.28,0.0,0
india,g2_1568.tif,7839,42,0.15439,15.44,0.0,0
india,g2_1568.tif,7840,51,0.18748,18.75,0.0,0
india,g2_1568.tif,7841,38,0.13969,13.97,0.0,0
india,g2_1568.tif,7842,44,0.16175,16.17,0.0,0
india,g2_1602.tif,8008,28,0.10293,10.29,0.0,0
india,g2_1602.tif,8009,27,0.09925,9.93,0.0,0
india,g2_1602.tif,8010,67,0.24629,24.63,0.0,0
india,g2_1602.tif,8011,91,0.33452,33.45,0.011,0
india,g2_1602.tif,8012,66,0.24262,24.26,0.0,0
india,g2_1604.tif,8018,28,0.10293,10.29,0.0,0
india,g2_1604.tif,8019,15,0.05514,5.51,0.0,0
india,g2_1604.tif,8020,15,0.05514,5.51,0.0,0
india,g2_1604.tif,8021,24,0.08822,8.82,0.0,0
india,g2_1604.tif,8022,42,0.15439,15.44,0.0,0
india,g2_1614.tif,8068,131,0.48156,48.16,0.152,0
india,g2_1614.tif,8069,101,0.37128,37.13,0.1925,0
india,g2_1614.tif,8070,84,0.30879,30.88,0.245,0
india,g2_1614.tif,8071,147,0.54038,54.04,0.3371,0
india,g2_1614.tif,8072,148,0.54405,54.41,0.1667,0
india,g2_1626.tif,8128,66,0.24262,24.26,0.0,0
india,g2_1626.tif,8129,22,0.08087,8.09,0.0,0
india,g2_1626.tif,8130,26,0.09558,9.56,0.0,0
india,g2_1626.tif,8131,47,0.17277,17.28,0.0,0
india,g2_1626.tif,8132,104,0.38231,38.23,0.0,0
india,g2_1638.tif,8188,24,0.08822,8.82,0.4138,0
india,g2_1638.tif,8189,63,0.23159,23.16,0.2222,0
india,g2_1638.tif,8190,132,0.48524,48.52,0.3712,0
india,g2_1638.tif,8191,69,0.25365,25.36,0.2464,0
india,g2_1638.tif,8192,126,0.46318,46.32,0.092,0
india,g2_1646.tif,8228,17,0.06249,6.25,0.0,0
india,g2_1646.tif,8229,45,0.16542,16.54,0.0,0
india,g2_1646.tif,8230,14,0.05146,5.15,0.0,0
india,g2_1646.tif,8231,21,0.0772,7.72,0.0,0
india,g2_1646.tif,8232,22,0.08087,8.09,0.0909,0
india,g2_1659.tif,8293,265,0.97415,97.41,0.0,0
india,g2_1659.tif,8294,68,0.24997,25.0,0.0,0
india,g2_1659.tif,8295,76,0.27938,27.94,0.0,0
india,g2_1659.tif,8296,77,0.28305,28.31,0.0,0
india,g2_1659.tif,8297,76,0.27938,27.94,0.0,0
india,g2_1670.tif,8348,272,0.99988,99.99,0.0,0
india,g2_1670.tif,8349,219,0.80505,80.51,0.0,0
india,g2_1670.tif,8350,255,0.93739,93.74,0.0,0
india,g2_1670.tif,8351,121,0.4448,44.48,0.0,0
india,g2_1670.tif,8352,183,0.67271,67.27,0.0328,0
india,g2_1674.tif,8368,91,0.33452,33.45,0.4945,0
india,g2_1674.tif,8369,157,0.57714,57.71,0.3312,0
india,g2_1674.tif,8370,91,0.33452,33.45,0.3516,0
india,g2_1674.tif,8371,247,0.90798,90.8,0.4291,0
india,g2_1674.tif,8372,244,0.89695,89.7,0.4057,0
india,g2_1676.tif,8379,33,0.12131,12.13,0.0,0
india,g2_1676.tif,8380,52,0.19115,19.12,0.0,0
india,g2_1676.tif,8381,56,0.20586,20.59,0.0,0
india,g2_1676.tif,8382,58,0.21321,21.32,0.0,0
india,g2_1681.tif,8403,188,0.69109,69.11,0.0053,0
india,g2_1681.tif,8404,231,0.84916,84.92,0.1558,0
india,g2_1681.tif,8405,200,0.73521,73.52,0.105,0
india,g2_1681.tif,8406,698,2.56587,256.59,0.0,0
india,g2_1681.tif,8407,308,1.13222,113.22,0.0519,0
india,g2_1688.tif,8438,853,3.13566,313.57,0.6147,1
india,g2_1688.tif,8439,340,1.24985,124.99,0.1618,0
india,g2_1688.tif,8440,1853,6.81169,681.17,0.6568,1
india,g2_1688.tif,8441,867,3.18712,318.71,0.642,1
india,g2_1688.tif,8442,1561,5.73829,573.83,0.7277,1
india,g2_1689.tif,8443,118,0.43377,43.38,0.0,0
india,g2_1689.tif,8444,42,0.15439,15.44,0.0,0
india,g2_1689.tif,8445,129,0.47421,47.42,0.0,0
india,g2_1689.tif,8446,27,0.09925,9.93,0.0,0
india,g2_1689.tif,8447,35,0.12866,12.87,0.0,0
india,g2_1695.tif,8473,109,0.40069,40.07,0.0,0
india,g2_1695.tif,8474,316,1.16163,116.16,0.0,0
india,g2_1695.tif,8475,235,0.86387,86.39,0.0,0
india,g2_1695.tif,8476,349,1.28294,128.29,0.0,0
india,g2_1695.tif,8477,177,0.65066,65.07,0.1517,0
india,g2_1699.tif,8493,72,0.26467,26.47,0.4306,0
india,g2_1699.tif,8494,153,0.56243,56.24,0.2745,0
india,g2_1699.tif,8495,408,1.49982,149.98,0.2181,0
india,g2_1699.tif,8496,92,0.3382,33.82,0.0508,0
india,g2_1699.tif,8497,664,2.44089,244.09,0.3283,0
india,g2_1700.tif,8498,232,0.85284,85.28,0.0,0
india,g2_1700.tif,8499,471,1.73141,173.14,0.0,0
india,g2_1700.tif,8500,209,0.76829,76.83,0.0,0
india,g2_1700.tif,8501,228,0.83814,83.81,0.0,0
india,g2_1700.tif,8502,242,0.8896,88.96,0.0083,0
india,g2_1707.tif,8533,95,0.34922,34.92,0.0,0
india,g2_1707.tif,8534,71,0.261,26.1,0.0,0
india,g2_1707.tif,8535,89,0.32717,32.72,0.0,0
india,g2_1707.tif,8536,33,0.12131,12.13,0.0,0
india,g2_1707.tif,8537,35,0.12866,12.87,0.0,0
india,g2_1722.tif,8608,125,0.4595,45.95,0.0,0
india,g2_1722.tif,8609,115,0.42274,42.27,0.0,0
india,g2_1722.tif,8610,120,0.44112,44.11,0.0,0
india,g2_1722.tif,8611,139,0.51097,51.1,0.0,0
india,g2_1722.tif,8612,155,0.56979,56.98,0.0,0
india,g2_1733.tif,8663,733,2.69453,269.45,0.015,0
india,g2_1733.tif,8664,131,0.48156,48.16,0.0,0
india,g2_1733.tif,8665,473,1.73876,173.88,0.0042,0
india,g2_1733.tif,8666,959,3.52532,352.53,0.1804,0
india,g2_1733.tif,8667,147,0.54038,54.04,0.0,0
india,g2_1737.tif,8683,55,0.20218,20.22,0.0,0
india,g2_1737.tif,8684,61,0.22424,22.42,0.0,0
india,g2_1737.tif,8685,69,0.25365,25.36,0.0,0
india,g2_1737.tif,8686,64,0.23527,23.53,0.0,0
india,g2_1737.tif,8687,77,0.28305,28.31,0.0,0
india,g2_1752.tif,8758,65,0.23894,23.89,0.0,0
india,g2_1752.tif,8759,58,0.21321,21.32,0.0,0
india,g2_1752.tif,8760,67,0.24629,24.63,0.0,0
india,g2_1752.tif,8761,59,0.21689,21.69,0.0,0
india,g2_1752.tif,8762,93,0.34187,34.19,0.0,0
india,g2_1759.tif,8793,52,0.19115,19.12,0.0,0
india,g2_1759.tif,8794,46,0.1691,16.91,0.0,0
india,g2_1759.tif,8795,54,0.19851,19.85,0.0,0
india,g2_1759.tif,8796,46,0.1691,16.91,0.0,0
india,g2_1759.tif,8797,107,0.39334,39.33,0.0,0
india,g2_1766.tif,8828,93,0.34187,34.19,0.0,0
india,g2_1766.tif,8829,67,0.24629,24.63,0.0,0
india,g2_1766.tif,8830,83,0.30511,30.51,0.0,0
india,g2_1766.tif,8831,124,0.45583,45.58,0.0,0
india,g2_1766.tif,8832,77,0.28305,28.31,0.0,0
india,g2_1769.tif,8843,65,0.23894,23.89,0.0,0
india,g2_1769.tif,8844,91,0.33452,33.45,0.0,0
india,g2_1769.tif,8845,70,0.25732,25.73,0.0,0
india,g2_1769.tif,8846,96,0.3529,35.29,0.0,0
india,g2_1769.tif,8847,113,0.41539,41.54,0.0,0
india,g2_1771.tif,8853,392,1.44101,144.1,0.0255,0
india,g2_1771.tif,8854,202,0.74256,74.26,0.0,0
india,g2_1771.tif,8855,160,0.58817,58.82,0.0,0
india,g2_1771.tif,8856,327,1.20206,120.21,0.0,0
india,g2_1771.tif,8857,133,0.48891,48.89,0.0,0
india,g2_1800.tif,8998,173,0.63595,63.6,0.0,0
india,g2_1800.tif,8999,122,0.44848,44.85,0.0,0
india,g2_1800.tif,9000,101,0.37128,37.13,0.0198,0
india,g2_1800.tif,9001,64,0.23527,23.53,0.0,0
india,g2_1800.tif,9002,77,0.28305,28.31,0.0,0
india,g2_1823.tif,9113,568,2.08799,208.8,0.1039,0
india,g2_1823.tif,9114,239,0.87857,87.86,0.4393,0
india,g2_1823.tif,9115,411,1.51085,151.09,0.146,0
india,g2_1823.tif,9116,130,0.47788,47.79,0.5385,1
india,g2_1823.tif,9117,455,1.6726,167.26,0.3165,0
india,g2_1844.tif,9218,37,0.13601,13.6,0.1345,0
india,g2_1844.tif,9219,39,0.14337,14.34,0.12,0
india,g2_1844.tif,9220,49,0.18013,18.01,0.1319,0
india,g2_1844.tif,9221,49,0.18013,18.01,0.0899,0
india,g2_1844.tif,9222,62,0.22791,22.79,0.1289,0
india,g2_1852.tif,9258,74,0.27203,27.2,0.3297,0
india,g2_1852.tif,9259,40,0.14704,14.7,0.0,0
india,g2_1852.tif,9260,28,0.10293,10.29,0.0,0
india,g2_1852.tif,9261,46,0.1691,16.91,0.0,0
india,g2_1852.tif,9262,44,0.16175,16.17,0.0,0
india,g2_1856.tif,9278,24,0.08822,8.82,0.0,0
india,g2_1856.tif,9279,8,0.02941,2.94,0.0,0
india,g2_1856.tif,9280,11,0.04044,4.04,0.0,0
india,g2_1856.tif,9281,12,0.04411,4.41,0.0,0
india,g2_1856.tif,9282,21,0.0772,7.72,0.0,0
india,g2_1867.tif,9333,275,1.01091,101.09,0.0036,0
india,g2_1867.tif,9334,73,0.26835,26.84,0.0,0
india,g2_1867.tif,9335,142,0.522,52.2,0.0,0
india,g2_1867.tif,9336,141,0.51832,51.83,0.0,0
india,g2_1867.tif,9337,542,1.99241,199.24,0.0,0
india,g2_1878.tif,9388,125,0.4595,45.95,0.0,0
india,g2_1878.tif,9389,130,0.47788,47.79,0.0,0
india,g2_1878.tif,9390,137,0.50362,50.36,0.0,0
india,g2_1878.tif,9391,48,0.17645,17.64,0.0,0
india,g2_1878.tif,9392,29,0.10661,10.66,0.0,0
india,g2_1881.tif,9403,59,0.21689,21.69,0.0,0
india,g2_1881.tif,9404,109,0.40069,40.07,0.0,0
india,g2_1881.tif,9405,57,0.20953,20.95,0.0,0
india,g2_1881.tif,9406,121,0.4448,44.48,0.0,0
india,g2_1881.tif,9407,83,0.30511,30.51,0.0,0
india,g2_1883.tif,9413,554,2.03652,203.65,0.0325,0
india,g2_1883.tif,9414,116,0.42642,42.64,0.0,0
india,g2_1883.tif,9415,163,0.59919,59.92,0.0,0
india,g2_1883.tif,9416,152,0.55876,55.88,0.0,0
india,g2_1883.tif,9417,325,1.19471,119.47,0.0431,0
india,g2_1884.tif,9418,106,0.38966,38.97,0.0,0
india,g2_1884.tif,9419,117,0.4301,43.01,0.0,0
india,g2_1884.tif,9420,137,0.50362,50.36,0.0,0
india,g2_1884.tif,9421,249,0.91533,91.53,0.0,0
india,g2_1884.tif,9422,119,0.43745,43.74,0.0,0
india,g2_1889.tif,9443,184,0.67639,67.64,0.0652,0
india,g2_1889.tif,9444,39,0.14337,14.34,0.0,0
india,g2_1889.tif,9445,24,0.08822,8.82,0.0,0
india,g2_1889.tif,9446,52,0.19115,19.12,0.0,0
india,g2_1889.tif,9447,338,1.2425,124.25,0.0089,0
india,g2_1898.tif,9488,549,2.01814,201.81,0.0619,0
india,g2_1898.tif,9489,82,0.30143,30.14,0.2905,0
india,g2_1898.tif,9490,574,2.11004,211.0,0.169,0
india,g2_1898.tif,9491,148,0.54405,54.41,0.1344,0
india,g2_1898.tif,9492,91,0.33452,33.45,0.25,0
india,g2_1899.tif,9493,96,0.3529,35.29,0.2396,0
india,g2_1899.tif,9494,95,0.34922,34.92,0.1058,0
india,g2_1899.tif,9495,83,0.30511,30.51,0.0957,0
india,g2_1899.tif,9496,105,0.38598,38.6,0.3629,0
india,g2_1899.tif,9497,64,0.23527,23.53,0.1743,0
india,g2_1910.tif,9548,67,0.24629,24.63,0.0,0
india,g2_1910.tif,9549,47,0.17277,17.28,0.0,0
india,g2_1910.tif,9550,42,0.15439,15.44,0.0,0
india,g2_1910.tif,9551,38,0.13969,13.97,0.0,0
india,g2_1910.tif,9552,40,0.14704,14.7,0.0,0
india,g2_1928.tif,9638,34,0.12499,12.5,0.0,0
india,g2_1928.tif,9639,44,0.16175,16.17,0.0,0
india,g2_1928.tif,9640,77,0.28305,28.31,0.0,0
india,g2_1928.tif,9641,63,0.23159,23.16,0.0,0
india,g2_1928.tif,9642,62,0.22791,22.79,0.0,0
india,g2_1930.tif,9648,61,0.22424,22.42,0.0656,0
india,g2_1930.tif,9649,60,0.22056,22.06,0.0938,0
india,g2_1930.tif,9650,57,0.20953,20.95,0.0635,0
india,g2_1930.tif,9651,102,0.37496,37.5,0.2364,0
india,g2_1930.tif,9652,127,0.46686,46.69,0.355,0
india,g2_1940.tif,9698,439,1.61378,161.38,0.0251,0
india,g2_1940.tif,9699,573,2.10637,210.64,0.0558,0
india,g2_1940.tif,9700,336,1.23515,123.51,0.0,0
india,g2_1940.tif,9701,397,1.45939,145.94,0.0,0
india,g2_1940.tif,9702,743,2.73129,273.13,0.0,0
india,g2_1982.tif,9908,55,0.20218,20.22,0.0,0
india,g2_1982.tif,9909,122,0.44848,44.85,0.0,0
india,g2_1982.tif,9910,261,0.95945,95.94,0.0,0
india,g2_1982.tif,9911,136,0.49994,49.99,0.0,0
india,g2_1982.tif,9912,81,0.29776,29.78,0.0,0
india,g3_0020.tif,100,38,0.13969,13.97,0.0,0
india,g3_0020.tif,101,19,0.06984,6.98,0.0,0
india,g3_0020.tif,102,27,0.09925,9.93,0.0,0
india,g3_0020.tif,103,28,0.10293,10.29,0.0,0
india,g3_0020.tif,104,37,0.13601,13.6,0.0,0
india,g3_0079.tif,395,18,0.06617,6.62,0.0,0
india,g3_0079.tif,396,31,0.11396,11.4,0.0,0
india,g3_0079.tif,397,17,0.06249,6.25,0.0,0
india,g3_0079.tif,398,19,0.06984,6.98,0.0,0
india,g3_0079.tif,399,28,0.10293,10.29,0.0,0
india,g3_0096.tif,480,58,0.21321,21.32,0.0,0
india,g3_0096.tif,481,63,0.23159,23.16,0.0,0
india,g3_0096.tif,482,59,0.21689,21.69,0.0,0
india,g3_0096.tif,483,84,0.30879,30.88,0.0,0
india,g3_0096.tif,484,64,0.23527,23.53,0.0,0
india,g3_0119.tif,595,52,0.19115,19.12,0.0,0
india,g3_0119.tif,596,94,0.34555,34.55,0.0,0
india,g3_0119.tif,597,106,0.38966,38.97,0.0,0
india,g3_0119.tif,598,48,0.17645,17.64,0.0,0
india,g3_0119.tif,599,47,0.17277,17.28,0.0,0
india,g3_0158.tif,791,35,0.12866,12.87,0.0,0
india,g3_0158.tif,792,23,0.08455,8.45,0.0,0
india,g3_0158.tif,793,49,0.18013,18.01,0.0,0
india,g3_0158.tif,794,11,0.04044,4.04,0.0,0
india,g3_0158.tif,795,23,0.08455,8.45,0.0,0
india,g3_0284.tif,1421,66,0.24262,24.26,0.2121,0
india,g3_0284.tif,1422,88,0.32349,32.35,0.0059,0
india,g3_0284.tif,1423,89,0.32717,32.72,0.0787,0
india,g3_0284.tif,1424,71,0.261,26.1,0.169,0
india,g3_0284.tif,1425,71,0.261,26.1,0.2394,0
india,g3_0312.tif,1561,51,0.18748,18.75,0.0,0
india,g3_0312.tif,1562,68,0.24997,25.0,0.0,0
india,g3_0312.tif,1563,70,0.25732,25.73,0.0,0
india,g3_0312.tif,1564,79,0.29041,29.04,0.0,0
india,g3_0312.tif,1565,42,0.15439,15.44,0.0,0
india,g3_0397.tif,1986,127,0.46686,46.69,0.0,0
india,g3_0397.tif,1987,40,0.14704,14.7,0.0,0
india,g3_0397.tif,1988,106,0.38966,38.97,0.0,0
india,g3_0397.tif,1989,70,0.25732,25.73,0.0,0
india,g3_0397.tif,1990,70,0.25732,25.73,0.0,0
india,g3_0403.tif,2016,26,0.09558,9.56,0.0,0
india,g3_0403.tif,2017,19,0.06984,6.98,0.0,0
india,g3_0403.tif,2018,21,0.0772,7.72,0.0,0
india,g3_0403.tif,2019,23,0.08455,8.45,0.0,0
india,g3_0403.tif,2020,40,0.14704,14.7,0.0,0
india,g3_0492.tif,2461,13,0.04779,4.78,0.0,0
india,g3_0492.tif,2462,13,0.04779,4.78,0.0,0
india,g3_0492.tif,2463,15,0.05514,5.51,0.0,0
india,g3_0492.tif,2464,11,0.04044,4.04,0.0,0
india,g3_0492.tif,2465,30,0.11028,11.03,0.0,0
india,g3_0519.tif,2596,31,0.11396,11.4,0.0,0
india,g3_0519.tif,2597,30,0.11028,11.03,0.0,0
india,g3_0519.tif,2598,17,0.06249,6.25,0.0,0
india,g3_0519.tif,2599,37,0.13601,13.6,0.0,0
india,g3_0519.tif,2600,17,0.06249,6.25,0.0,0
india,g3_0551.tif,2756,112,0.41172,41.17,0.0,0
india,g3_0551.tif,2757,64,0.23527,23.53,0.0,0
india,g3_0551.tif,2758,104,0.38231,38.23,0.0,0
india,g3_0551.tif,2759,81,0.29776,29.78,0.0,0
india,g3_0551.tif,2760,52,0.19115,19.12,0.1235,0
india,g3_0583.tif,2916,28,0.10293,10.29,0.0,0
india,g3_0583.tif,2917,28,0.10293,10.29,0.0,0
india,g3_0583.tif,2918,51,0.18748,18.75,0.0189,0
india,g3_0583.tif,2919,55,0.20218,20.22,0.0,0
india,g3_0583.tif,2920,60,0.22056,22.06,0.0,0
india,g3_0610.tif,3052,28,0.10293,10.29,0.0,0
india,g3_0610.tif,3053,22,0.08087,8.09,0.0,0
india,g3_0610.tif,3054,23,0.08455,8.45,0.0,0
india,g3_0610.tif,3055,34,0.12499,12.5,0.0,0
india,g3_0610.tif,3056,35,0.12866,12.87,0.0,0
india,g3_0672.tif,3362,32,0.11763,11.76,0.0,0
india,g3_0672.tif,3363,47,0.17277,17.28,0.0,0
india,g3_0672.tif,3364,57,0.20953,20.95,0.0,0
india,g3_0672.tif,3365,76,0.27938,27.94,0.0,0
india,g3_0672.tif,3366,44,0.16175,16.17,0.0,0
india,g3_0688.tif,3442,23,0.08455,8.45,0.0,0
india,g3_0688.tif,3443,30,0.11028,11.03,0.0,0
india,g3_0688.tif,3444,20,0.07352,7.35,0.0,0
india,g3_0688.tif,3445,16,0.05882,5.88,0.0,0
india,g3_0688.tif,3446,12,0.04411,4.41,0.0,0
india,g3_0713.tif,3567,39,0.14337,14.34,0.0,0
india,g3_0713.tif,3568,61,0.22424,22.42,0.0,0
india,g3_0713.tif,3569,41,0.15072,15.07,0.0,0
india,g3_0713.tif,3570,32,0.11763,11.76,0.0,0
india,g3_0713.tif,3571,16,0.05882,5.88,0.0,0
india,g3_0741.tif,3707,39,0.14337,14.34,0.0,0
india,g3_0741.tif,3708,33,0.12131,12.13,0.0,0
india,g3_0741.tif,3709,61,0.22424,22.42,0.0,0
india,g3_0741.tif,3710,48,0.17645,17.64,0.0,0
india,g3_0741.tif,3711,54,0.19851,19.85,0.0,0
india,g3_0781.tif,3907,41,0.15072,15.07,0.0,0
india,g3_0781.tif,3908,115,0.42274,42.27,0.0,0
india,g3_0781.tif,3909,70,0.25732,25.73,0.0,0
india,g3_0781.tif,3910,26,0.09558,9.56,0.0,0
india,g3_0781.tif,3911,34,0.12499,12.5,0.0,0
india,g3_0783.tif,3917,82,0.30143,30.14,0.0,0
india,g3_0783.tif,3918,73,0.26835,26.84,0.0649,0
india,g3_0783.tif,3919,71,0.261,26.1,0.0,0
india,g3_0783.tif,3920,105,0.38598,38.6,0.0,0
india,g3_0783.tif,3921,162,0.59552,59.55,0.0675,0
india,g3_0926.tif,4627,37,0.13601,13.6,0.0,0
india,g3_0926.tif,4628,26,0.09558,9.56,0.0,0
india,g3_0926.tif,4629,12,0.04411,4.41,0.0,0
india,g3_0926.tif,4630,38,0.13969,13.97,0.0,0
india,g3_0926.tif,4631,37,0.13601,13.6,0.0,0
india,g3_0955.tif,4772,28,0.10293,10.29,0.0,0
india,g3_0955.tif,4773,37,0.13601,13.6,0.0,0
india,g3_0955.tif,4774,35,0.12866,12.87,0.0833,0
india,g3_0955.tif,4775,67,0.24629,24.63,0.0448,0
india,g3_0955.tif,4776,104,0.38231,38.23,0.0,0
india,g3_1003.tif,5012,35,0.12866,12.87,0.0,0
india,g3_1003.tif,5013,22,0.08087,8.09,0.0,0
india,g3_1003.tif,5014,31,0.11396,11.4,0.0,0
india,g3_1003.tif,5015,30,0.11028,11.03,0.0,0
india,g3_1003.tif,5016,35,0.12866,12.87,0.0,0
india,g3_1098.tif,5487,10,0.03676,3.68,0.0,0
india,g3_1098.tif,5488,19,0.06984,6.98,0.0,0
india,g3_1174.tif,5867,9,0.03308,3.31,0.0,0
india,g3_1174.tif,5868,6,0.02206,2.21,0.0,0
india,g3_1174.tif,5869,8,0.02941,2.94,0.0,0
india,g3_1174.tif,5870,9,0.03308,3.31,0.0,0
india,g3_1174.tif,5871,7,0.02573,2.57,0.0,0
india,g3_1318.tif,6587,31,0.11396,11.4,0.0,0
india,g3_1318.tif,6588,27,0.09925,9.93,0.0,0
india,g3_1318.tif,6589,32,0.11763,11.76,0.0,0
india,g3_1318.tif,6590,15,0.05514,5.51,0.0,0
india,g3_1318.tif,6591,19,0.06984,6.98,0.0,0
india,g3_1347.tif,6732,48,0.17645,17.64,0.0,0
india,g3_1347.tif,6733,38,0.13969,13.97,0.1053,0
india,g3_1347.tif,6734,63,0.23159,23.16,0.2063,0
india,g3_1347.tif,6735,24,0.08822,8.82,0.0,0
india,g3_1347.tif,6736,64,0.23527,23.53,0.0,0
india,g3_1351.tif,6752,44,0.16175,16.17,0.0,0
india,g3_1351.tif,6753,21,0.0772,7.72,0.0,0
india,g3_1351.tif,6754,19,0.06984,6.98,0.0,0
india,g3_1351.tif,6755,18,0.06617,6.62,0.0,0
india,g3_1351.tif,6756,28,0.10293,10.29,0.0,0
india,g3_1440.tif,7198,74,0.27203,27.2,0.0,0
india,g3_1440.tif,7199,61,0.22424,22.42,0.0,0
india,g3_1440.tif,7200,100,0.3676,36.76,0.0,0
india,g3_1440.tif,7201,61,0.22424,22.42,0.0,0
india,g3_1440.tif,7202,56,0.20586,20.59,0.0,0
india,g3_1487.tif,7433,40,0.14704,14.7,0.0,0
india,g3_1487.tif,7434,26,0.09558,9.56,0.0,0
india,g3_1487.tif,7435,22,0.08087,8.09,0.0,0
india,g3_1487.tif,7436,45,0.16542,16.54,0.0,0
india,g3_1487.tif,7437,32,0.11763,11.76,0.0,0
india,g3_1515.tif,7573,91,0.33452,33.45,0.0549,0
india,g3_1515.tif,7574,95,0.34922,34.92,0.0,0
india,g3_1515.tif,7575,136,0.49994,49.99,0.0074,0
india,g3_1515.tif,7576,32,0.11763,11.76,0.0,0
india,g3_1515.tif,7577,37,0.13601,13.6,0.0,0
india,g3_1748.tif,8738,48,0.17645,17.64,0.0,0
india,g3_1748.tif,8739,34,0.12499,12.5,0.0,0
india,g3_1748.tif,8740,41,0.15072,15.07,0.0,0
india,g3_1748.tif,8741,55,0.20218,20.22,0.0,0
india,g3_1748.tif,8742,59,0.21689,21.69,0.0,0
india,g3_1770.tif,8848,27,0.09925,9.93,0.0,0
india,g3_1770.tif,8849,37,0.13601,13.6,0.0,0
india,g3_1770.tif,8850,29,0.10661,10.66,0.0,0
india,g3_1770.tif,8851,39,0.14337,14.34,0.0,0
india,g3_1770.tif,8852,51,0.18748,18.75,0.0,0
india,g3_1785.tif,8923,20,0.07352,7.35,0.0,0
india,g3_1785.tif,8924,72,0.26467,26.47,0.0,0
india,g3_1785.tif,8925,20,0.07352,7.35,0.0,0
india,g3_1785.tif,8926,30,0.11028,11.03,0.0,0
india,g3_1785.tif,8927,63,0.23159,23.16,0.0,0
india,g3_1836.tif,9178,16,0.05882,5.88,0.0,0
india,g3_1836.tif,9179,17,0.06249,6.25,0.0,0
india,g3_1836.tif,9180,15,0.05514,5.51,0.0,0
india,g3_1836.tif,9181,12,0.04411,4.41,0.0,0
india,g3_1836.tif,9182,33,0.12131,12.13,0.0,0
india,g3_1854.tif,9268,31,0.11396,11.4,0.0,0
india,g3_1854.tif,9269,39,0.14337,14.34,0.0,0
india,g3_1854.tif,9270,20,0.07352,7.35,0.0,0
india,g3_1854.tif,9271,34,0.12499,12.5,0.2647,0
india,g3_1854.tif,9272,21,0.0772,7.72,0.0,0
india,g3_1911.tif,9553,40,0.14704,14.7,0.0,0
india,g3_1911.tif,9554,72,0.26467,26.47,0.0,0
india,g3_1911.tif,9555,40,0.14704,14.7,0.0,0
india,g3_1911.tif,9556,27,0.09925,9.93,0.0,0
india,g3_1911.tif,9557,20,0.07352,7.35,0.0,0
india,g3_1925.tif,9623,11,0.04044,4.04,0.0,0
india,g3_1925.tif,9624,12,0.04411,4.41,0.0,0
india,g3_1925.tif,9625,23,0.08455,8.45,0.0,0
india,g3_1925.tif,9627,31,0.11396,11.4,0.0,0
india,g3_1964.tif,9818,51,0.18748,18.75,0.0,0
india,g3_1964.tif,9819,39,0.14337,14.34,0.0,0
india,g3_1964.tif,9820,59,0.21689,21.69,0.0,0
india,g3_1964.tif,9821,99,0.36393,36.39,0.0202,0
india,g3_1964.tif,9822,90,0.33084,33.08,0.0435,0
