smooth,gate,threshold,iou_train,iou_valid,iou_test,iou_all,p_all,r_all,area_ha
1,0,-12.0,0.0003,0.0006,0.0003,0.0003,0.8085,0.0003,7.5
1,0,-11.75,0.0004,0.0008,0.0004,0.0005,0.8282,0.0005,11.0
1,0,-11.5,0.0006,0.0011,0.0006,0.0007,0.8311,0.0007,15.8
1,0,-11.25,0.0009,0.0015,0.0009,0.001,0.8367,0.001,22.3
1,0,-11.0,0.0012,0.0019,0.0012,0.0014,0.8345,0.0014,30.9
1,0,-10.75,0.0018,0.0026,0.0016,0.0019,0.834,0.0019,42.5
1,0,-10.5,0.0025,0.0033,0.0022,0.0026,0.8363,0.0026,57.4
1,0,-10.25,0.0034,0.0043,0.003,0.0035,0.8299,0.0035,76.9
1,0,-10.0,0.0045,0.0054,0.004,0.0045,0.8208,0.0045,101.7
1,0,-9.75,0.0059,0.0067,0.0053,0.0058,0.8133,0.0059,133.0
1,0,-9.5,0.0075,0.0083,0.0068,0.0074,0.8038,0.0075,171.6
1,0,-9.25,0.0097,0.0102,0.0087,0.0095,0.7951,0.0095,220.2
1,0,-9.0,0.0122,0.0123,0.0112,0.0119,0.7853,0.0119,279.9
1,0,-8.75,0.0154,0.0148,0.0141,0.0148,0.7728,0.0148,354.9
1,0,-8.5,0.0193,0.0176,0.0177,0.0183,0.761,0.0184,446.8
1,0,-8.25,0.0238,0.0206,0.022,0.0224,0.748,0.0225,556.7
1,0,-8.0,0.0292,0.0239,0.0266,0.027,0.7341,0.0272,686.1
1,0,-7.75,0.0354,0.0278,0.0318,0.0323,0.7178,0.0327,841.4
1,0,-7.5,0.0424,0.0319,0.0379,0.0383,0.7006,0.0389,1026.6
1,0,-7.25,0.0505,0.0364,0.0447,0.045,0.6814,0.046,1247.2
1,0,-7.0,0.0594,0.0414,0.0521,0.0525,0.6621,0.0539,1504.8
1,0,-6.75,0.0692,0.0465,0.0603,0.0606,0.6413,0.0627,1807.3
1,0,-6.5,0.0795,0.0521,0.0696,0.0695,0.6207,0.0726,2160.4
1,0,-6.25,0.0903,0.0579,0.0793,0.0787,0.5981,0.0831,2567.7
1,0,-6.0,0.1012,0.064,0.0896,0.0883,0.5757,0.0944,3031.7
1,0,-5.75,0.1125,0.0704,0.1004,0.0983,0.5541,0.1067,3560.3
1,0,-5.5,0.1236,0.0769,0.1115,0.1084,0.5316,0.1199,4167.5
1,0,-5.25,0.1346,0.0835,0.1232,0.1187,0.5094,0.134,4861.4
1,0,-5.0,0.1447,0.0903,0.1346,0.1284,0.4862,0.1486,5649.6
1,0,-4.75,0.154,0.0969,0.1459,0.1379,0.4634,0.164,6543.2
1,0,-4.5,0.1623,0.1033,0.1573,0.1468,0.4409,0.1804,7561.4
1,0,-4.25,0.1695,0.1091,0.1684,0.1549,0.4186,0.1974,8716.8
1,0,-4.0,0.1753,0.1145,0.1789,0.1621,0.3963,0.2153,10042.8
1,0,-3.75,0.1796,0.1194,0.1885,0.1683,0.3746,0.234,11548.7
1,0,-3.5,0.182,0.1234,0.1973,0.1729,0.3527,0.2533,13274.7
1,0,-3.25,0.1828,0.1269,0.205,0.1764,0.3314,0.2739,15273.1
1,0,-3.0,0.1819,0.1297,0.2114,0.1784,0.3107,0.2954,17575.4
1,0,-2.75,0.1793,0.1319,0.2164,0.179,0.2905,0.3181,20242.0
1,0,-2.5,0.1752,0.1339,0.2205,0.1785,0.2715,0.3426,23319.3
1,0,-2.25,0.1698,0.1353,0.2237,0.1769,0.2537,0.3686,26855.5
1,0,-2.0,0.1637,0.1365,0.2259,0.1744,0.2374,0.3969,30903.9
1,0,-1.75,0.1572,0.1383,0.2273,0.1717,0.2228,0.4279,35501.4
1,0,-1.5,0.1504,0.1403,0.2288,0.1687,0.21,0.462,40664.8
1,0,-1.25,0.1438,0.1425,0.2301,0.1659,0.1989,0.4993,46390.1
1,0,-1.0,0.1374,0.1449,0.2312,0.163,0.1894,0.5393,52628.8
1,0,-0.75,0.1315,0.1479,0.2321,0.1604,0.1813,0.5821,59335.8
1,0,-0.5,0.1261,0.1508,0.2331,0.1581,0.1746,0.6269,66387.1
1,0,-0.25,0.1212,0.1536,0.2341,0.1561,0.1689,0.6728,73625.4
1,0,0.0,0.1168,0.1561,0.2347,0.1541,0.164,0.7183,80933.9
1,0,0.25,0.113,0.1584,0.2352,0.1523,0.1599,0.7623,88107.0
1,0,0.5,0.1095,0.16,0.2351,0.1505,0.1562,0.8032,95010.7
1,0,0.75,0.1065,0.1609,0.2345,0.1486,0.1529,0.8399,101512.5
1,0,1.0,0.1038,0.1612,0.2334,0.1466,0.1499,0.8719,107524.1
1,0,1.25,0.1013,0.1611,0.2319,0.1447,0.1471,0.8987,112947.1
1,0,1.5,0.0992,0.1605,0.23,0.1427,0.1445,0.9205,117762.1
1,0,1.75,0.0973,0.1595,0.2279,0.1408,0.1421,0.9377,121971.3
1,0,2.0,0.0957,0.1583,0.2257,0.1389,0.1399,0.9509,125593.2
1,0,2.25,0.0944,0.1571,0.2236,0.1373,0.138,0.961,128679.7
1,0,2.5,0.0932,0.1559,0.2217,0.1358,0.1364,0.9684,131265.6
1,0,2.75,0.0923,0.1547,0.2199,0.1344,0.1349,0.974,133429.2
1,0,3.0,0.0914,0.1536,0.2184,0.1333,0.1337,0.9781,135216.6
1,0,3.25,0.0908,0.1527,0.2171,0.1323,0.1327,0.9812,136685.0
1,0,3.5,0.0902,0.1519,0.216,0.1315,0.1318,0.9835,137884.1
1,0,3.75,0.0898,0.1512,0.2152,0.1309,0.1312,0.9853,138852.6
1,0,4.0,0.0894,0.1507,0.2145,0.1304,0.1306,0.9866,139634.6
1,1,-12.0,0.0003,0.0006,0.0003,0.0003,0.8424,0.0003,7.2
1,1,-11.75,0.0004,0.0008,0.0004,0.0005,0.8573,0.0005,10.6
1,1,-11.5,0.0006,0.0011,0.0006,0.0007,0.8541,0.0007,15.3
1,1,-11.25,0.0009,0.0015,0.0009,0.001,0.8572,0.001,21.7
1,1,-11.0,0.0012,0.0019,0.0012,0.0014,0.852,0.0014,30.2
1,1,-10.75,0.0018,0.0026,0.0016,0.0019,0.8482,0.0019,41.8
1,1,-10.5,0.0025,0.0033,0.0022,0.0026,0.8478,0.0026,56.6
1,1,-10.25,0.0034,0.0043,0.003,0.0035,0.8396,0.0035,76.0
1,1,-10.0,0.0045,0.0054,0.004,0.0045,0.8296,0.0045,100.5
1,1,-9.75,0.0059,0.0067,0.0052,0.0058,0.8211,0.0058,131.6
1,1,-9.5,0.0075,0.0082,0.0068,0.0074,0.8114,0.0075,169.8
1,1,-9.25,0.0097,0.0102,0.0087,0.0094,0.8028,0.0095,217.9
1,1,-9.0,0.0122,0.0123,0.0111,0.0118,0.7928,0.0119,276.9
1,1,-8.75,0.0154,0.0148,0.0141,0.0148,0.7808,0.0148,350.8
1,1,-8.5,0.0192,0.0175,0.0177,0.0183,0.7695,0.0184,441.1
1,1,-8.25,0.0238,0.0206,0.0219,0.0223,0.7573,0.0225,548.6
1,1,-8.0,0.0292,0.0239,0.0265,0.0269,0.7445,0.0272,674.4
1,1,-7.75,0.0353,0.0277,0.0317,0.0321,0.73,0.0325,823.8
1,1,-7.5,0.0423,0.0318,0.0377,0.0381,0.715,0.0387,999.7
1,1,-7.25,0.0502,0.0361,0.0444,0.0447,0.6991,0.0456,1205.5
1,1,-7.0,0.0589,0.0411,0.0516,0.052,0.6836,0.0533,1440.9
1,1,-6.75,0.0684,0.046,0.0596,0.0599,0.6679,0.0618,1709.1
1,1,-6.5,0.0785,0.0514,0.0687,0.0685,0.6532,0.0711,2012.4
1,1,-6.25,0.0889,0.0569,0.0781,0.0775,0.6378,0.081,2347.8
1,1,-6.0,0.0996,0.0626,0.088,0.0867,0.6236,0.0915,2711.4
1,1,-5.75,0.1105,0.0684,0.0984,0.0962,0.6108,0.1025,3102.7
1,1,-5.5,0.1214,0.0743,0.109,0.1059,0.5985,0.1141,3522.2
1,1,-5.25,0.1323,0.0802,0.1202,0.1158,0.5877,0.1261,3964.8
1,1,-5.0,0.1426,0.0864,0.1313,0.1255,0.5778,0.1382,4421.0
1,1,-4.75,0.1527,0.0926,0.1425,0.1351,0.5692,0.1505,4887.4
1,1,-4.5,0.1622,0.0988,0.154,0.1446,0.5618,0.163,5363.2
1,1,-4.25,0.1715,0.1049,0.1657,0.1541,0.556,0.1757,5841.1
1,1,-4.0,0.1802,0.1112,0.1775,0.1633,0.5509,0.1884,6321.8
1,1,-3.75,0.1885,0.1177,0.1892,0.1724,0.5471,0.2011,6795.5
1,1,-3.5,0.1961,0.1242,0.2012,0.1814,0.5443,0.2138,7261.8
1,1,-3.25,0.2037,0.1315,0.2136,0.1905,0.5426,0.2269,7730.5
1,1,-3.0,0.2107,0.1396,0.2262,0.1997,0.5416,0.2403,8199.5
1,1,-2.75,0.2173,0.1485,0.2394,0.209,0.5413,0.254,8671.7
1,1,-2.5,0.2238,0.1595,0.2537,0.2191,0.5425,0.2688,9157.1
1,1,-2.25,0.2304,0.1715,0.2695,0.2299,0.5448,0.2846,9654.7
1,1,-2.0,0.2372,0.186,0.287,0.2419,0.5488,0.302,10173.4
1,1,-1.75,0.2444,0.2039,0.3065,0.2555,0.5542,0.3217,10729.3
1,1,-1.5,0.2518,0.2249,0.3295,0.271,0.5612,0.3438,11323.6
1,1,-1.25,0.2598,0.2493,0.3553,0.2884,0.5695,0.3689,11971.5
1,1,-1.0,0.2685,0.2772,0.384,0.3079,0.5789,0.3967,12665.0
1,1,-0.75,0.2775,0.3087,0.4152,0.329,0.5889,0.427,13403.0
1,1,-0.5,0.287,0.3427,0.4485,0.3516,0.5993,0.4596,14176.2
1,1,-0.25,0.2964,0.3778,0.4833,0.3749,0.6094,0.4934,14964.1
1,1,0.0,0.3054,0.4129,0.5178,0.3979,0.6188,0.5271,15743.3
1,1,0.25,0.314,0.4472,0.5513,0.4203,0.6275,0.56,16493.9
1,1,0.5,0.3218,0.4785,0.582,0.4407,0.6349,0.5904,17185.8
1,1,0.75,0.3286,0.5058,0.6093,0.4588,0.641,0.6174,17803.3
1,1,1.0,0.3344,0.5285,0.6325,0.474,0.6457,0.6406,18336.8
1,1,1.25,0.3387,0.5471,0.6512,0.4861,0.6491,0.6594,18776.2
1,1,1.5,0.3421,0.5614,0.6657,0.4956,0.6516,0.6743,19126.1
1,1,1.75,0.3447,0.5717,0.6762,0.5025,0.6532,0.6854,19393.1
1,1,2.0,0.3465,0.5788,0.6836,0.5074,0.6542,0.6933,19587.6
1,1,2.25,0.3477,0.5835,0.6887,0.5106,0.6547,0.6988,19727.7
1,1,2.5,0.3485,0.5864,0.6919,0.5127,0.6549,0.7025,19826.2
1,1,2.75,0.3489,0.588,0.694,0.5139,0.6549,0.7049,19894.7
1,1,3.0,0.3492,0.5886,0.6952,0.5146,0.6547,0.7063,19942.3
1,1,3.25,0.3494,0.589,0.6958,0.515,0.6545,0.7072,19973.9
1,1,3.5,0.3494,0.589,0.6962,0.5151,0.6543,0.7078,19995.1
1,1,3.75,0.3494,0.589,0.6963,0.5152,0.6541,0.7081,20009.8
1,1,4.0,0.3495,0.5889,0.6964,0.5152,0.654,0.7083,20019.7
3,0,-12.0,0.0001,0.0003,0.0001,0.0002,0.8576,0.0002,3.4
3,0,-11.75,0.0002,0.0005,0.0001,0.0002,0.8804,0.0002,5.1
3,0,-11.5,0.0003,0.0007,0.0002,0.0004,0.8664,0.0004,8.2
3,0,-11.25,0.0005,0.001,0.0004,0.0006,0.8669,0.0006,11.9
3,0,-11.0,0.0007,0.0014,0.0006,0.0008,0.8677,0.0008,17.7
3,0,-10.75,0.0011,0.0019,0.0009,0.0012,0.86,0.0012,25.8
3,0,-10.5,0.0016,0.0026,0.0013,0.0017,0.8579,0.0017,37.1
3,0,-10.25,0.0023,0.0033,0.0018,0.0024,0.8558,0.0024,50.8
3,0,-10.0,0.0032,0.0043,0.0025,0.0032,0.8496,0.0032,69.2
3,0,-9.75,0.0043,0.0055,0.0035,0.0043,0.8449,0.0043,93.8
3,0,-9.5,0.0056,0.007,0.0048,0.0056,0.8328,0.0056,124.8
3,0,-9.25,0.0072,0.0086,0.0064,0.0073,0.8243,0.0073,163.0
3,0,-9.0,0.0094,0.0107,0.0086,0.0094,0.8154,0.0094,213.0
3,0,-8.75,0.0121,0.013,0.0112,0.012,0.806,0.012,274.8
3,0,-8.5,0.0153,0.0155,0.0144,0.015,0.7929,0.0151,351.4
3,0,-8.25,0.0192,0.0185,0.0182,0.0187,0.7803,0.0188,444.9
3,0,-8.0,0.0241,0.0217,0.0228,0.0231,0.7652,0.0232,561.1
3,0,-7.75,0.0299,0.0253,0.028,0.0281,0.7514,0.0284,697.6
3,0,-7.5,0.0366,0.0292,0.0338,0.0338,0.7341,0.0342,861.5
3,0,-7.25,0.0442,0.0334,0.0405,0.0403,0.7162,0.0409,1055.9
3,0,-7.0,0.0526,0.0383,0.0477,0.0474,0.6958,0.0484,1285.9
3,0,-6.75,0.0624,0.0435,0.0558,0.0555,0.6749,0.057,1561.7
3,0,-6.5,0.0728,0.0488,0.0649,0.0643,0.6535,0.0665,1882.2
3,0,-6.25,0.0839,0.0546,0.0748,0.0737,0.631,0.077,2256.1
3,0,-6.0,0.0954,0.0606,0.0853,0.0836,0.6078,0.0883,2686.4
3,0,-5.75,0.107,0.0669,0.0963,0.0937,0.5846,0.1004,3175.4
3,0,-5.5,0.1189,0.0735,0.108,0.1044,0.5616,0.1136,3739.7
3,0,-5.25,0.1305,0.0802,0.12,0.115,0.5385,0.1276,4379.0
3,0,-5.0,0.1417,0.0872,0.132,0.1256,0.5151,0.1424,5109.5
3,0,-4.75,0.1521,0.094,0.144,0.1357,0.4918,0.1579,5933.3
3,0,-4.5,0.1616,0.1011,0.1561,0.1455,0.4691,0.1742,6863.7
3,0,-4.25,0.17,0.1076,0.168,0.1547,0.4465,0.1913,7921.1
3,0,-4.0,0.1771,0.1138,0.1792,0.1629,0.4238,0.2092,9122.2
3,0,-3.75,0.1828,0.1192,0.1897,0.17,0.4015,0.2278,10484.0
3,0,-3.5,0.1868,0.1239,0.1994,0.1759,0.379,0.2472,12052.9
3,0,-3.25,0.1888,0.1282,0.2084,0.1805,0.3568,0.2676,13861.7
3,0,-3.0,0.1889,0.1314,0.2159,0.1835,0.3345,0.289,15968.0
3,0,-2.75,0.187,0.1342,0.222,0.1849,0.3125,0.3116,18430.8
3,0,-2.5,0.1832,0.1361,0.2265,0.1846,0.291,0.3356,21316.2
3,0,-2.25,0.1778,0.1372,0.2297,0.1829,0.2704,0.3612,24691.1
3,0,-2.0,0.1712,0.1381,0.2318,0.1802,0.2512,0.3893,28643.6
3,0,-1.75,0.1638,0.1391,0.2329,0.1767,0.2337,0.42,33221.9
3,0,-1.5,0.156,0.1405,0.2333,0.1729,0.2182,0.4541,38460.8
3,0,-1.25,0.1482,0.1425,0.2336,0.1691,0.2048,0.4919,44387.6
3,0,-1.0,0.1407,0.1449,0.234,0.1655,0.1935,0.5335,50963.1
3,0,-0.75,0.1337,0.1474,0.2343,0.1621,0.1839,0.5781,58108.0
3,0,-0.5,0.1275,0.1503,0.2346,0.1592,0.176,0.6255,65692.6
3,0,-0.25,0.1219,0.1533,0.235,0.1567,0.1695,0.6745,73547.3
3,0,0.0,0.117,0.1561,0.2354,0.1544,0.1641,0.7233,81455.6
3,0,0.25,0.1128,0.1584,0.2354,0.1523,0.1596,0.7703,89216.1
3,0,0.5,0.109,0.16,0.235,0.1502,0.1556,0.8134,96643.6
3,0,0.75,0.1057,0.1609,0.2341,0.1481,0.152,0.8517,103540.5
3,0,1.0,0.1028,0.1612,0.2327,0.146,0.1488,0.8843,109817.4
3,0,1.25,0.1003,0.1609,0.2309,0.1438,0.1459,0.9107,115387.2
3,0,1.5,0.0982,0.16,0.2286,0.1417,0.1432,0.9314,120243.2
3,0,1.75,0.0963,0.1589,0.2262,0.1396,0.1407,0.9471,124382.7
3,0,2.0,0.0948,0.1575,0.2239,0.1377,0.1386,0.9586,127867.8
3,0,2.25,0.0935,0.1562,0.2217,0.1361,0.1367,0.9671,130761.8
3,0,2.5,0.0924,0.1549,0.2199,0.1346,0.1351,0.9733,133145.0
3,0,2.75,0.0915,0.1537,0.2183,0.1334,0.1338,0.9777,135087.1
3,0,3.0,0.0908,0.1527,0.2169,0.1323,0.1327,0.981,136654.9
3,0,3.25,0.0902,0.1518,0.2158,0.1315,0.1318,0.9834,137916.5
3,0,3.5,0.0897,0.1511,0.2149,0.1308,0.1311,0.9853,138927.1
3,0,3.75,0.0894,0.1506,0.2143,0.1303,0.1305,0.9867,139727.2
3,0,4.0,0.0891,0.1502,0.2137,0.1299,0.1301,0.9878,140357.4
3,1,-12.0,0.0001,0.0003,0.0001,0.0002,0.8676,0.0002,3.4
3,1,-11.75,0.0002,0.0005,0.0001,0.0002,0.8891,0.0002,5.0
3,1,-11.5,0.0003,0.0007,0.0002,0.0004,0.8772,0.0004,8.1
3,1,-11.25,0.0005,0.001,0.0004,0.0006,0.8757,0.0006,11.8
3,1,-11.0,0.0007,0.0014,0.0006,0.0008,0.8741,0.0008,17.6
3,1,-10.75,0.0011,0.0019,0.0009,0.0012,0.8647,0.0012,25.7
3,1,-10.5,0.0016,0.0026,0.0013,0.0017,0.8618,0.0017,36.9
3,1,-10.25,0.0023,0.0033,0.0018,0.0024,0.8597,0.0024,50.6
3,1,-10.0,0.0032,0.0043,0.0025,0.0032,0.8528,0.0032,68.9
3,1,-9.75,0.0043,0.0055,0.0035,0.0043,0.8477,0.0043,93.5
3,1,-9.5,0.0056,0.007,0.0048,0.0056,0.8352,0.0056,124.4
3,1,-9.25,0.0072,0.0086,0.0064,0.0073,0.8266,0.0073,162.5
3,1,-9.0,0.0094,0.0107,0.0086,0.0094,0.8179,0.0094,212.3
3,1,-8.75,0.0121,0.013,0.0112,0.0119,0.8086,0.012,273.9
3,1,-8.5,0.0152,0.0155,0.0144,0.015,0.7954,0.0151,350.2
3,1,-8.25,0.0192,0.0185,0.0182,0.0187,0.783,0.0188,443.0
3,1,-8.0,0.0241,0.0217,0.0228,0.023,0.7685,0.0232,558.0
3,1,-7.75,0.0299,0.0253,0.0279,0.0281,0.7556,0.0283,692.5
3,1,-7.5,0.0365,0.0292,0.0337,0.0337,0.7397,0.0341,852.5
3,1,-7.25,0.044,0.0333,0.0404,0.0401,0.7237,0.0407,1040.4
3,1,-7.0,0.0523,0.0381,0.0475,0.0471,0.7064,0.0481,1258.2
3,1,-6.75,0.0618,0.0431,0.0555,0.0551,0.6894,0.0565,1514.0
3,1,-6.5,0.072,0.0483,0.0643,0.0636,0.673,0.0656,1802.3
3,1,-6.25,0.0827,0.0538,0.074,0.0727,0.6561,0.0756,2129.6
3,1,-6.0,0.0938,0.0594,0.0841,0.0822,0.6398,0.0862,2489.5
3,1,-5.75,0.105,0.065,0.0946,0.0918,0.6246,0.0972,2876.2
3,1,-5.5,0.1164,0.0709,0.1057,0.1019,0.6105,0.109,3298.9
3,1,-5.25,0.1276,0.077,0.117,0.1119,0.5976,0.1211,3744.9
3,1,-5.0,0.1385,0.0832,0.1284,0.122,0.5865,0.1335,4207.5
3,1,-4.75,0.149,0.0893,0.1398,0.1318,0.5763,0.146,4682.2
3,1,-4.5,0.1588,0.0956,0.1516,0.1416,0.5681,0.1587,5163.4
3,1,-4.25,0.1684,0.1018,0.1634,0.1512,0.561,0.1715,5650.6
3,1,-4.0,0.1774,0.1081,0.1751,0.1606,0.5549,0.1844,6140.5
3,1,-3.75,0.186,0.1145,0.1869,0.1698,0.5505,0.1972,6620.3
3,1,-3.5,0.1941,0.1212,0.1986,0.1788,0.5469,0.21,7095.8
3,1,-3.25,0.2016,0.1282,0.2107,0.1878,0.5444,0.2229,7567.7
3,1,-3.0,0.2088,0.1359,0.2232,0.197,0.5429,0.2362,8040.8
3,1,-2.75,0.2155,0.1447,0.2362,0.2063,0.5421,0.2498,8517.3
3,1,-2.5,0.2218,0.1546,0.2499,0.2159,0.5423,0.2639,8996.0
3,1,-2.25,0.2284,0.1658,0.2651,0.2263,0.5439,0.2793,9491.0
3,1,-2.0,0.2352,0.1794,0.2821,0.238,0.5472,0.2963,10009.3
3,1,-1.75,0.2423,0.1961,0.3011,0.2511,0.5521,0.3153,10556.9
3,1,-1.5,0.2498,0.2166,0.3233,0.2663,0.5589,0.3371,11150.5
3,1,-1.25,0.258,0.2416,0.3492,0.2839,0.5675,0.3624,11802.9
3,1,-1.0,0.267,0.2705,0.3789,0.304,0.5773,0.3911,12520.1
3,1,-0.75,0.2765,0.3031,0.4117,0.3261,0.588,0.4228,13290.8
3,1,-0.5,0.2867,0.3393,0.4469,0.3502,0.599,0.4574,14111.5
3,1,-0.25,0.2969,0.3774,0.4844,0.3753,0.6102,0.4937,14955.8
3,1,0.0,0.3065,0.4159,0.5219,0.4004,0.6205,0.5303,15797.0
3,1,0.25,0.3158,0.453,0.5574,0.4244,0.6297,0.5655,16600.8
3,1,0.5,0.3239,0.4861,0.5904,0.4461,0.6374,0.5978,17336.1
3,1,0.75,0.3311,0.5147,0.6188,0.465,0.6436,0.6263,17984.5
3,1,1.0,0.3367,0.5381,0.6422,0.4804,0.6482,0.6498,18527.4
3,1,1.25,0.3409,0.5562,0.6603,0.4922,0.6514,0.6682,18959.3
3,1,1.5,0.344,0.5691,0.6734,0.5007,0.6534,0.6818,19287.7
3,1,1.75,0.3463,0.5778,0.6824,0.5067,0.6546,0.6915,19526.5
3,1,2.0,0.3477,0.5833,0.6883,0.5105,0.6552,0.698,19692.0
3,1,2.25,0.3486,0.5867,0.6919,0.5128,0.6553,0.7022,19804.4
3,1,2.5,0.3491,0.5885,0.6942,0.5142,0.6553,0.7048,19881.5
3,1,2.75,0.3493,0.5891,0.6954,0.5148,0.655,0.7064,19931.9
3,1,3.0,0.3494,0.5893,0.696,0.5151,0.6547,0.7072,19965.0
3,1,3.25,0.3495,0.5892,0.6963,0.5153,0.6545,0.7077,19986.5
3,1,3.5,0.3495,0.5891,0.6964,0.5153,0.6543,0.7081,20001.8
3,1,3.75,0.3495,0.589,0.6965,0.5153,0.6541,0.7083,20013.3
3,1,4.0,0.3495,0.5889,0.6965,0.5153,0.654,0.7084,20020.9
5,0,-12.0,0.0001,0.0001,0.0,0.0001,0.9302,0.0001,1.3
5,0,-11.75,0.0001,0.0002,0.0,0.0001,0.9324,0.0001,2.2
5,0,-11.5,0.0002,0.0004,0.0001,0.0002,0.9294,0.0002,3.5
5,0,-11.25,0.0003,0.0006,0.0001,0.0003,0.9236,0.0003,5.5
5,0,-11.0,0.0004,0.0009,0.0002,0.0004,0.9222,0.0004,8.4
5,0,-10.75,0.0006,0.0012,0.0003,0.0006,0.9103,0.0006,13.0
5,0,-10.5,0.0009,0.0017,0.0005,0.001,0.9028,0.001,19.8
5,0,-10.25,0.0013,0.0024,0.0008,0.0014,0.8897,0.0014,28.9
5,0,-10.0,0.0019,0.0032,0.0012,0.002,0.88,0.002,41.3
5,0,-9.75,0.0027,0.0042,0.0019,0.0027,0.8688,0.0027,58.0
5,0,-9.5,0.0036,0.0055,0.0027,0.0037,0.8558,0.0037,80.5
5,0,-9.25,0.0048,0.007,0.0039,0.005,0.8464,0.005,109.5
5,0,-9.0,0.0064,0.0087,0.0056,0.0066,0.839,0.0066,146.2
5,0,-8.75,0.0083,0.0106,0.0078,0.0087,0.8337,0.0087,192.7
5,0,-8.5,0.0109,0.0128,0.0105,0.0112,0.8241,0.0112,251.4
5,0,-8.25,0.014,0.0155,0.0138,0.0143,0.8142,0.0143,325.6
5,0,-8.0,0.0179,0.0185,0.0179,0.0181,0.8023,0.0181,417.7
5,0,-7.75,0.0227,0.022,0.0227,0.0225,0.7864,0.0227,532.7
5,0,-7.5,0.0285,0.0256,0.0283,0.0277,0.7708,0.028,670.6
5,0,-7.25,0.0354,0.0294,0.0347,0.0337,0.7529,0.0341,836.6
5,0,-7.0,0.0433,0.0338,0.0415,0.0404,0.7348,0.041,1031.0
5,0,-6.75,0.0522,0.0385,0.0491,0.0478,0.7124,0.0488,1264.9
5,0,-6.5,0.0622,0.0437,0.0578,0.0562,0.6889,0.0576,1546.3
5,0,-6.25,0.0731,0.0491,0.0674,0.0654,0.6651,0.0676,1878.3
5,0,-6.0,0.0851,0.0549,0.0779,0.0754,0.6417,0.0787,2266.1
5,0,-5.75,0.0973,0.0609,0.0892,0.0858,0.617,0.0906,2715.4
5,0,-5.5,0.1097,0.0674,0.1011,0.0967,0.5923,0.1036,3231.8
5,0,-5.25,0.1223,0.0741,0.1134,0.1078,0.5678,0.1175,3825.0
5,0,-5.0,0.1344,0.0813,0.1261,0.119,0.5432,0.1323,4501.6
5,0,-4.75,0.1458,0.0885,0.1389,0.13,0.5188,0.1478,5266.0
5,0,-4.5,0.1567,0.0959,0.1517,0.1407,0.4953,0.1643,6130.4
5,0,-4.25,0.1664,0.1032,0.1642,0.1508,0.4723,0.1814,7099.0
5,0,-4.0,0.1751,0.1101,0.1763,0.1602,0.4496,0.1993,8191.8
5,0,-3.75,0.1825,0.1164,0.188,0.1687,0.4275,0.2179,9419.4
5,0,-3.5,0.1884,0.1226,0.1989,0.1762,0.4057,0.2375,10821.5
5,0,-3.25,0.1923,0.1278,0.2091,0.1822,0.3835,0.2578,12425.2
5,0,-3.0,0.1943,0.132,0.2185,0.1869,0.3613,0.2792,14285.5
5,0,-2.75,0.194,0.1353,0.2265,0.1898,0.3386,0.3017,16465.4
5,0,-2.5,0.1915,0.1382,0.2328,0.1909,0.3159,0.3255,19046.9
5,0,-2.25,0.187,0.1396,0.237,0.1901,0.2931,0.351,22131.3
5,0,-2.0,0.1805,0.1402,0.2397,0.1875,0.2709,0.3786,25827.5
5,0,-1.75,0.1725,0.1406,0.2404,0.1835,0.2497,0.409,30273.8
5,0,-1.5,0.1635,0.141,0.2402,0.1787,0.2305,0.4428,35517.0
5,0,-1.25,0.1541,0.1421,0.2389,0.1735,0.2134,0.4807,41630.1
5,0,-1.0,0.145,0.1439,0.238,0.1686,0.1991,0.5237,48613.1
5,0,-0.75,0.1367,0.1464,0.2371,0.1643,0.1873,0.5713,56363.4
5,0,-0.5,0.1292,0.1493,0.2366,0.1605,0.1778,0.6226,64729.2
5,0,-0.25,0.1226,0.1525,0.236,0.1572,0.17,0.6759,73477.2
5,0,0.0,0.1169,0.1556,0.2359,0.1545,0.1638,0.73,82349.2
5,0,0.25,0.1121,0.1583,0.2356,0.1521,0.1588,0.7817,90979.5
5,0,0.5,0.1079,0.1601,0.2349,0.1497,0.1545,0.8282,99097.3
5,0,0.75,0.1045,0.1611,0.2338,0.1474,0.1508,0.8687,106505.6
5,0,1.0,0.1015,0.1612,0.232,0.145,0.1474,0.9014,113047.5
5,0,1.25,0.0989,0.1606,0.2295,0.1426,0.1443,0.9264,118692.8
5,0,1.5,0.0968,0.1594,0.2268,0.1403,0.1415,0.9448,123437.5
5,0,1.75,0.095,0.1579,0.2242,0.1382,0.139,0.9579,127359.7
5,0,2.0,0.0935,0.1564,0.2218,0.1363,0.1369,0.9671,130554.2
5,0,2.25,0.0924,0.1549,0.2198,0.1347,0.1352,0.9735,133128.3
5,0,2.5,0.0914,0.1536,0.218,0.1333,0.1337,0.978,135180.4
5,0,2.75,0.0907,0.1525,0.2166,0.1322,0.1326,0.9812,136807.2
5,0,3.0,0.0901,0.1517,0.2155,0.1314,0.1317,0.9837,138091.6
5,0,3.25,0.0897,0.151,0.2147,0.1307,0.131,0.9856,139102.4
5,0,3.5,0.0893,0.1504,0.214,0.1302,0.1304,0.987,139892.7
5,0,3.75,0.089,0.15,0.2135,0.1298,0.13,0.988,140514.5
5,0,4.0,0.0888,0.1497,0.2132,0.1294,0.1296,0.9888,140994.3
5,1,-12.0,0.0001,0.0001,0.0,0.0001,0.9302,0.0001,1.3
5,1,-11.75,0.0001,0.0002,0.0,0.0001,0.9324,0.0001,2.2
5,1,-11.5,0.0002,0.0004,0.0001,0.0002,0.9294,0.0002,3.5
5,1,-11.25,0.0003,0.0006,0.0001,0.0003,0.9236,0.0003,5.5
5,1,-11.0,0.0004,0.0009,0.0002,0.0004,0.9222,0.0004,8.4
5,1,-10.75,0.0006,0.0012,0.0003,0.0006,0.9103,0.0006,13.0
5,1,-10.5,0.0009,0.0017,0.0005,0.001,0.9028,0.001,19.8
5,1,-10.25,0.0013,0.0024,0.0008,0.0014,0.8897,0.0014,28.9
5,1,-10.0,0.0019,0.0032,0.0012,0.002,0.88,0.002,41.3
5,1,-9.75,0.0027,0.0042,0.0019,0.0027,0.8688,0.0027,58.0
5,1,-9.5,0.0036,0.0055,0.0027,0.0037,0.8558,0.0037,80.5
5,1,-9.25,0.0048,0.007,0.0039,0.005,0.8464,0.005,109.5
5,1,-9.0,0.0064,0.0087,0.0056,0.0066,0.839,0.0066,146.2
5,1,-8.75,0.0083,0.0106,0.0078,0.0087,0.8337,0.0087,192.7
5,1,-8.5,0.0109,0.0128,0.0105,0.0112,0.8242,0.0112,251.4
5,1,-8.25,0.014,0.0155,0.0138,0.0143,0.8144,0.0143,325.4
5,1,-8.0,0.0179,0.0185,0.0179,0.018,0.8029,0.0181,417.3
5,1,-7.75,0.0227,0.022,0.0227,0.0225,0.7873,0.0226,531.7
5,1,-7.5,0.0285,0.0256,0.0283,0.0277,0.7723,0.0279,668.4
5,1,-7.25,0.0353,0.0293,0.0346,0.0336,0.7551,0.034,832.1
5,1,-7.0,0.0431,0.0337,0.0415,0.0402,0.739,0.0408,1021.2
5,1,-6.75,0.0518,0.0383,0.049,0.0475,0.7195,0.0484,1244.6
5,1,-6.5,0.0615,0.0433,0.0575,0.0557,0.6996,0.0571,1508.3
5,1,-6.25,0.0721,0.0485,0.0669,0.0646,0.6808,0.0667,1809.6
5,1,-6.0,0.0836,0.054,0.0772,0.0743,0.6633,0.0772,2150.3
5,1,-5.75,0.0953,0.0595,0.0879,0.0842,0.6454,0.0882,2527.3
5,1,-5.5,0.107,0.0653,0.0992,0.0944,0.6291,0.1,2937.6
5,1,-5.25,0.119,0.0713,0.1108,0.1049,0.614,0.1123,3379.4
5,1,-5.0,0.1305,0.0777,0.1226,0.1153,0.6003,0.1249,3845.2
5,1,-4.75,0.1415,0.0839,0.1344,0.1255,0.5884,0.1376,4322.7
5,1,-4.5,0.1522,0.0903,0.1464,0.1357,0.5784,0.1506,4813.8
5,1,-4.25,0.1623,0.0966,0.1584,0.1457,0.57,0.1637,5307.0
5,1,-4.0,0.1719,0.1031,0.1704,0.1554,0.5627,0.1768,5807.6
5,1,-3.75,0.1809,0.1096,0.1822,0.1649,0.5567,0.1898,6301.3
5,1,-3.5,0.1894,0.1166,0.1941,0.1742,0.5522,0.2029,6791.1
5,1,-3.25,0.1971,0.1236,0.2061,0.1833,0.5482,0.2159,7279.1
5,1,-3.0,0.2047,0.131,0.2186,0.1925,0.5457,0.2292,7764.8
5,1,-2.75,0.2116,0.139,0.2316,0.2017,0.544,0.2428,8248.2
5,1,-2.5,0.2184,0.1484,0.2451,0.2114,0.5437,0.2569,8734.9
5,1,-2.25,0.2249,0.159,0.2596,0.2214,0.5444,0.2718,9228.9
5,1,-2.0,0.2317,0.1715,0.2759,0.2326,0.5467,0.2882,9743.7
5,1,-1.75,0.2388,0.1869,0.2943,0.2452,0.5506,0.3066,10291.4
5,1,-1.5,0.2466,0.206,0.3158,0.2601,0.5569,0.3279,10882.4
5,1,-1.25,0.255,0.2301,0.341,0.2774,0.5649,0.3527,11540.9
5,1,-1.0,0.2645,0.2598,0.3712,0.298,0.5752,0.3822,12279.8
5,1,-0.75,0.2748,0.2946,0.4061,0.3217,0.5868,0.416,13103.8
5,1,-0.5,0.2858,0.3339,0.445,0.348,0.5991,0.4536,13995.3
5,1,-0.25,0.297,0.3761,0.4857,0.3756,0.6113,0.4934,14918.8
5,1,0.0,0.3079,0.4197,0.528,0.4039,0.623,0.5345,15858.0
5,1,0.25,0.3182,0.4613,0.5678,0.4307,0.6332,0.5739,16753.6
5,1,0.5,0.3271,0.4978,0.6032,0.4544,0.6413,0.6092,17556.4
5,1,0.75,0.3344,0.5286,0.6332,0.4743,0.6476,0.6393,18245.4
5,1,1.0,0.3399,0.5516,0.6564,0.4895,0.6518,0.6627,18791.7
5,1,1.25,0.3437,0.5681,0.6723,0.5,0.6543,0.6796,19196.5
5,1,1.5,0.3463,0.5786,0.6828,0.507,0.6556,0.6911,19485.3
5,1,1.75,0.348,0.5847,0.6892,0.5112,0.6561,0.6984,19675.5
5,1,2.0,0.3489,0.5881,0.6929,0.5136,0.6561,0.7028,19798.1
5,1,2.25,0.3493,0.5895,0.695,0.5148,0.6558,0.7053,19878.0
5,1,2.5,0.3495,0.5898,0.6959,0.5153,0.6554,0.7067,19927.9
5,1,2.75,0.3496,0.5896,0.6963,0.5154,0.6551,0.7074,19958.2
5,1,3.0,0.3497,0.5895,0.6964,0.5154,0.6548,0.7078,19979.4
5,1,3.25,0.3496,0.5893,0.6965,0.5154,0.6545,0.708,19994.3
5,1,3.5,0.3496,0.5891,0.6965,0.5154,0.6543,0.7082,20005.3
5,1,3.75,0.3496,0.589,0.6965,0.5153,0.6542,0.7083,20013.2
5,1,4.0,0.3496,0.589,0.6965,0.5153,0.6541,0.7084,20019.2
9,0,-12.0,0.0,0.0,0.0,0.0,0.8571,0.0,0.1
9,0,-11.75,0.0,0.0,0.0,0.0,0.973,0.0,0.4
9,0,-11.5,0.0001,0.0,0.0,0.0,0.9714,0.0,0.7
9,0,-11.25,0.0002,0.0,0.0,0.0001,0.9779,0.0001,1.4
9,0,-11.0,0.0002,0.0002,0.0,0.0001,0.9879,0.0001,2.5
9,0,-10.75,0.0003,0.0004,0.0,0.0002,0.9932,0.0002,4.4
9,0,-10.5,0.0005,0.0007,0.0001,0.0004,0.9781,0.0004,6.9
9,0,-10.25,0.0006,0.0011,0.0001,0.0006,0.971,0.0006,10.7
9,0,-10.0,0.0009,0.0018,0.0003,0.0009,0.96,0.0009,17.0
9,0,-9.75,0.0012,0.0026,0.0004,0.0013,0.9381,0.0013,24.7
9,0,-9.5,0.0016,0.0037,0.0007,0.0018,0.9164,0.0018,35.5
9,0,-9.25,0.0021,0.0049,0.0013,0.0025,0.8945,0.0025,50.7
9,0,-9.0,0.0028,0.0061,0.002,0.0033,0.8658,0.0033,70.3
9,0,-8.75,0.0038,0.0074,0.0031,0.0044,0.8525,0.0044,96.1
9,0,-8.5,0.0052,0.009,0.0049,0.006,0.8431,0.006,131.8
9,0,-8.25,0.0072,0.0108,0.0073,0.0081,0.8387,0.0081,178.2
9,0,-8.0,0.0095,0.0132,0.0102,0.0107,0.8342,0.0107,236.6
9,0,-7.75,0.0125,0.0156,0.014,0.0138,0.828,0.0139,309.5
9,0,-7.5,0.0164,0.0183,0.0188,0.0177,0.8192,0.0178,401.5
9,0,-7.25,0.021,0.0214,0.0243,0.0223,0.8085,0.0224,512.6
9,0,-7.0,0.0268,0.0249,0.0302,0.0276,0.7927,0.0278,648.6
9,0,-6.75,0.0337,0.0283,0.0369,0.0336,0.7714,0.034,813.6
9,0,-6.5,0.0418,0.0324,0.0443,0.0404,0.7448,0.041,1017.8
9,0,-6.25,0.0513,0.0369,0.0525,0.0483,0.7176,0.0493,1268.7
9,0,-6.0,0.0619,0.042,0.0621,0.0573,0.6899,0.0588,1574.8
9,0,-5.75,0.0734,0.0476,0.073,0.0671,0.6623,0.0695,1940.0
9,0,-5.5,0.0859,0.0537,0.0844,0.0778,0.634,0.0814,2373.9
9,0,-5.25,0.0994,0.0604,0.0965,0.0892,0.6073,0.0947,2880.7
9,0,-5.0,0.113,0.0672,0.1095,0.101,0.5807,0.109,3468.2
9,0,-4.75,0.1265,0.0744,0.1232,0.1131,0.5542,0.1245,4151.1
9,0,-4.5,0.1392,0.0817,0.1374,0.1251,0.5274,0.1409,4938.2
9,0,-4.25,0.1511,0.0894,0.151,0.1366,0.5009,0.1581,5833.6
9,0,-4.0,0.1618,0.0974,0.1646,0.1476,0.476,0.1762,6843.1
9,0,-3.75,0.1713,0.1058,0.1782,0.1582,0.4532,0.1955,7971.0
9,0,-3.5,0.1793,0.113,0.1908,0.1674,0.4307,0.215,9224.4
9,0,-3.25,0.1862,0.1197,0.203,0.1758,0.4096,0.2355,10624.3
9,0,-3.0,0.1914,0.1262,0.2144,0.1831,0.3892,0.257,12204.6
9,0,-2.75,0.1948,0.1318,0.2252,0.1891,0.3688,0.2797,14017.0
9,0,-2.5,0.1961,0.1367,0.2351,0.1936,0.3482,0.3038,16127.8
9,0,-2.25,0.1948,0.1404,0.2439,0.1962,0.3265,0.3296,18657.5
9,0,-2.0,0.1908,0.1425,0.2503,0.1963,0.3035,0.3572,21755.4
9,0,-1.75,0.184,0.143,0.2539,0.1936,0.2792,0.3872,25630.6
9,0,-1.5,0.1745,0.1425,0.2539,0.1884,0.2543,0.4207,30574.8
9,0,-1.25,0.1633,0.1415,0.2512,0.1813,0.2307,0.4585,36734.5
9,0,-1.0,0.1517,0.1413,0.2465,0.1736,0.2097,0.5022,44259.6
9,0,-0.75,0.1404,0.142,0.2419,0.1664,0.1923,0.5528,53127.8
9,0,-0.5,0.1304,0.145,0.2385,0.1607,0.179,0.611,63092.8
9,0,-0.25,0.1219,0.1489,0.2364,0.1563,0.169,0.6746,73765.3
9,0,0.0,0.1152,0.1536,0.2356,0.1532,0.1619,0.7406,84563.6
9,0,0.25,0.1097,0.158,0.2355,0.1508,0.1566,0.8037,94885.3
9,0,0.5,0.1053,0.1606,0.2345,0.1483,0.1521,0.8574,104188.0
9,0,0.75,0.1017,0.1616,0.2328,0.1458,0.1482,0.8995,112169.7
9,0,1.0,0.0987,0.1612,0.2301,0.1431,0.1446,0.9295,118786.4
9,0,1.25,0.0963,0.1596,0.2268,0.1403,0.1413,0.9489,124106.4
9,0,1.5,0.0944,0.1577,0.2236,0.1377,0.1385,0.9613,128294.2
9,0,1.75,0.0929,0.1559,0.221,0.1357,0.1362,0.9698,131576.7
9,0,2.0,0.0918,0.1543,0.2188,0.134,0.1344,0.9754,134112.9
9,0,2.25,0.0909,0.153,0.2171,0.1327,0.133,0.9794,136086.0
9,0,2.5,0.0902,0.152,0.2158,0.1316,0.1319,0.9825,137621.3
9,0,2.75,0.0898,0.1511,0.2148,0.1309,0.1311,0.9847,138803.0
9,0,3.0,0.0894,0.1505,0.2141,0.1303,0.1305,0.9864,139711.0
9,0,3.25,0.0891,0.15,0.2136,0.1298,0.13,0.9876,140406.5
9,0,3.5,0.0888,0.1496,0.2132,0.1294,0.1296,0.9885,140936.9
9,0,3.75,0.0886,0.1493,0.2129,0.1292,0.1294,0.9892,141340.1
9,0,4.0,0.0885,0.1491,0.2127,0.129,0.1291,0.9897,141644.8
9,1,-12.0,0.0,0.0,0.0,0.0,0.8571,0.0,0.1
9,1,-11.75,0.0,0.0,0.0,0.0,0.973,0.0,0.4
9,1,-11.5,0.0001,0.0,0.0,0.0,0.9714,0.0,0.7
9,1,-11.25,0.0002,0.0,0.0,0.0001,0.9779,0.0001,1.4
9,1,-11.0,0.0002,0.0002,0.0,0.0001,0.9879,0.0001,2.5
9,1,-10.75,0.0003,0.0004,0.0,0.0002,0.9932,0.0002,4.4
9,1,-10.5,0.0005,0.0007,0.0001,0.0004,0.9781,0.0004,6.9
9,1,-10.25,0.0006,0.0011,0.0001,0.0006,0.971,0.0006,10.7
9,1,-10.0,0.0009,0.0018,0.0003,0.0009,0.96,0.0009,17.0
9,1,-9.75,0.0012,0.0026,0.0004,0.0013,0.9381,0.0013,24.7
9,1,-9.5,0.0016,0.0037,0.0007,0.0018,0.9164,0.0018,35.5
9,1,-9.25,0.0021,0.0049,0.0013,0.0025,0.8945,0.0025,50.7
9,1,-9.0,0.0028,0.0061,0.002,0.0033,0.8658,0.0033,70.3
9,1,-8.75,0.0038,0.0074,0.0031,0.0044,0.8525,0.0044,96.1
9,1,-8.5,0.0052,0.009,0.0049,0.006,0.843,0.006,131.7
9,1,-8.25,0.0072,0.0108,0.0073,0.0081,0.8386,0.0081,178.1
9,1,-8.0,0.0095,0.0132,0.0102,0.0106,0.8341,0.0107,236.4
9,1,-7.75,0.0125,0.0156,0.014,0.0138,0.8279,0.0138,309.2
9,1,-7.5,0.0163,0.0183,0.0188,0.0177,0.8193,0.0178,400.8
9,1,-7.25,0.0209,0.0214,0.0242,0.0223,0.8091,0.0224,511.2
9,1,-7.0,0.0267,0.0248,0.0302,0.0275,0.7944,0.0277,645.0
9,1,-6.75,0.0334,0.0282,0.0368,0.0334,0.7749,0.0338,805.4
9,1,-6.5,0.0413,0.0322,0.0441,0.0402,0.7516,0.0407,1000.9
9,1,-6.25,0.0504,0.0366,0.0522,0.0478,0.7282,0.0487,1235.1
9,1,-6.0,0.0605,0.0414,0.0616,0.0564,0.7066,0.0577,1510.2
9,1,-5.75,0.0714,0.0468,0.072,0.0658,0.6856,0.0678,1828.3
9,1,-5.5,0.0831,0.0523,0.0829,0.0758,0.6656,0.0788,2187.0
9,1,-5.25,0.0957,0.0583,0.0942,0.0863,0.6479,0.0906,2583.9
9,1,-5.0,0.1084,0.0643,0.1062,0.0972,0.6319,0.103,3014.3
9,1,-4.75,0.1209,0.0704,0.1186,0.1082,0.617,0.116,3475.9
9,1,-4.5,0.1329,0.0766,0.1315,0.1192,0.6039,0.1294,3959.0
9,1,-4.25,0.1443,0.0832,0.1441,0.13,0.5919,0.1427,4457.8
9,1,-4.0,0.1551,0.09,0.1569,0.1406,0.5819,0.1564,4966.4
9,1,-3.75,0.1652,0.0978,0.1697,0.1511,0.5739,0.1702,5482.1
9,1,-3.5,0.1746,0.1051,0.1821,0.1611,0.5664,0.1837,5996.4
9,1,-3.25,0.1835,0.1126,0.1946,0.1709,0.5602,0.1974,6514.1
9,1,-3.0,0.1918,0.1204,0.2073,0.1806,0.5553,0.2112,7028.2
9,1,-2.75,0.1998,0.1287,0.2202,0.1904,0.5518,0.2252,7543.0
9,1,-2.5,0.2074,0.1379,0.2341,0.2005,0.5499,0.2398,8059.2
9,1,-2.25,0.2148,0.1481,0.2496,0.2112,0.5497,0.2554,8586.2
9,1,-2.0,0.2223,0.1594,0.266,0.2225,0.5507,0.2719,9125.2
9,1,-1.75,0.2301,0.1729,0.2842,0.235,0.5534,0.29,9686.5
9,1,-1.5,0.2383,0.1897,0.3049,0.2492,0.5577,0.3106,10293.6
9,1,-1.25,0.2475,0.2108,0.3293,0.266,0.5643,0.3347,10963.3
9,1,-1.0,0.2581,0.2387,0.3585,0.2864,0.5734,0.364,11732.1
9,1,-0.75,0.2697,0.2742,0.3947,0.3113,0.5851,0.3995,12618.6
9,1,-0.5,0.2826,0.3199,0.4388,0.3416,0.5996,0.4425,13642.0
9,1,-0.25,0.2963,0.3718,0.4895,0.3757,0.6149,0.4913,14769.2
9,1,0.0,0.3102,0.4274,0.5416,0.4112,0.6293,0.5427,15937.6
9,1,0.25,0.3224,0.4811,0.5913,0.4448,0.6416,0.592,17054.4
9,1,0.5,0.3327,0.5244,0.6316,0.4722,0.6502,0.6331,17997.5
9,1,0.75,0.3402,0.556,0.661,0.4922,0.6555,0.6641,18726.7
9,1,1.0,0.3449,0.576,0.6798,0.505,0.6581,0.6846,19228.6
9,1,1.25,0.3476,0.5862,0.6895,0.5116,0.6586,0.6962,19538.5
9,1,1.5,0.349,0.5902,0.6938,0.5145,0.6582,0.7021,19717.6
9,1,1.75,0.3496,0.5911,0.6958,0.5156,0.6574,0.7051,19823.3
9,1,2.0,0.3499,0.5908,0.6965,0.5159,0.6567,0.7065,19885.7
9,1,2.25,0.35,0.5902,0.6966,0.5159,0.656,0.7071,19922.1
9,1,2.5,0.35,0.5899,0.6966,0.5157,0.6555,0.7075,19949.3
9,1,2.75,0.3499,0.5896,0.6965,0.5157,0.6551,0.7078,19968.5
9,1,3.0,0.3499,0.5893,0.6965,0.5156,0.6549,0.7079,19981.5
9,1,3.25,0.3498,0.5892,0.6965,0.5155,0.6547,0.7081,19991.0
9,1,3.5,0.3498,0.5891,0.6965,0.5155,0.6545,0.7082,19998.9
9,1,3.75,0.3497,0.5891,0.6965,0.5154,0.6544,0.7082,20004.7
9,1,4.0,0.3497,0.5891,0.6965,0.5154,0.6543,0.7083,20010.2
