variant,chip_id,split,threshold,tiles_accepted,tiles_examined,truth_water_frac,pred_water_frac,iou
v0_otsu_vv,1017769,train,-15.61,0,0,0.5674,0.5872,0.7732
v0_otsu_vv,1018317,valid,-16.89,0,0,0.7651,0.8051,0.9085
v0_otsu_vv,1018327,test,-11.78,0,0,0.1398,0.1704,0.4466
v0_otsu_vv,103447,train,-13.35,0,0,0.1649,0.1624,0.5631
v0_otsu_vv,1050276,valid,-11.09,0,0,0.1920,0.2995,0.3038
v0_otsu_vv,1068117,valid,-13.50,0,0,0.2088,0.1443,0.4697
v0_otsu_vv,1072277,train,-8.69,0,0,0.0860,0.5436,0.1322
v0_otsu_vv,118868,valid,-8.23,0,0,0.0665,0.3966,0.1229
v0_otsu_vv,135434,train,-10.56,0,0,0.0880,0.3195,0.1972
v0_otsu_vv,136196,train,-8.25,0,0,0.0000,0.4879,0.0000
v0_otsu_vv,164336,valid,-7.35,0,0,0.0073,0.6171,0.0106
v0_otsu_vv,166709,train,-8.77,0,0,0.0344,0.4554,0.0509
v0_otsu_vv,177319,train,-7.83,0,0,0.0062,0.4789,0.0100
v0_otsu_vv,179238,train,-9.29,0,0,0.0602,0.4671,0.0862
v0_otsu_vv,180633,valid,-15.21,0,0,0.4604,0.4413,0.8719
v0_otsu_vv,207862,train,-9.49,0,0,0.1051,0.4336,0.1935
v0_otsu_vv,244057,valid,-6.26,0,0,0.0000,0.4712,0.0001
v0_otsu_vv,25540,train,-7.87,0,0,0.0613,0.5869,0.0945
v0_otsu_vv,265762,train,-8.44,0,0,0.0579,0.5362,0.0824
v0_otsu_vv,273873,train,-6.73,0,0,0.0350,0.4844,0.0319
v0_otsu_vv,285297,train,-10.78,0,0,0.1469,0.3427,0.2627
v0_otsu_vv,287642,train,-11.68,0,0,0.1553,0.3185,0.3445
v0_otsu_vv,324254,train,-7.23,0,0,0.0148,0.4810,0.0278
v0_otsu_vv,373039,train,-7.92,0,0,0.0062,0.5432,0.0100
v0_otsu_vv,383430,train,-11.83,0,0,0.1561,0.1227,0.3211
v0_otsu_vv,391908,train,-10.47,0,0,0.1227,0.2874,0.2561
v0_otsu_vv,399883,test,-15.53,0,0,0.5200,0.5016,0.7793
v0_otsu_vv,44475,test,-7.03,0,0,0.0000,0.4919,0.0000
v0_otsu_vv,500266,train,-9.54,0,0,0.1457,0.4334,0.2255
v0_otsu_vv,533192,valid,-13.31,0,0,0.3628,0.3203,0.6493
v0_otsu_vv,534470,train,-8.28,0,0,0.0297,0.4605,0.0565
v0_otsu_vv,56450,train,-7.96,0,0,0.0005,0.5000,0.0008
v0_otsu_vv,566697,train,-9.39,0,0,0.0682,0.4226,0.1062
v0_otsu_vv,570384,test,-10.23,0,0,0.0601,0.2374,0.1784
v0_otsu_vv,591317,test,-15.63,0,0,0.4635,0.4482,0.8913
v0_otsu_vv,591549,train,-8.25,0,0,0.0450,0.5092,0.0658
v0_otsu_vv,592446,test,-10.64,0,0,0.0403,0.1808,0.1830
v0_otsu_vv,59460,train,-7.82,0,0,0.0015,0.4972,0.0028
v0_otsu_vv,624341,train,-7.26,0,0,0.0123,0.5074,0.0195
v0_otsu_vv,631692,test,-7.24,0,0,0.0031,0.4629,0.0064
v0_otsu_vv,652725,train,-9.56,0,0,0.0832,0.3938,0.1617
v0_otsu_vv,664410,train,-9.71,0,0,0.0516,0.4124,0.0932
v0_otsu_vv,691027,valid,-8.21,0,0,0.0330,0.4518,0.0602
v0_otsu_vv,698338,train,-8.63,0,0,0.0436,0.4840,0.0718
v0_otsu_vv,70352,valid,-15.22,0,0,0.0551,0.0536,0.6912
v0_otsu_vv,707886,train,-9.01,0,0,0.0221,0.3467,0.0621
v0_otsu_vv,73419,train,-8.41,0,0,0.0349,0.4728,0.0515
v0_otsu_vv,747970,train,-7.94,0,0,0.0203,0.3722,0.0498
v0_otsu_vv,747992,test,-12.33,0,0,0.4476,0.3044,0.5022
v0_otsu_vv,764946,valid,-7.88,0,0,0.0130,0.4522,0.0264
v0_otsu_vv,769408,valid,-9.31,0,0,0.0488,0.3997,0.0997
v0_otsu_vv,772630,test,-6.47,0,0,0.0087,0.5658,0.0144
v0_otsu_vv,773682,train,-9.27,0,0,0.1225,0.4141,0.1951
v0_otsu_vv,774689,train,-10.63,0,0,0.0792,0.2576,0.2041
v0_otsu_vv,79637,test,-7.97,0,0,0.0197,0.6182,0.0273
v0_otsu_vv,80221,test,-16.84,0,0,0.7544,0.7673,0.8908
v0_otsu_vv,804466,train,-9.99,0,0,0.1916,0.3536,0.3255
v0_otsu_vv,828067,test,-8.24,0,0,0.0382,0.4581,0.0719
v0_otsu_vv,833266,valid,-8.48,0,0,0.0831,0.5383,0.1177
v0_otsu_vv,842775,train,-8.54,0,0,0.0241,0.5431,0.0339
v0_otsu_vv,869358,valid,-9.14,0,0,0.0193,0.5151,0.0320
v0_otsu_vv,900498,test,-13.97,0,0,0.4731,0.4517,0.7702
v0_otsu_vv,91379,train,-9.70,0,0,0.1129,0.4114,0.1859
v0_otsu_vv,943439,train,-14.00,0,0,0.1904,0.1476,0.5364
v0_otsu_vv,952728,test,-8.84,0,0,0.0310,0.4667,0.0495
v0_otsu_vv,956930,train,-10.09,0,0,0.1691,0.3442,0.2762
v0_otsu_vv,979278,train,-10.59,0,0,0.0498,0.2209,0.1809
v0_otsu_vv,981708,train,-8.43,0,0,0.0464,0.4182,0.0848
v1_otsu_vh,1017769,train,-22.63,0,0,0.5674,0.6040,0.7003
v1_otsu_vh,1018317,valid,-23.43,0,0,0.7651,0.8211,0.8519
v1_otsu_vh,1018327,test,-17.23,0,0,0.1398,0.2740,0.3617
v1_otsu_vh,103447,train,-20.88,0,0,0.1649,0.1873,0.5625
v1_otsu_vh,1050276,valid,-18.37,0,0,0.1920,0.3020,0.4095
v1_otsu_vh,1068117,valid,-18.73,0,0,0.2088,0.2245,0.4666
v1_otsu_vh,1072277,train,-16.43,0,0,0.0860,0.4505,0.1643
v1_otsu_vh,118868,valid,-15.63,0,0,0.0665,0.2884,0.1564
v1_otsu_vh,135434,train,-19.05,0,0,0.0880,0.1853,0.4215
v1_otsu_vh,136196,train,-15.12,0,0,0.0000,0.4592,0.0000
v1_otsu_vh,164336,valid,-14.68,0,0,0.0073,0.5258,0.0119
v1_otsu_vh,166709,train,-16.16,0,0,0.0344,0.3812,0.0720
v1_otsu_vh,177319,train,-14.36,0,0,0.0062,0.4406,0.0100
v1_otsu_vh,179238,train,-16.80,0,0,0.0602,0.4242,0.1063
v1_otsu_vh,180633,valid,-21.81,0,0,0.4604,0.4679,0.8357
v1_otsu_vh,207862,train,-16.83,0,0,0.1051,0.3528,0.2408
v1_otsu_vh,244057,valid,-13.20,0,0,0.0000,0.4624,0.0001
v1_otsu_vh,25540,train,-15.56,0,0,0.0613,0.4669,0.1238
v1_otsu_vh,265762,train,-16.19,0,0,0.0579,0.4446,0.1020
v1_otsu_vh,273873,train,-13.35,0,0,0.0350,0.4825,0.0334
v1_otsu_vh,285297,train,-17.94,0,0,0.1469,0.3577,0.3059
v1_otsu_vh,287642,train,-19.31,0,0,0.1553,0.3579,0.3143
v1_otsu_vh,324254,train,-14.13,0,0,0.0148,0.4222,0.0306
v1_otsu_vh,373039,train,-14.46,0,0,0.0062,0.5332,0.0102
v1_otsu_vh,383430,train,-16.62,0,0,0.1561,0.2286,0.3111
v1_otsu_vh,391908,train,-17.22,0,0,0.1227,0.3185,0.2708
v1_otsu_vh,399883,test,-21.41,0,0,0.5200,0.5426,0.7394
v1_otsu_vh,44475,test,-13.56,0,0,0.0000,0.4623,0.0000
v1_otsu_vh,500266,train,-17.62,0,0,0.1457,0.3670,0.2808
v1_otsu_vh,533192,valid,-21.43,0,0,0.3628,0.3196,0.6035
v1_otsu_vh,534470,train,-15.15,0,0,0.0297,0.3746,0.0706
v1_otsu_vh,56450,train,-14.49,0,0,0.0005,0.4897,0.0009
v1_otsu_vh,566697,train,-17.24,0,0,0.0682,0.3663,0.1475
v1_otsu_vh,570384,test,-16.97,0,0,0.0601,0.2428,0.1958
v1_otsu_vh,591317,test,-21.83,0,0,0.4635,0.4624,0.8551
v1_otsu_vh,591549,train,-15.09,0,0,0.0450,0.4356,0.0836
v1_otsu_vh,592446,test,-16.35,0,0,0.0403,0.2508,0.1434
v1_otsu_vh,59460,train,-14.31,0,0,0.0015,0.4702,0.0027
v1_otsu_vh,624341,train,-14.13,0,0,0.0123,0.4885,0.0207
v1_otsu_vh,631692,test,-13.99,0,0,0.0031,0.4465,0.0062
v1_otsu_vh,652725,train,-17.34,0,0,0.0832,0.3640,0.1775
v1_otsu_vh,664410,train,-17.47,0,0,0.0516,0.4338,0.0885
v1_otsu_vh,691027,valid,-15.24,0,0,0.0330,0.3750,0.0726
v1_otsu_vh,698338,train,-16.28,0,0,0.0436,0.3631,0.1059
v1_otsu_vh,70352,valid,-19.33,0,0,0.0551,0.0834,0.5235
v1_otsu_vh,707886,train,-15.08,0,0,0.0221,0.3485,0.0615
v1_otsu_vh,73419,train,-15.54,0,0,0.0349,0.4123,0.0539
v1_otsu_vh,747970,train,-14.36,0,0,0.0203,0.3682,0.0491
v1_otsu_vh,747992,test,-19.82,0,0,0.4476,0.3889,0.5674
v1_otsu_vh,764946,valid,-14.26,0,0,0.0130,0.4226,0.0280
v1_otsu_vh,769408,valid,-16.80,0,0,0.0488,0.3918,0.1011
v1_otsu_vh,772630,test,-13.26,0,0,0.0087,0.5570,0.0148
v1_otsu_vh,773682,train,-17.10,0,0,0.1225,0.3573,0.2428
v1_otsu_vh,774689,train,-17.57,0,0,0.0792,0.2936,0.1954
v1_otsu_vh,79637,test,-15.41,0,0,0.0197,0.5114,0.0286
v1_otsu_vh,80221,test,-22.59,0,0,0.7544,0.8192,0.8624
v1_otsu_vh,804466,train,-17.88,0,0,0.1916,0.3764,0.3394
v1_otsu_vh,828067,test,-15.02,0,0,0.0382,0.3904,0.0834
v1_otsu_vh,833266,valid,-16.06,0,0,0.0831,0.4308,0.1467
v1_otsu_vh,842775,train,-15.85,0,0,0.0241,0.4418,0.0440
v1_otsu_vh,869358,valid,-17.09,0,0,0.0193,0.4048,0.0376
v1_otsu_vh,900498,test,-22.09,0,0,0.4731,0.4585,0.7161
v1_otsu_vh,91379,train,-17.70,0,0,0.1129,0.4024,0.2041
v1_otsu_vh,943439,train,-19.19,0,0,0.1904,0.1734,0.5542
v1_otsu_vh,952728,test,-15.84,0,0,0.0310,0.4321,0.0547
v1_otsu_vh,956930,train,-16.86,0,0,0.1691,0.3002,0.3480
v1_otsu_vh,979278,train,-18.44,0,0,0.0498,0.2602,0.1444
v1_otsu_vh,981708,train,-16.23,0,0,0.0464,0.3164,0.1217
v2_lee_vh,1017769,train,-20.59,0,0,0.5674,0.6750,0.7434
v2_lee_vh,1018317,valid,-21.98,0,0,0.7651,0.8546,0.8718
v2_lee_vh,1018327,test,-16.16,0,0,0.1398,0.2915,0.3761
v2_lee_vh,103447,train,-20.38,0,0,0.1649,0.1606,0.5958
v2_lee_vh,1050276,valid,-17.56,0,0,0.1920,0.2953,0.4421
v2_lee_vh,1068117,valid,-17.88,0,0,0.2088,0.1932,0.5016
v2_lee_vh,1072277,train,-15.79,0,0,0.0860,0.4739,0.1680
v2_lee_vh,118868,valid,-14.22,0,0,0.0665,0.3895,0.1426
v2_lee_vh,135434,train,-19.00,0,0,0.0880,0.1324,0.5822
v2_lee_vh,136196,train,-13.99,0,0,0.0000,0.5535,0.0000
v2_lee_vh,164336,valid,-14.01,0,0,0.0073,0.5765,0.0117
v2_lee_vh,166709,train,-15.47,0,0,0.0344,0.4221,0.0728
v2_lee_vh,177319,train,-13.50,0,0,0.0062,0.5384,0.0097
v2_lee_vh,179238,train,-16.07,0,0,0.0602,0.4747,0.1091
v2_lee_vh,180633,valid,-20.58,0,0,0.4604,0.4757,0.8430
v2_lee_vh,207862,train,-16.09,0,0,0.1051,0.3488,0.2595
v2_lee_vh,244057,valid,-12.42,0,0,0.0000,0.5077,0.0000
v2_lee_vh,25540,train,-14.89,0,0,0.0613,0.4950,0.1200
v2_lee_vh,265762,train,-15.41,0,0,0.0579,0.4916,0.1012
v2_lee_vh,273873,train,-12.27,0,0,0.0350,0.5503,0.0306
v2_lee_vh,285297,train,-17.02,0,0,0.1469,0.3676,0.3218
v2_lee_vh,287642,train,-18.45,0,0,0.1553,0.3655,0.3239
v2_lee_vh,324254,train,-13.47,0,0,0.0148,0.4740,0.0294
v2_lee_vh,373039,train,-13.44,0,0,0.0062,0.5941,0.0099
v2_lee_vh,383430,train,-16.07,0,0,0.1561,0.1804,0.3538
v2_lee_vh,391908,train,-16.32,0,0,0.1227,0.3528,0.2744
v2_lee_vh,399883,test,-20.25,0,0,0.5200,0.5523,0.7424
v2_lee_vh,44475,test,-12.69,0,0,0.0000,0.5740,0.0000
v2_lee_vh,500266,train,-17.13,0,0,0.1457,0.3348,0.3060
v2_lee_vh,533192,valid,-19.40,0,0,0.3628,0.3555,0.6558
v2_lee_vh,534470,train,-14.31,0,0,0.0297,0.4524,0.0636
v2_lee_vh,56450,train,-13.77,0,0,0.0005,0.5406,0.0008
v2_lee_vh,566697,train,-16.60,0,0,0.0682,0.3624,0.1609
v2_lee_vh,570384,test,-16.63,0,0,0.0601,0.1832,0.2568
v2_lee_vh,591317,test,-20.71,0,0,0.4635,0.4646,0.8753
v2_lee_vh,591549,train,-14.36,0,0,0.0450,0.4769,0.0836
v2_lee_vh,592446,test,-16.03,0,0,0.0403,0.1747,0.2134
v2_lee_vh,59460,train,-13.39,0,0,0.0015,0.5468,0.0026
v2_lee_vh,624341,train,-13.27,0,0,0.0123,0.5782,0.0189
v2_lee_vh,631692,test,-13.23,0,0,0.0031,0.5779,0.0052
v2_lee_vh,652725,train,-16.69,0,0,0.0832,0.3600,0.1836
v2_lee_vh,664410,train,-16.63,0,0,0.0516,0.5221,0.0816
v2_lee_vh,691027,valid,-14.57,0,0,0.0330,0.3742,0.0762
v2_lee_vh,698338,train,-15.46,0,0,0.0436,0.4004,0.1020
v2_lee_vh,70352,valid,-18.86,0,0,0.0551,0.0611,0.6631
v2_lee_vh,707886,train,-14.14,0,0,0.0221,0.4720,0.0463
v2_lee_vh,73419,train,-14.84,0,0,0.0349,0.4549,0.0523
v2_lee_vh,747970,train,-13.49,0,0,0.0203,0.4758,0.0409
v2_lee_vh,747992,test,-18.75,0,0,0.4476,0.4300,0.6337
v2_lee_vh,764946,valid,-13.45,0,0,0.0130,0.5305,0.0235
v2_lee_vh,769408,valid,-16.05,0,0,0.0488,0.4353,0.0999
v2_lee_vh,772630,test,-12.25,0,0,0.0087,0.6263,0.0136
v2_lee_vh,773682,train,-16.26,0,0,0.1225,0.4038,0.2547
v2_lee_vh,774689,train,-16.81,0,0,0.0792,0.2803,0.2145
v2_lee_vh,79637,test,-14.66,0,0,0.0197,0.5838,0.0276
v2_lee_vh,80221,test,-21.48,0,0,0.7544,0.8291,0.8673
v2_lee_vh,804466,train,-16.99,0,0,0.1916,0.4131,0.3457
v2_lee_vh,828067,test,-14.31,0,0,0.0382,0.4070,0.0878
v2_lee_vh,833266,valid,-15.44,0,0,0.0831,0.4466,0.1558
v2_lee_vh,842775,train,-14.92,0,0,0.0241,0.5546,0.0387
v2_lee_vh,869358,valid,-16.32,0,0,0.0193,0.4316,0.0374
v2_lee_vh,900498,test,-20.54,0,0,0.4731,0.4870,0.7532
v2_lee_vh,91379,train,-16.87,0,0,0.1129,0.4386,0.1993
v2_lee_vh,943439,train,-18.21,0,0,0.1904,0.1614,0.5686
v2_lee_vh,952728,test,-14.98,0,0,0.0310,0.4990,0.0507
v2_lee_vh,956930,train,-16.39,0,0,0.1691,0.2691,0.3836
v2_lee_vh,979278,train,-17.72,0,0,0.0498,0.2456,0.1544
v2_lee_vh,981708,train,-15.30,0,0,0.0464,0.3328,0.1313
v3_tiled_vh,1017769,train,-20.51,16,16,0.5674,0.6762,0.7433
v3_tiled_vh,1018317,valid,-23.28,15,16,0.7651,0.8423,0.8796
v3_tiled_vh,1018327,test,-16.44,16,16,0.1398,0.2598,0.3997
v3_tiled_vh,103447,train,-16.66,16,16,0.1649,0.3804,0.3810
v3_tiled_vh,1050276,valid,-17.38,16,16,0.1920,0.3122,0.4356
v3_tiled_vh,1068117,valid,-17.67,16,16,0.2088,0.2067,0.5020
v3_tiled_vh,1072277,train,-15.12,16,16,0.0860,0.5586,0.1472
v3_tiled_vh,118868,valid,-14.26,10,16,0.0665,0.3819,0.1446
v3_tiled_vh,135434,train,-16.13,16,16,0.0880,0.3522,0.2439
v3_tiled_vh,136196,train,-13.74,16,16,0.0000,0.5842,0.0000
v3_tiled_vh,164336,valid,-13.43,16,16,0.0073,0.6440,0.0109
v3_tiled_vh,166709,train,-15.57,16,16,0.0344,0.4042,0.0752
v3_tiled_vh,177319,train,-13.59,16,16,0.0062,0.5208,0.0098
v3_tiled_vh,179238,train,-15.93,16,16,0.0602,0.4982,0.1059
v3_tiled_vh,180633,valid,-19.06,13,16,0.4604,0.4980,0.8321
v3_tiled_vh,207862,train,-15.95,16,16,0.1051,0.3625,0.2536
v3_tiled_vh,244057,valid,-12.23,16,16,0.0000,0.5279,0.0000
v3_tiled_vh,25540,train,-14.06,16,16,0.0613,0.6030,0.1004
v3_tiled_vh,265762,train,-15.60,15,16,0.0579,0.4593,0.1057
v3_tiled_vh,273873,train,-12.60,16,16,0.0350,0.5272,0.0314
v3_tiled_vh,285297,train,-16.59,16,16,0.1469,0.4098,0.3044
v3_tiled_vh,287642,train,-18.22,16,16,0.1553,0.3888,0.3160
v3_tiled_vh,324254,train,-13.30,16,16,0.0148,0.5129,0.0274
v3_tiled_vh,373039,train,-13.36,16,16,0.0062,0.6007,0.0098
v3_tiled_vh,383430,train,-15.06,14,16,0.1561,0.2980,0.3065
v3_tiled_vh,391908,train,-16.00,14,16,0.1227,0.4060,0.2512
v3_tiled_vh,399883,test,-19.95,15,16,0.5200,0.5574,0.7445
v3_tiled_vh,44475,test,-12.86,16,16,0.0000,0.5419,0.0000
v3_tiled_vh,500266,train,-16.38,16,16,0.1457,0.4310,0.2723
v3_tiled_vh,533192,valid,-19.68,7,16,0.3628,0.3509,0.6565
v3_tiled_vh,534470,train,-14.26,16,16,0.0297,0.4637,0.0622
v3_tiled_vh,56450,train,-13.69,16,16,0.0005,0.5512,0.0008
v3_tiled_vh,566697,train,-16.29,16,16,0.0682,0.3971,0.1515
v3_tiled_vh,570384,test,-15.75,16,16,0.0601,0.2671,0.1979
v3_tiled_vh,591317,test,-18.31,14,16,0.4635,0.4953,0.8653
v3_tiled_vh,591549,train,-14.52,16,16,0.0450,0.4467,0.0876
v3_tiled_vh,592446,test,-14.73,15,16,0.0403,0.3929,0.1005
v3_tiled_vh,59460,train,-13.42,16,16,0.0015,0.5430,0.0026
v3_tiled_vh,624341,train,-13.53,16,16,0.0123,0.5384,0.0198
v3_tiled_vh,631692,test,-13.27,16,16,0.0031,0.5669,0.0053
v3_tiled_vh,652725,train,-16.51,16,16,0.0832,0.3835,0.1769
v3_tiled_vh,664410,train,-16.47,16,16,0.0516,0.5469,0.0793
v3_tiled_vh,691027,valid,-14.97,12,16,0.0330,0.2997,0.0908
v3_tiled_vh,698338,train,-15.30,16,16,0.0436,0.4308,0.0955
v3_tiled_vh,70352,valid,-15.06,12,16,0.0551,0.2895,0.1831
v3_tiled_vh,707886,train,-13.66,12,16,0.0221,0.5962,0.0368
v3_tiled_vh,73419,train,-14.64,15,16,0.0349,0.4990,0.0501
v3_tiled_vh,747970,train,-13.30,14,16,0.0203,0.5324,0.0369
v3_tiled_vh,747992,test,-17.91,16,16,0.4476,0.5160,0.6391
v3_tiled_vh,764946,valid,-13.41,16,16,0.0130,0.5389,0.0232
v3_tiled_vh,769408,valid,-15.86,16,16,0.0488,0.4677,0.0943
v3_tiled_vh,772630,test,-12.73,16,16,0.0087,0.5854,0.0144
v3_tiled_vh,773682,train,-16.01,16,16,0.1225,0.4477,0.2384
v3_tiled_vh,774689,train,-16.23,16,16,0.0792,0.3528,0.1841
v3_tiled_vh,79637,test,-15.41,16,16,0.0197,0.4789,0.0279
v3_tiled_vh,80221,test,-22.40,14,16,0.7544,0.8224,0.8662
v3_tiled_vh,804466,train,-16.36,16,16,0.1916,0.4849,0.3235
v3_tiled_vh,828067,test,-14.20,9,16,0.0382,0.4307,0.0835
v3_tiled_vh,833266,valid,-15.27,15,16,0.0831,0.4743,0.1502
v3_tiled_vh,842775,train,-14.98,15,16,0.0241,0.5417,0.0393
v3_tiled_vh,869358,valid,-16.18,16,16,0.0193,0.4496,0.0364
v3_tiled_vh,900498,test,-20.24,15,16,0.4731,0.4932,0.7532
v3_tiled_vh,91379,train,-16.75,16,16,0.1129,0.4557,0.1956
v3_tiled_vh,943439,train,-17.88,14,16,0.1904,0.1704,0.5841
v3_tiled_vh,952728,test,-15.43,14,16,0.0310,0.4174,0.0571
v3_tiled_vh,956930,train,-15.56,16,16,0.1691,0.3480,0.3499
v3_tiled_vh,979278,train,-17.35,8,16,0.0498,0.2854,0.1382
v3_tiled_vh,981708,train,-15.08,13,16,0.0464,0.3555,0.1244
v4_dual_pol,1017769,train,-20.51,16,16,0.5674,0.5775,0.7791
v4_dual_pol,1018317,valid,-23.28,15,16,0.7651,0.8094,0.9019
v4_dual_pol,1018327,test,-16.44,16,16,0.1398,0.0843,0.5296
v4_dual_pol,103447,train,-16.66,16,16,0.1649,0.3062,0.4522
v4_dual_pol,1050276,valid,-17.38,16,16,0.1920,0.1920,0.3680
v4_dual_pol,1068117,valid,-17.67,16,16,0.2088,0.1112,0.4408
v4_dual_pol,1072277,train,-15.12,16,16,0.0860,0.4749,0.1622
v4_dual_pol,118868,valid,-14.26,10,16,0.0665,0.2936,0.1712
v4_dual_pol,135434,train,-16.13,16,16,0.0880,0.2593,0.2970
v4_dual_pol,136196,train,-13.74,16,16,0.0000,0.5065,0.0000
v4_dual_pol,164336,valid,-13.43,16,16,0.0073,0.5941,0.0113
v4_dual_pol,166709,train,-15.57,16,16,0.0344,0.2943,0.0836
v4_dual_pol,177319,train,-13.59,16,16,0.0062,0.4295,0.0112
v4_dual_pol,179238,train,-15.93,16,16,0.0602,0.3724,0.1202
v4_dual_pol,180633,valid,-19.06,13,16,0.4604,0.4648,0.8590
v4_dual_pol,207862,train,-15.95,16,16,0.1051,0.2908,0.2788
v4_dual_pol,244057,valid,-12.23,16,16,0.0000,0.4593,0.0001
v4_dual_pol,25540,train,-14.06,16,16,0.0613,0.5446,0.1087
v4_dual_pol,265762,train,-15.60,15,16,0.0579,0.3812,0.1147
v4_dual_pol,273873,train,-12.60,16,16,0.0350,0.4803,0.0316
v4_dual_pol,285297,train,-16.59,16,16,0.1469,0.3271,0.3294
v4_dual_pol,287642,train,-18.22,16,16,0.1553,0.2562,0.3909
v4_dual_pol,324254,train,-13.30,16,16,0.0148,0.3838,0.0355
v4_dual_pol,373039,train,-13.36,16,16,0.0062,0.5435,0.0103
v4_dual_pol,383430,train,-15.06,14,16,0.1561,0.2027,0.3425
v4_dual_pol,391908,train,-16.00,14,16,0.1227,0.2793,0.3064
v4_dual_pol,399883,test,-19.95,15,16,0.5200,0.4775,0.7734
v4_dual_pol,44475,test,-12.86,16,16,0.0000,0.4354,0.0000
v4_dual_pol,500266,train,-16.38,16,16,0.1457,0.3135,0.3041
v4_dual_pol,533192,valid,-19.68,7,16,0.3628,0.3023,0.6605
v4_dual_pol,534470,train,-14.26,16,16,0.0297,0.3536,0.0790
v4_dual_pol,56450,train,-13.69,16,16,0.0005,0.4755,0.0009
v4_dual_pol,566697,train,-16.29,16,16,0.0682,0.2870,0.1687
v4_dual_pol,570384,test,-15.75,16,16,0.0601,0.2076,0.2308
v4_dual_pol,591317,test,-18.31,14,16,0.4635,0.4442,0.8923
v4_dual_pol,591549,train,-14.52,16,16,0.0450,0.3512,0.0982
v4_dual_pol,592446,test,-14.73,15,16,0.0403,0.2842,0.1356
v4_dual_pol,59460,train,-13.42,16,16,0.0015,0.4794,0.0030
v4_dual_pol,624341,train,-13.53,16,16,0.0123,0.4487,0.0209
v4_dual_pol,631692,test,-13.27,16,16,0.0031,0.4108,0.0073
v4_dual_pol,652725,train,-16.51,16,16,0.0832,0.2676,0.2253
v4_dual_pol,664410,train,-16.47,16,16,0.0516,0.3828,0.1017
v4_dual_pol,691027,valid,-14.97,12,16,0.0330,0.2440,0.1041
v4_dual_pol,698338,train,-15.30,16,16,0.0436,0.3320,0.1136
v4_dual_pol,70352,valid,-15.06,12,16,0.0551,0.2099,0.2481
v4_dual_pol,707886,train,-13.66,12,16,0.0221,0.4248,0.0515
v4_dual_pol,73419,train,-14.64,15,16,0.0349,0.3593,0.0593
v4_dual_pol,747970,train,-13.30,14,16,0.0203,0.3366,0.0567
v4_dual_pol,747992,test,-17.91,16,16,0.4476,0.3507,0.6085
v4_dual_pol,764946,valid,-13.41,16,16,0.0130,0.4168,0.0294
v4_dual_pol,769408,valid,-15.86,16,16,0.0488,0.2882,0.1384
v4_dual_pol,772630,test,-12.73,16,16,0.0087,0.5180,0.0156
v4_dual_pol,773682,train,-16.01,16,16,0.1225,0.3229,0.2822
v4_dual_pol,774689,train,-16.23,16,16,0.0792,0.2442,0.2365
v4_dual_pol,79637,test,-15.41,16,16,0.0197,0.3900,0.0307
v4_dual_pol,80221,test,-22.40,14,16,0.7544,0.7086,0.8918
v4_dual_pol,804466,train,-16.36,16,16,0.1916,0.3702,0.3661
v4_dual_pol,828067,test,-14.20,9,16,0.0382,0.3117,0.1094
v4_dual_pol,833266,valid,-15.27,15,16,0.0831,0.4287,0.1550
v4_dual_pol,842775,train,-14.98,15,16,0.0241,0.4229,0.0434
v4_dual_pol,869358,valid,-16.18,16,16,0.0193,0.3787,0.0416
v4_dual_pol,900498,test,-20.24,15,16,0.4731,0.4403,0.7727
v4_dual_pol,91379,train,-16.75,16,16,0.1129,0.3169,0.2191
v4_dual_pol,943439,train,-17.88,14,16,0.1904,0.1364,0.5165
v4_dual_pol,952728,test,-15.43,14,16,0.0310,0.3184,0.0674
v4_dual_pol,956930,train,-15.56,16,16,0.1691,0.2550,0.3794
v4_dual_pol,979278,train,-17.35,8,16,0.0498,0.1554,0.2429
v4_dual_pol,981708,train,-15.08,13,16,0.0464,0.3251,0.1293
v5_morph,1017769,train,-20.51,16,16,0.5674,0.5791,0.7793
v5_morph,1018317,valid,-23.28,15,16,0.7651,0.8108,0.9018
v5_morph,1018327,test,-16.44,16,16,0.1398,0.0813,0.5305
v5_morph,103447,train,-16.66,16,16,0.1649,0.2973,0.4662
v5_morph,1050276,valid,-17.38,16,16,0.1920,0.1842,0.3659
v5_morph,1068117,valid,-17.67,16,16,0.2088,0.1079,0.4336
v5_morph,1072277,train,-15.12,16,16,0.0860,0.4784,0.1627
v5_morph,118868,valid,-14.26,10,16,0.0665,0.2825,0.1766
v5_morph,135434,train,-16.13,16,16,0.0880,0.2423,0.3215
v5_morph,136196,train,-13.74,16,16,0.0000,0.5092,0.0000
v5_morph,164336,valid,-13.43,16,16,0.0073,0.5975,0.0113
v5_morph,166709,train,-15.57,16,16,0.0344,0.2777,0.0878
v5_morph,177319,train,-13.59,16,16,0.0062,0.4266,0.0114
v5_morph,179238,train,-15.93,16,16,0.0602,0.3679,0.1240
v5_morph,180633,valid,-19.06,13,16,0.4604,0.4651,0.8583
v5_morph,207862,train,-15.95,16,16,0.1051,0.2875,0.2824
v5_morph,244057,valid,-12.23,16,16,0.0000,0.4605,0.0001
v5_morph,25540,train,-14.06,16,16,0.0613,0.5479,0.1083
v5_morph,265762,train,-15.60,15,16,0.0579,0.3796,0.1153
v5_morph,273873,train,-12.60,16,16,0.0350,0.4837,0.0316
v5_morph,285297,train,-16.59,16,16,0.1469,0.3251,0.3325
v5_morph,287642,train,-18.22,16,16,0.1553,0.2489,0.3936
v5_morph,324254,train,-13.30,16,16,0.0148,0.3785,0.0363
v5_morph,373039,train,-13.36,16,16,0.0062,0.5456,0.0103
v5_morph,383430,train,-15.06,14,16,0.1561,0.1892,0.3486
v5_morph,391908,train,-16.00,14,16,0.1227,0.2668,0.3167
v5_morph,399883,test,-19.95,15,16,0.5200,0.4774,0.7736
v5_morph,44475,test,-12.86,16,16,0.0000,0.4359,0.0000
v5_morph,500266,train,-16.38,16,16,0.1457,0.3046,0.3083
v5_morph,533192,valid,-19.68,7,16,0.3628,0.3017,0.6640
v5_morph,534470,train,-14.26,16,16,0.0297,0.3401,0.0826
v5_morph,56450,train,-13.69,16,16,0.0005,0.4766,0.0009
v5_morph,566697,train,-16.29,16,16,0.0682,0.2815,0.1731
v5_morph,570384,test,-15.75,16,16,0.0601,0.1985,0.2395
v5_morph,591317,test,-18.31,14,16,0.4635,0.4429,0.8921
v5_morph,591549,train,-14.52,16,16,0.0450,0.3422,0.1002
v5_morph,592446,test,-14.73,15,16,0.0403,0.2616,0.1485
v5_morph,59460,train,-13.42,16,16,0.0015,0.4810,0.0030
v5_morph,624341,train,-13.53,16,16,0.0123,0.4486,0.0207
v5_morph,631692,test,-13.27,16,16,0.0031,0.4060,0.0074
v5_morph,652725,train,-16.51,16,16,0.0832,0.2577,0.2305
v5_morph,664410,train,-16.47,16,16,0.0516,0.3785,0.1023
v5_morph,691027,valid,-14.97,12,16,0.0330,0.2272,0.1102
v5_morph,698338,train,-15.30,16,16,0.0436,0.3248,0.1181
v5_morph,70352,valid,-15.06,12,16,0.0551,0.1767,0.2940
v5_morph,707886,train,-13.66,12,16,0.0221,0.4202,0.0521
v5_morph,73419,train,-14.64,15,16,0.0349,0.3522,0.0584
v5_morph,747970,train,-13.30,14,16,0.0203,0.3216,0.0597
v5_morph,747992,test,-17.91,16,16,0.4476,0.3428,0.6117
v5_morph,764946,valid,-13.41,16,16,0.0130,0.4158,0.0297
v5_morph,769408,valid,-15.86,16,16,0.0488,0.2751,0.1447
v5_morph,772630,test,-12.73,16,16,0.0087,0.5207,0.0156
v5_morph,773682,train,-16.01,16,16,0.1225,0.3080,0.2973
v5_morph,774689,train,-16.23,16,16,0.0792,0.2297,0.2460
v5_morph,79637,test,-15.41,16,16,0.0197,0.3907,0.0290
v5_morph,80221,test,-22.40,14,16,0.7544,0.7086,0.8933
v5_morph,804466,train,-16.36,16,16,0.1916,0.3652,0.3691
v5_morph,828067,test,-14.20,9,16,0.0382,0.2963,0.1158
v5_morph,833266,valid,-15.27,15,16,0.0831,0.4280,0.1563
v5_morph,842775,train,-14.98,15,16,0.0241,0.4246,0.0435
v5_morph,869358,valid,-16.18,16,16,0.0193,0.3785,0.0416
v5_morph,900498,test,-20.24,15,16,0.4731,0.4407,0.7737
v5_morph,91379,train,-16.75,16,16,0.1129,0.3103,0.2191
v5_morph,943439,train,-17.88,14,16,0.1904,0.1354,0.5122
v5_morph,952728,test,-15.43,14,16,0.0310,0.3113,0.0683
v5_morph,956930,train,-15.56,16,16,0.1691,0.2477,0.3881
v5_morph,979278,train,-17.35,8,16,0.0498,0.1416,0.2628
v5_morph,981708,train,-15.08,13,16,0.0464,0.3199,0.1327
v6_event_thresh,1017769,train,-21.56,0,0,0.5674,0.6584,0.7445
v6_event_thresh,1018317,valid,-21.56,0,0,0.7651,0.8586,0.8696
v6_event_thresh,1018327,test,-21.56,0,0,0.1398,0.0476,0.3341
v6_event_thresh,103447,train,-21.56,0,0,0.1649,0.1425,0.5894
v6_event_thresh,1050276,valid,-21.56,0,0,0.1920,0.0753,0.2993
v6_event_thresh,1068117,valid,-21.56,0,0,0.2088,0.0843,0.3549
v6_event_thresh,1072277,train,-21.56,0,0,0.0860,0.0193,0.1211
v6_event_thresh,118868,valid,-21.56,0,0,0.0665,0.0014,0.0169
v6_event_thresh,135434,train,-21.56,0,0,0.0880,0.0850,0.6568
v6_event_thresh,136196,train,-21.56,0,0,0.0000,0.0078,0.0000
v6_event_thresh,164336,valid,-21.56,0,0,0.0073,0.0018,0.0270
v6_event_thresh,166709,train,-21.56,0,0,0.0344,0.0037,0.0416
v6_event_thresh,177319,train,-21.56,0,0,0.0062,0.0001,0.0031
v6_event_thresh,179238,train,-21.56,0,0,0.0602,0.0063,0.0478
v6_event_thresh,180633,valid,-21.56,0,0,0.4604,0.4634,0.8464
v6_event_thresh,207862,train,-21.56,0,0,0.1051,0.0397,0.1828
v6_event_thresh,244057,valid,-21.56,0,0,0.0000,0.0017,0.0000
v6_event_thresh,25540,train,-21.56,0,0,0.0613,0.0338,0.3088
v6_event_thresh,265762,train,-21.56,0,0,0.0579,0.0046,0.0438
v6_event_thresh,273873,train,-21.56,0,0,0.0350,0.0217,0.0430
v6_event_thresh,285297,train,-21.56,0,0,0.1469,0.0767,0.2430
v6_event_thresh,287642,train,-21.56,0,0,0.1553,0.1352,0.3255
v6_event_thresh,324254,train,-21.56,0,0,0.0148,0.0005,0.0129
v6_event_thresh,373039,train,-21.56,0,0,0.0062,0.0256,0.0018
v6_event_thresh,383430,train,-21.56,0,0,0.1561,0.0291,0.1701
v6_event_thresh,391908,train,-21.56,0,0,0.1227,0.0349,0.2456
v6_event_thresh,399883,test,-21.56,0,0,0.5200,0.5291,0.7328
v6_event_thresh,44475,test,-21.56,0,0,0.0000,0.0000,0.0000
v6_event_thresh,500266,train,-21.56,0,0,0.1457,0.0518,0.2119
v6_event_thresh,533192,valid,-21.56,0,0,0.3628,0.3185,0.6496
v6_event_thresh,534470,train,-21.56,0,0,0.0297,0.0019,0.0516
v6_event_thresh,56450,train,-21.56,0,0,0.0005,0.0008,0.0000
v6_event_thresh,566697,train,-21.56,0,0,0.0682,0.0237,0.1224
v6_event_thresh,570384,test,-21.56,0,0,0.0601,0.0272,0.3617
v6_event_thresh,591317,test,-21.56,0,0,0.4635,0.4580,0.8736
v6_event_thresh,591549,train,-21.56,0,0,0.0450,0.0008,0.0104
v6_event_thresh,592446,test,-21.56,0,0,0.0403,0.0183,0.3716
v6_event_thresh,59460,train,-21.56,0,0,0.0015,0.0010,0.0038
v6_event_thresh,624341,train,-21.56,0,0,0.0123,0.0008,0.0171
v6_event_thresh,631692,test,-21.56,0,0,0.0031,0.0000,0.0012
v6_event_thresh,652725,train,-21.56,0,0,0.0832,0.0301,0.1967
v6_event_thresh,664410,train,-21.56,0,0,0.0516,0.0205,0.1256
v6_event_thresh,691027,valid,-21.56,0,0,0.0330,0.0033,0.0763
v6_event_thresh,698338,train,-21.56,0,0,0.0436,0.0214,0.3581
v6_event_thresh,70352,valid,-21.56,0,0,0.0551,0.0463,0.6485
v6_event_thresh,707886,train,-21.56,0,0,0.0221,0.0107,0.4463
v6_event_thresh,73419,train,-21.56,0,0,0.0349,0.0015,0.0137
v6_event_thresh,747970,train,-21.56,0,0,0.0203,0.0040,0.1706
v6_event_thresh,747992,test,-21.56,0,0,0.4476,0.2012,0.4238
v6_event_thresh,764946,valid,-21.56,0,0,0.0130,0.0020,0.1314
v6_event_thresh,769408,valid,-21.56,0,0,0.0488,0.0137,0.1501
v6_event_thresh,772630,test,-21.56,0,0,0.0087,0.0076,0.0024
v6_event_thresh,773682,train,-21.56,0,0,0.1225,0.0201,0.1203
v6_event_thresh,774689,train,-21.56,0,0,0.0792,0.0397,0.2608
v6_event_thresh,79637,test,-21.56,0,0,0.0197,0.0050,0.0664
v6_event_thresh,80221,test,-21.56,0,0,0.7544,0.8286,0.8672
v6_event_thresh,804466,train,-21.56,0,0,0.1916,0.0676,0.2576
v6_event_thresh,828067,test,-21.56,0,0,0.0382,0.0066,0.1580
v6_event_thresh,833266,valid,-21.56,0,0,0.0831,0.0047,0.0474
v6_event_thresh,842775,train,-21.56,0,0,0.0241,0.0054,0.1356
v6_event_thresh,869358,valid,-21.56,0,0,0.0193,0.0198,0.0773
v6_event_thresh,900498,test,-21.56,0,0,0.4731,0.4677,0.7515
v6_event_thresh,91379,train,-21.56,0,0,0.1129,0.0424,0.2190
v6_event_thresh,943439,train,-21.56,0,0,0.1904,0.0909,0.3838
v6_event_thresh,952728,test,-21.56,0,0,0.0310,0.0051,0.0760
v6_event_thresh,956930,train,-21.56,0,0,0.1691,0.0375,0.1839
v6_event_thresh,979278,train,-21.56,0,0,0.0498,0.0568,0.2826
v6_event_thresh,981708,train,-21.56,0,0,0.0464,0.0029,0.0349
v7_gated,1017769,train,-20.51,16,16,0.5674,0.6762,0.7433
v7_gated,1018317,valid,-23.28,15,16,0.7651,0.8423,0.8796
v7_gated,1018327,test,-17.16,13,16,0.1398,0.1896,0.4593
v7_gated,103447,train,-16.71,14,16,0.1649,0.3738,0.3862
v7_gated,1050276,valid,-17.38,16,16,0.1920,0.3122,0.4356
v7_gated,1068117,valid,-17.94,14,16,0.2088,0.1895,0.5013
v7_gated,1072277,train,-17.01,8,16,0.0860,0.3313,0.2121
v7_gated,118868,valid,-15.30,3,16,0.0665,0.2149,0.2018
v7_gated,135434,train,-17.52,13,16,0.0880,0.2000,0.4158
v7_gated,136196,train,-15.95,5,16,0.0000,0.3058,0.0000
v7_gated,164336,valid,-16.14,5,16,0.0073,0.2984,0.0158
v7_gated,166709,train,-15.65,13,16,0.0344,0.3893,0.0774
v7_gated,177319,train,,0,16,0.0062,0.0000,0.0000
v7_gated,179238,train,-15.93,16,16,0.0602,0.4982,0.1059
v7_gated,180633,valid,-19.16,11,16,0.4604,0.4963,0.8330
v7_gated,207862,train,-16.05,13,16,0.1051,0.3521,0.2580
v7_gated,244057,valid,,0,16,0.0000,0.0000,0.0000
v7_gated,25540,train,-15.90,6,16,0.0613,0.3762,0.1521
v7_gated,265762,train,-15.64,11,16,0.0579,0.4516,0.1070
v7_gated,273873,train,-15.49,3,16,0.0350,0.2808,0.0395
v7_gated,285297,train,-16.59,16,16,0.1469,0.4098,0.3044
v7_gated,287642,train,-18.22,16,16,0.1553,0.3888,0.3160
v7_gated,324254,train,-15.25,2,16,0.0148,0.1561,0.0717
v7_gated,373039,train,-16.47,1,16,0.0062,0.3308,0.0089
v7_gated,383430,train,-15.72,7,16,0.1561,0.2140,0.3424
v7_gated,391908,train,-16.51,12,16,0.1227,0.3233,0.2888
v7_gated,399883,test,-19.95,15,16,0.5200,0.5574,0.7445
v7_gated,44475,test,,0,16,0.0000,0.0000,nan
v7_gated,500266,train,-16.45,15,16,0.1457,0.4223,0.2754
v7_gated,533192,valid,-19.68,7,16,0.3628,0.3509,0.6565
v7_gated,534470,train,-15.32,4,16,0.0297,0.2359,0.1127
v7_gated,56450,train,,0,16,0.0005,0.0000,0.0000
v7_gated,566697,train,-16.32,15,16,0.0682,0.3937,0.1524
v7_gated,570384,test,-15.90,13,16,0.0601,0.2498,0.2080
v7_gated,591317,test,-20.52,11,16,0.4635,0.4662,0.8754
v7_gated,591549,train,-15.20,2,16,0.0450,0.3257,0.1085
v7_gated,592446,test,-16.91,6,16,0.0403,0.1017,0.3356
v7_gated,59460,train,,0,16,0.0015,0.0000,0.0000
v7_gated,624341,train,,0,16,0.0123,0.0000,0.0000
v7_gated,631692,test,,0,16,0.0031,0.0000,0.0000
v7_gated,652725,train,-16.51,16,16,0.0832,0.3835,0.1769
v7_gated,664410,train,-16.47,16,16,0.0516,0.5469,0.0793
v7_gated,691027,valid,-15.10,5,16,0.0330,0.2762,0.0970
v7_gated,698338,train,-15.72,12,16,0.0436,0.3522,0.1145
v7_gated,70352,valid,-19.04,6,16,0.0551,0.0598,0.6664
v7_gated,707886,train,-18.02,1,16,0.0221,0.0238,0.7091
v7_gated,73419,train,-15.40,4,16,0.0349,0.3389,0.0595
v7_gated,747970,train,-15.95,1,16,0.0203,0.0462,0.2892
v7_gated,747992,test,-17.91,16,16,0.4476,0.5160,0.6391
v7_gated,764946,valid,,0,16,0.0130,0.0000,0.0000
v7_gated,769408,valid,-15.89,15,16,0.0488,0.4631,0.0952
v7_gated,772630,test,,0,16,0.0087,0.0000,0.0000
v7_gated,773682,train,-16.04,15,16,0.1225,0.4419,0.2403
v7_gated,774689,train,-16.25,15,16,0.0792,0.3498,0.1852
v7_gated,79637,test,-15.96,10,16,0.0197,0.3969,0.0288
v7_gated,80221,test,-22.50,13,16,0.7544,0.8216,0.8660
v7_gated,804466,train,-16.36,16,16,0.1916,0.4849,0.3235
v7_gated,828067,test,-16.14,2,16,0.0382,0.1318,0.2097
v7_gated,833266,valid,-15.65,11,16,0.0831,0.4135,0.1626
v7_gated,842775,train,-15.40,6,16,0.0241,0.4511,0.0448
v7_gated,869358,valid,-16.25,15,16,0.0193,0.4415,0.0369
v7_gated,900498,test,-20.24,15,16,0.4731,0.4932,0.7532
v7_gated,91379,train,-16.75,16,16,0.1129,0.4557,0.1956
v7_gated,943439,train,-17.95,12,16,0.1904,0.1685,0.5810
v7_gated,952728,test,-15.91,8,16,0.0310,0.3332,0.0656
v7_gated,956930,train,-16.75,10,16,0.1691,0.2399,0.3935
v7_gated,979278,train,-17.35,8,16,0.0498,0.2854,0.1382
v7_gated,981708,train,-15.43,7,16,0.0464,0.3200,0.1356
v8_gated_full,1017769,train,-20.51,16,16,0.5674,0.5791,0.7793
v8_gated_full,1018317,valid,-23.28,15,16,0.7651,0.7424,0.9383
v8_gated_full,1018327,test,-17.16,13,16,0.1398,0.0724,0.4901
v8_gated_full,103447,train,-16.71,14,16,0.1649,0.1163,0.5938
v8_gated_full,1050276,valid,-17.38,16,16,0.1920,0.1002,0.2538
v8_gated_full,1068117,valid,-17.94,14,16,0.2088,0.0976,0.4079
v8_gated_full,1072277,train,-17.01,8,16,0.0860,0.0000,0.0000
v8_gated_full,118868,valid,-15.30,3,16,0.0665,0.0000,0.0000
v8_gated_full,135434,train,-17.52,13,16,0.0880,0.0605,0.4474
v8_gated_full,136196,train,-15.95,5,16,0.0000,0.0000,nan
v8_gated_full,164336,valid,-16.14,5,16,0.0073,0.0000,0.0000
v8_gated_full,166709,train,-15.65,13,16,0.0344,0.0000,0.0000
v8_gated_full,177319,train,,0,16,0.0062,0.0000,0.0000
v8_gated_full,179238,train,-15.93,16,16,0.0602,0.0000,0.0000
v8_gated_full,180633,valid,-19.16,11,16,0.4604,0.4407,0.8701
v8_gated_full,207862,train,-16.05,13,16,0.1051,0.0000,0.0000
v8_gated_full,244057,valid,,0,16,0.0000,0.0000,0.0000
v8_gated_full,25540,train,-15.90,6,16,0.0613,0.0000,0.0000
v8_gated_full,265762,train,-15.64,11,16,0.0579,0.0000,0.0000
v8_gated_full,273873,train,-15.49,3,16,0.0350,0.0000,0.0000
v8_gated_full,285297,train,-16.59,16,16,0.1469,0.0791,0.2113
v8_gated_full,287642,train,-18.22,16,16,0.1553,0.1800,0.3935
v8_gated_full,324254,train,-15.25,2,16,0.0148,0.0000,0.0000
v8_gated_full,373039,train,-16.47,1,16,0.0062,0.0000,0.0000
v8_gated_full,383430,train,-15.72,7,16,0.1561,0.0410,0.2307
v8_gated_full,391908,train,-16.51,12,16,0.1227,0.0433,0.3095
v8_gated_full,399883,test,-19.95,15,16,0.5200,0.4774,0.7736
v8_gated_full,44475,test,,0,16,0.0000,0.0000,nan
v8_gated_full,500266,train,-16.45,15,16,0.1457,0.0000,0.0000
v8_gated_full,533192,valid,-19.68,7,16,0.3628,0.2954,0.6618
v8_gated_full,534470,train,-15.32,4,16,0.0297,0.0000,0.0000
v8_gated_full,56450,train,,0,16,0.0005,0.0000,0.0000
v8_gated_full,566697,train,-16.32,15,16,0.0682,0.0000,0.0000
v8_gated_full,570384,test,-15.90,13,16,0.0601,0.0280,0.3785
v8_gated_full,591317,test,-20.52,11,16,0.4635,0.4312,0.8907
v8_gated_full,591549,train,-15.20,2,16,0.0450,0.0000,0.0000
v8_gated_full,592446,test,-16.91,6,16,0.0403,0.0233,0.4342
v8_gated_full,59460,train,,0,16,0.0015,0.0000,0.0000
v8_gated_full,624341,train,,0,16,0.0123,0.0000,0.0000
v8_gated_full,631692,test,,0,16,0.0031,0.0000,0.0000
v8_gated_full,652725,train,-16.51,16,16,0.0832,0.0308,0.2578
v8_gated_full,664410,train,-16.47,16,16,0.0516,0.0000,0.0000
v8_gated_full,691027,valid,-15.10,5,16,0.0330,0.0000,0.0000
v8_gated_full,698338,train,-15.72,12,16,0.0436,0.0000,0.0000
v8_gated_full,70352,valid,-19.04,6,16,0.0551,0.0441,0.6840
v8_gated_full,707886,train,-18.02,1,16,0.0221,0.0198,0.7375
v8_gated_full,73419,train,-15.40,4,16,0.0349,0.0000,0.0000
v8_gated_full,747970,train,-15.95,1,16,0.0203,0.0000,0.0000
v8_gated_full,747992,test,-17.91,16,16,0.4476,0.2152,0.4552
v8_gated_full,764946,valid,,0,16,0.0130,0.0000,0.0000
v8_gated_full,769408,valid,-15.89,15,16,0.0488,0.0000,0.0000
v8_gated_full,772630,test,,0,16,0.0087,0.0000,0.0000
v8_gated_full,773682,train,-16.04,15,16,0.1225,0.0269,0.1565
v8_gated_full,774689,train,-16.25,15,16,0.0792,0.0331,0.2674
v8_gated_full,79637,test,-15.96,10,16,0.0197,0.0000,0.0000
v8_gated_full,80221,test,-22.50,13,16,0.7544,0.7086,0.8933
v8_gated_full,804466,train,-16.36,16,16,0.1916,0.0000,0.0000
v8_gated_full,828067,test,-16.14,2,16,0.0382,0.0000,0.0000
v8_gated_full,833266,valid,-15.65,11,16,0.0831,0.0000,0.0000
v8_gated_full,842775,train,-15.40,6,16,0.0241,0.0000,0.0000
v8_gated_full,869358,valid,-16.25,15,16,0.0193,0.0000,0.0000
v8_gated_full,900498,test,-20.24,15,16,0.4731,0.4407,0.7737
v8_gated_full,91379,train,-16.75,16,16,0.1129,0.0000,0.0000
v8_gated_full,943439,train,-17.95,12,16,0.1904,0.1269,0.4919
v8_gated_full,952728,test,-15.91,8,16,0.0310,0.0000,0.0000
v8_gated_full,956930,train,-16.75,10,16,0.1691,0.0000,0.0000
v8_gated_full,979278,train,-17.35,8,16,0.0498,0.0336,0.4216
v8_gated_full,981708,train,-15.43,7,16,0.0464,0.0000,0.0000
