product,threshold,iou_train,iou_valid,iou_test,iou_all,p_all,r_all,area_ha
rtc_lee,-28.0,0.0001,0.0126,0.0,0.0031,0.2823,0.0031,203.7
rtc_lee,-27.75,0.0001,0.0126,0.0,0.0031,0.2821,0.0031,204.4
rtc_lee,-27.5,0.0001,0.0127,0.0,0.0031,0.2824,0.0031,205.2
rtc_lee,-27.25,0.0001,0.0128,0.0,0.0031,0.2831,0.0032,206.3
rtc_lee,-27.0,0.0001,0.0128,0.0001,0.0032,0.2844,0.0032,207.7
rtc_lee,-26.75,0.0001,0.013,0.0001,0.0032,0.2879,0.0033,209.5
rtc_lee,-26.5,0.0001,0.0132,0.0003,0.0034,0.2943,0.0034,212.4
rtc_lee,-26.25,0.0001,0.0136,0.0006,0.0036,0.3071,0.0036,217.4
rtc_lee,-26.0,0.0001,0.0144,0.0013,0.004,0.3309,0.0041,226.7
rtc_lee,-25.75,0.0001,0.016,0.0024,0.0048,0.371,0.0049,243.1
rtc_lee,-25.5,0.0002,0.0187,0.0045,0.0063,0.4296,0.0063,271.6
rtc_lee,-25.25,0.0003,0.023,0.0078,0.0086,0.504,0.0087,318.0
rtc_lee,-25.0,0.0004,0.0302,0.0133,0.0124,0.588,0.0125,393.5
rtc_lee,-24.75,0.0007,0.0421,0.0213,0.0183,0.6698,0.0185,510.6
rtc_lee,-24.5,0.0012,0.0597,0.0326,0.027,0.7384,0.0272,681.6
rtc_lee,-24.25,0.0023,0.0838,0.0476,0.0388,0.7909,0.0392,917.1
rtc_lee,-24.0,0.0041,0.1153,0.0672,0.0544,0.8288,0.0551,1227.7
rtc_lee,-23.75,0.0068,0.1521,0.0915,0.0735,0.8533,0.0744,1611.8
rtc_lee,-23.5,0.0108,0.1939,0.1202,0.0958,0.8701,0.0972,2065.4
rtc_lee,-23.25,0.0166,0.2382,0.1527,0.121,0.8807,0.123,2580.9
rtc_lee,-23.0,0.0245,0.2825,0.1897,0.1486,0.887,0.1515,3157.5
rtc_lee,-22.75,0.0348,0.3255,0.2311,0.1785,0.8907,0.1825,3787.7
rtc_lee,-22.5,0.0476,0.3643,0.2758,0.2095,0.8922,0.215,4453.6
rtc_lee,-22.25,0.0636,0.3988,0.3233,0.2418,0.8926,0.2491,5157.7
rtc_lee,-22.0,0.082,0.4299,0.3725,0.2748,0.8915,0.2843,5894.2
rtc_lee,-21.75,0.1024,0.4567,0.421,0.3072,0.8894,0.3194,6638.3
rtc_lee,-21.5,0.1247,0.4803,0.4658,0.3382,0.886,0.3535,7375.0
rtc_lee,-21.25,0.1476,0.5018,0.5062,0.3671,0.8818,0.3861,8092.9
rtc_lee,-21.0,0.1707,0.5215,0.5409,0.3934,0.8765,0.4165,8783.1
rtc_lee,-20.75,0.1932,0.54,0.5692,0.4168,0.8704,0.4444,9437.1
rtc_lee,-20.5,0.2147,0.5566,0.5915,0.437,0.8635,0.4694,10047.8
rtc_lee,-20.25,0.2347,0.5714,0.61,0.4546,0.8558,0.4923,10632.3
rtc_lee,-20.0,0.2532,0.5841,0.626,0.4701,0.8472,0.5136,11205.0
rtc_lee,-19.75,0.2706,0.594,0.6398,0.4834,0.8374,0.5335,11775.3
rtc_lee,-19.5,0.2867,0.6014,0.6518,0.4949,0.826,0.5525,12362.6
rtc_lee,-19.25,0.3012,0.6067,0.6627,0.5045,0.8127,0.5709,12984.7
rtc_lee,-19.0,0.3143,0.6102,0.6724,0.5125,0.7973,0.5893,13660.4
rtc_lee,-18.75,0.3258,0.6118,0.6805,0.5186,0.7797,0.6076,14405.3
rtc_lee,-18.5,0.3354,0.6116,0.6874,0.5228,0.7597,0.6264,15239.4
rtc_lee,-18.25,0.3429,0.6093,0.6927,0.5249,0.7376,0.6454,16172.6
rtc_lee,-18.0,0.348,0.6055,0.6963,0.5249,0.7135,0.665,17226.6
rtc_lee,-17.75,0.3502,0.5994,0.6978,0.5221,0.6872,0.6849,18421.5
rtc_lee,-17.5,0.3495,0.5909,0.697,0.5165,0.6589,0.705,19776.3
rtc_lee,-17.25,0.3458,0.58,0.6935,0.5081,0.6292,0.7252,21303.8
rtc_lee,-17.0,0.3396,0.5666,0.6874,0.497,0.5986,0.7456,23023.8
rtc_lee,-16.75,0.3305,0.5506,0.6784,0.4831,0.5669,0.7657,24962.5
rtc_lee,-16.5,0.3196,0.5324,0.6668,0.4671,0.5355,0.7854,27110.2
rtc_lee,-16.25,0.3067,0.5123,0.6526,0.449,0.504,0.8044,29500.0
rtc_lee,-16.0,0.2928,0.4912,0.6357,0.4296,0.4733,0.8231,32146.2
rtc_lee,-15.75,0.278,0.469,0.6161,0.409,0.4433,0.8409,35063.5
rtc_lee,-15.5,0.2626,0.4463,0.5947,0.3878,0.4144,0.8577,38252.4
rtc_lee,-15.25,0.2474,0.4233,0.5715,0.3664,0.3869,0.8736,41730.9
rtc_lee,-15.0,0.2323,0.4003,0.5467,0.3452,0.3608,0.8883,45502.6
rtc_lee,-14.75,0.2177,0.3775,0.5211,0.3243,0.3361,0.9019,49591.8
rtc_lee,-14.5,0.2036,0.3552,0.4948,0.304,0.3129,0.9143,54002.5
rtc_lee,-14.25,0.1902,0.3329,0.4683,0.2844,0.2911,0.9257,58782.7
rtc_lee,-14.0,0.1774,0.3112,0.4414,0.2656,0.2706,0.9357,63920.3
rtc_lee,-13.75,0.1655,0.2904,0.4151,0.2479,0.2515,0.9448,69433.8
rtc_lee,-13.5,0.1545,0.2705,0.3895,0.2312,0.2339,0.9526,75277.7
rtc_lee,-13.25,0.1445,0.2521,0.3654,0.2159,0.2179,0.9594,81375.5
rtc_lee,-13.0,0.1355,0.2354,0.3429,0.2021,0.2036,0.9654,87632.7
rtc_lee,-12.75,0.1276,0.2206,0.3224,0.1899,0.191,0.9704,93912.5
rtc_lee,-12.5,0.1206,0.2075,0.304,0.1791,0.1799,0.9747,100123.7
rtc_lee,-12.25,0.1146,0.1965,0.2879,0.1698,0.1705,0.9782,106070.8
rtc_lee,-12.0,0.1096,0.1872,0.274,0.1619,0.1624,0.9812,111638.0
rtc_lee,-11.75,0.1053,0.1795,0.2623,0.1554,0.1558,0.9835,116693.7
rtc_lee,-11.5,0.1018,0.1733,0.2525,0.15,0.1503,0.9854,121190.0
rtc_lee,-11.25,0.099,0.1682,0.2445,0.1456,0.1458,0.9869,125083.6
rtc_lee,-11.0,0.0967,0.1643,0.2379,0.142,0.1423,0.9881,128384.5
rtc_lee,-10.75,0.0949,0.1611,0.2326,0.1392,0.1394,0.989,131137.8
rtc_lee,-10.5,0.0934,0.1586,0.2285,0.137,0.1371,0.9897,133385.0
rtc_lee,-10.25,0.0923,0.1567,0.2252,0.1352,0.1354,0.9902,135200.2
rtc_lee,-10.0,0.0914,0.1552,0.2225,0.1338,0.134,0.9906,136652.0
gee_lee,-28.0,0.0327,0.2267,0.1789,0.1336,0.9459,0.1347,2631.5
gee_lee,-27.75,0.0387,0.2547,0.2049,0.1524,0.9433,0.1538,3013.9
gee_lee,-27.5,0.0456,0.2836,0.2326,0.1724,0.9407,0.1743,3424.4
gee_lee,-27.25,0.0534,0.3127,0.2616,0.1933,0.9379,0.1958,3858.3
gee_lee,-27.0,0.0621,0.3414,0.2916,0.2148,0.9349,0.2181,4311.5
gee_lee,-26.75,0.0715,0.3692,0.3223,0.2366,0.9318,0.2408,4776.8
gee_lee,-26.5,0.082,0.3955,0.3531,0.2586,0.9285,0.2639,5252.5
gee_lee,-26.25,0.0932,0.4203,0.3837,0.2804,0.9252,0.2869,5731.9
gee_lee,-26.0,0.1048,0.4429,0.4136,0.3016,0.9221,0.3094,6202.8
gee_lee,-25.75,0.117,0.4634,0.4426,0.3221,0.9187,0.3315,6670.5
gee_lee,-25.5,0.1298,0.4817,0.4701,0.3418,0.9153,0.3529,7126.8
gee_lee,-25.25,0.1423,0.4984,0.4961,0.3604,0.912,0.3734,7567.0
gee_lee,-25.0,0.1548,0.5138,0.5194,0.3777,0.9086,0.3926,7986.1
gee_lee,-24.75,0.1671,0.5276,0.5409,0.3938,0.9051,0.4107,8387.7
gee_lee,-24.5,0.179,0.5398,0.5606,0.4087,0.9016,0.4277,8769.2
gee_lee,-24.25,0.1908,0.5507,0.5782,0.4224,0.898,0.4437,9131.8
gee_lee,-24.0,0.202,0.5608,0.5934,0.4347,0.8942,0.4583,9473.5
gee_lee,-23.75,0.2129,0.57,0.6066,0.446,0.8901,0.472,9800.1
gee_lee,-23.5,0.2238,0.5787,0.6183,0.4565,0.8858,0.485,10120.6
gee_lee,-23.25,0.2342,0.586,0.6289,0.4659,0.8811,0.4972,10429.9
gee_lee,-23.0,0.2445,0.5926,0.6385,0.4748,0.876,0.509,10739.7
gee_lee,-22.75,0.2548,0.5985,0.6475,0.4832,0.8705,0.5206,11053.1
gee_lee,-22.5,0.2653,0.6036,0.6553,0.4909,0.8643,0.5319,11375.1
gee_lee,-22.25,0.2762,0.6082,0.6629,0.4984,0.8573,0.5435,11719.2
gee_lee,-22.0,0.2869,0.612,0.67,0.5054,0.8493,0.5552,12084.0
gee_lee,-21.75,0.2975,0.6155,0.6767,0.5121,0.8403,0.5673,12477.4
gee_lee,-21.5,0.3078,0.6179,0.6831,0.5181,0.8298,0.5797,12912.2
gee_lee,-21.25,0.3176,0.6199,0.6889,0.5233,0.8177,0.5925,13391.3
gee_lee,-21.0,0.3268,0.6209,0.6939,0.5277,0.804,0.6056,13923.3
gee_lee,-20.75,0.3351,0.6211,0.6985,0.5312,0.7887,0.6194,14516.9
gee_lee,-20.5,0.3423,0.6205,0.7023,0.5336,0.7717,0.6337,15178.4
gee_lee,-20.25,0.3481,0.619,0.705,0.5347,0.7531,0.6484,15915.3
gee_lee,-20.0,0.3522,0.6164,0.7069,0.5344,0.7328,0.6637,16741.4
gee_lee,-19.75,0.3546,0.6123,0.7073,0.5322,0.7107,0.6794,17670.4
gee_lee,-19.5,0.3548,0.6067,0.7063,0.5282,0.6871,0.6955,18707.9
gee_lee,-19.25,0.3532,0.5992,0.7039,0.5224,0.6623,0.7119,19867.5
gee_lee,-19.0,0.3493,0.5903,0.6997,0.5145,0.6365,0.7286,21159.1
gee_lee,-18.75,0.3435,0.5794,0.6935,0.5046,0.6096,0.7454,22602.6
gee_lee,-18.5,0.3358,0.5664,0.6856,0.4927,0.5821,0.7622,24201.8
gee_lee,-18.25,0.3266,0.5515,0.6753,0.479,0.5542,0.7791,25983.4
gee_lee,-18.0,0.3159,0.5346,0.6635,0.4636,0.5261,0.7959,27961.1
gee_lee,-17.75,0.3039,0.5161,0.6497,0.4467,0.4982,0.8123,30136.8
gee_lee,-17.5,0.291,0.4968,0.6342,0.4289,0.4707,0.8284,32526.7
gee_lee,-17.25,0.2777,0.4764,0.6167,0.4103,0.444,0.8439,35133.9
gee_lee,-17.0,0.2639,0.4555,0.5977,0.3911,0.418,0.8589,37982.6
gee_lee,-16.75,0.25,0.4343,0.5771,0.3716,0.3929,0.873,41070.8
gee_lee,-16.5,0.2362,0.4129,0.5554,0.3522,0.3688,0.8864,44426.4
gee_lee,-16.25,0.2227,0.3912,0.5327,0.3329,0.3458,0.8992,48066.5
gee_lee,-16.0,0.2095,0.3699,0.5092,0.3139,0.3238,0.911,51993.7
gee_lee,-15.75,0.1968,0.349,0.4852,0.2955,0.3031,0.9219,56212.4
gee_lee,-15.5,0.1849,0.3284,0.461,0.2779,0.2836,0.932,60731.3
gee_lee,-15.25,0.1734,0.3086,0.4367,0.261,0.2653,0.9409,65551.3
gee_lee,-15.0,0.1628,0.2893,0.413,0.245,0.2483,0.9491,70665.9
gee_lee,-14.75,0.1531,0.2713,0.3898,0.2301,0.2325,0.9565,76033.7
gee_lee,-14.5,0.1441,0.2545,0.3677,0.2163,0.2181,0.9629,81612.6
gee_lee,-14.25,0.136,0.2391,0.3469,0.2037,0.205,0.9686,87320.2
gee_lee,-14.0,0.1287,0.2254,0.3278,0.1924,0.1934,0.9736,93046.5
gee_lee,-13.75,0.1223,0.2133,0.3106,0.1824,0.1832,0.9778,98675.9
gee_lee,-13.5,0.1167,0.2027,0.2953,0.1737,0.1743,0.9815,104111.0
gee_lee,-13.25,0.1119,0.1937,0.282,0.1662,0.1666,0.9845,109237.7
gee_lee,-13.0,0.1078,0.186,0.2705,0.1597,0.1601,0.987,113978.9
gee_lee,-12.75,0.1044,0.1796,0.2608,0.1543,0.1546,0.9891,118266.7
gee_lee,-12.5,0.1015,0.1742,0.2525,0.1498,0.15,0.9908,122080.3
gee_lee,-12.25,0.0991,0.1698,0.2457,0.1461,0.1462,0.9921,125415.4
gee_lee,-12.0,0.0971,0.1662,0.24,0.143,0.1431,0.9932,128268.8
gee_lee,-11.75,0.0955,0.1632,0.2353,0.1405,0.1406,0.994,130683.9
gee_lee,-11.5,0.0942,0.1608,0.2316,0.1384,0.1385,0.9946,132705.5
gee_lee,-11.25,0.0932,0.1588,0.2285,0.1368,0.1369,0.9951,134386.0
gee_lee,-11.0,0.0923,0.1572,0.226,0.1354,0.1355,0.9955,135775.2
gee_lee,-10.75,0.0917,0.1558,0.224,0.1343,0.1344,0.9957,136914.1
gee_lee,-10.5,0.0911,0.1547,0.2224,0.1335,0.1335,0.9959,137852.2
gee_lee,-10.25,0.0907,0.1538,0.221,0.1327,0.1328,0.9961,138633.6
gee_lee,-10.0,0.0903,0.153,0.2199,0.1321,0.1322,0.9962,139276.8
gee_raw,-28.0,0.1015,0.3101,0.3012,0.2256,0.8834,0.2325,4865.4
gee_raw,-27.75,0.1078,0.3253,0.3162,0.2373,0.8811,0.2451,5142.4
gee_raw,-27.5,0.1144,0.3403,0.3322,0.2494,0.8785,0.2583,5433.5
gee_raw,-27.25,0.1215,0.356,0.3486,0.2619,0.8759,0.272,5739.2
gee_raw,-27.0,0.1289,0.3717,0.365,0.2746,0.8729,0.286,6056.6
gee_raw,-26.75,0.137,0.3877,0.3824,0.2879,0.8698,0.3009,6394.3
gee_raw,-26.5,0.1453,0.4037,0.3995,0.3013,0.8662,0.3159,6741.5
gee_raw,-26.25,0.1541,0.4195,0.4173,0.3149,0.8626,0.3315,7103.5
gee_raw,-26.0,0.1632,0.4355,0.4349,0.3287,0.8586,0.3475,7480.6
gee_raw,-25.75,0.1728,0.451,0.4524,0.3424,0.8541,0.3637,7870.5
gee_raw,-25.5,0.1825,0.4661,0.4702,0.3562,0.8492,0.3802,8275.4
gee_raw,-25.25,0.1926,0.4807,0.4881,0.37,0.844,0.3971,8696.9
gee_raw,-25.0,0.2029,0.4952,0.5053,0.3835,0.8384,0.4141,9129.7
gee_raw,-24.75,0.2137,0.5086,0.5224,0.3968,0.8322,0.4313,9579.7
gee_raw,-24.5,0.2243,0.5211,0.5392,0.4097,0.8255,0.4486,10044.3
gee_raw,-24.25,0.2348,0.5328,0.5553,0.4221,0.8182,0.4658,10522.5
gee_raw,-24.0,0.2452,0.5434,0.5702,0.4336,0.8101,0.4827,11012.9
gee_raw,-23.75,0.2554,0.5532,0.5847,0.4446,0.8013,0.4997,11526.2
gee_raw,-23.5,0.2653,0.5621,0.5981,0.4548,0.7919,0.5165,12055.2
gee_raw,-23.25,0.2748,0.5697,0.6106,0.4641,0.7818,0.5332,12605.1
gee_raw,-23.0,0.2839,0.5763,0.6216,0.4723,0.7708,0.5495,13177.8
gee_raw,-22.75,0.2921,0.5818,0.6316,0.4795,0.7588,0.5658,13781.8
gee_raw,-22.5,0.2999,0.5856,0.6404,0.4856,0.7461,0.5818,14412.6
gee_raw,-22.25,0.3063,0.5881,0.6481,0.4902,0.7322,0.5973,15077.3
gee_raw,-22.0,0.3119,0.5893,0.6542,0.4936,0.7175,0.6127,15782.4
gee_raw,-21.75,0.3164,0.5889,0.6592,0.4957,0.702,0.6278,16529.6
gee_raw,-21.5,0.3195,0.5875,0.6628,0.4963,0.6856,0.6425,17321.7
gee_raw,-21.25,0.3214,0.5846,0.665,0.4955,0.6684,0.6571,18170.8
gee_raw,-21.0,0.322,0.5808,0.6657,0.4933,0.6503,0.6714,19082.0
gee_raw,-20.75,0.3214,0.5748,0.6653,0.4897,0.6314,0.6856,20069.8
gee_raw,-20.5,0.3195,0.5679,0.6633,0.4846,0.612,0.6995,21128.9
gee_raw,-20.25,0.316,0.5594,0.6598,0.4779,0.5916,0.713,22276.3
gee_raw,-20.0,0.3121,0.5499,0.6549,0.4703,0.5713,0.7268,23514.1
gee_raw,-19.75,0.3068,0.5392,0.6488,0.4614,0.5505,0.7404,24860.6
gee_raw,-19.5,0.3006,0.5271,0.6412,0.4513,0.5294,0.7538,26319.4
gee_raw,-19.25,0.2934,0.5144,0.6322,0.4402,0.5082,0.7669,27892.6
gee_raw,-19.0,0.2855,0.5004,0.6218,0.4282,0.4871,0.7798,29593.0
gee_raw,-18.75,0.2772,0.4857,0.6104,0.4156,0.4662,0.7928,31432.0
gee_raw,-18.5,0.2683,0.4702,0.5976,0.4022,0.4455,0.8056,33423.8
gee_raw,-18.25,0.259,0.4543,0.5838,0.3884,0.4251,0.818,35564.9
gee_raw,-18.0,0.2494,0.4379,0.5691,0.3742,0.4052,0.8302,37871.7
gee_raw,-17.75,0.2397,0.4213,0.5538,0.3599,0.3859,0.8422,40340.1
gee_raw,-17.5,0.23,0.4047,0.5375,0.3454,0.3672,0.8537,42975.2
gee_raw,-17.25,0.2204,0.388,0.5208,0.3311,0.3492,0.8649,45779.8
gee_raw,-17.0,0.211,0.3714,0.5035,0.317,0.3319,0.8756,48760.1
gee_raw,-16.75,0.2018,0.3553,0.486,0.3031,0.3154,0.8859,51909.5
gee_raw,-16.5,0.1928,0.3395,0.4684,0.2897,0.2998,0.8958,55231.0
gee_raw,-16.25,0.1842,0.3242,0.4508,0.2767,0.2849,0.9052,58728.1
gee_raw,-16.0,0.176,0.3097,0.4334,0.2642,0.2709,0.9142,62372.4
gee_raw,-15.75,0.1682,0.2956,0.4163,0.2523,0.2577,0.9226,66162.2
gee_raw,-15.5,0.1608,0.2823,0.3998,0.241,0.2454,0.9304,70075.0
gee_raw,-15.25,0.1538,0.2697,0.3838,0.2303,0.2339,0.9377,74115.7
gee_raw,-15.0,0.1472,0.2578,0.3684,0.2202,0.2231,0.9445,78244.1
gee_raw,-14.75,0.1411,0.2468,0.3537,0.2109,0.2132,0.9508,82435.6
gee_raw,-14.5,0.1354,0.2363,0.3399,0.2021,0.204,0.9566,86664.8
gee_raw,-14.25,0.1302,0.2268,0.3268,0.1941,0.1956,0.9618,90886.7
gee_raw,-14.0,0.1254,0.2179,0.3147,0.1867,0.1879,0.9666,95090.1
gee_raw,-13.75,0.1209,0.2098,0.3034,0.1799,0.1809,0.9709,99227.1
gee_raw,-13.5,0.117,0.2025,0.293,0.1737,0.1745,0.9747,103253.2
gee_raw,-13.25,0.1133,0.1958,0.2834,0.1681,0.1687,0.9781,107154.5
gee_raw,-13.0,0.1101,0.1898,0.2747,0.163,0.1635,0.981,110894.5
gee_raw,-12.75,0.1071,0.1844,0.2669,0.1584,0.1589,0.9836,114432.8
gee_raw,-12.5,0.1045,0.1795,0.2598,0.1544,0.1547,0.9859,117765.1
gee_raw,-12.25,0.1022,0.1753,0.2534,0.1508,0.1511,0.9879,120854.7
gee_raw,-12.0,0.1002,0.1715,0.2478,0.1476,0.1479,0.9895,123692.3
gee_raw,-11.75,0.0984,0.1682,0.2429,0.1449,0.1451,0.9909,126262.3
gee_raw,-11.5,0.0969,0.1653,0.2385,0.1424,0.1426,0.9921,128595.2
gee_raw,-11.25,0.0955,0.1628,0.2348,0.1403,0.1405,0.993,130658.1
gee_raw,-11.0,0.0944,0.1607,0.2315,0.1385,0.1387,0.9938,132474.3
gee_raw,-10.75,0.0934,0.1589,0.2287,0.137,0.1371,0.9945,134058.5
gee_raw,-10.5,0.0926,0.1573,0.2263,0.1357,0.1358,0.9949,135430.9
gee_raw,-10.25,0.0919,0.1559,0.2242,0.1346,0.1347,0.9953,136606.7
gee_raw,-10.0,0.0913,0.1548,0.2225,0.1337,0.1337,0.9956,137604.6
