composite,setting,chip,parcel_id,full_px,hectares,native_10m_px,best_iou,found,width_native_px,is_null,draw,objects,seconds
true,0.88/0.88,g0_0030.tif,150,96,0.3534,35.34,0.2815,0,4.247,0,0,80,66.67
true,0.88/0.88,g0_0030.tif,151,192,0.7068,70.68,0.4026,0,6.775,0,0,80,66.67
true,0.88/0.88,g0_0030.tif,152,24,0.0884,8.84,0.0,0,2.107,0,0,80,66.67
true,0.88/0.88,g0_0030.tif,153,32,0.1178,11.78,0.0115,0,2.107,0,0,80,66.67
true,0.88/0.88,g0_0030.tif,154,67,0.2466,24.66,0.0,0,3.768,0,0,80,66.67
true,0.88/0.88,g0_0030.tif,150,96,0.3534,35.34,0.0866,0,4.247,1,0,80,66.67
true,0.88/0.88,g0_0030.tif,151,192,0.7068,70.68,0.1085,0,6.775,1,0,80,66.67
true,0.88/0.88,g0_0030.tif,152,24,0.0884,8.84,0.018,0,2.107,1,0,80,66.67
true,0.88/0.88,g0_0030.tif,153,32,0.1178,11.78,0.024,0,2.107,1,0,80,66.67
true,0.88/0.88,g0_0030.tif,154,67,0.2466,24.66,0.0606,0,3.768,1,0,80,66.67
true,0.88/0.88,g0_0030.tif,150,96,0.3534,35.34,0.0718,0,4.247,1,1,80,66.67
true,0.88/0.88,g0_0030.tif,151,192,0.7068,70.68,0.1212,0,6.775,1,1,80,66.67
true,0.88/0.88,g0_0030.tif,152,24,0.0884,8.84,0.0125,0,2.107,1,1,80,66.67
true,0.88/0.88,g0_0030.tif,153,32,0.1178,11.78,0.0166,0,2.107,1,1,80,66.67
true,0.88/0.88,g0_0030.tif,154,67,0.2466,24.66,0.0729,0,3.768,1,1,80,66.67
true,0.88/0.88,g0_0030.tif,150,96,0.3534,35.34,0.483,0,4.247,1,2,80,66.67
true,0.88/0.88,g0_0030.tif,151,192,0.7068,70.68,0.2148,0,6.775,1,2,80,66.67
true,0.88/0.88,g0_0030.tif,152,24,0.0884,8.84,0.0434,0,2.107,1,2,80,66.67
true,0.88/0.88,g0_0030.tif,153,32,0.1178,11.78,0.0579,0,2.107,1,2,80,66.67
true,0.88/0.88,g0_0030.tif,154,67,0.2466,24.66,0.0469,0,3.768,1,2,80,66.67
true,0.80/0.88,g0_0030.tif,150,96,0.3534,35.34,0.2815,0,4.247,0,0,135,66.67
true,0.80/0.88,g0_0030.tif,151,192,0.7068,70.68,0.4026,0,6.775,0,0,135,66.67
true,0.80/0.88,g0_0030.tif,152,24,0.0884,8.84,0.0,0,2.107,0,0,135,66.67
true,0.80/0.88,g0_0030.tif,153,32,0.1178,11.78,0.0118,0,2.107,0,0,135,66.67
true,0.80/0.88,g0_0030.tif,154,67,0.2466,24.66,0.1,0,3.768,0,0,135,66.67
true,0.80/0.88,g0_0030.tif,150,96,0.3534,35.34,0.236,0,4.247,1,0,135,66.67
true,0.80/0.88,g0_0030.tif,151,192,0.7068,70.68,0.2289,0,6.775,1,0,135,66.67
true,0.80/0.88,g0_0030.tif,152,24,0.0884,8.84,0.0508,0,2.107,1,0,135,66.67
true,0.80/0.88,g0_0030.tif,153,32,0.1178,11.78,0.0678,0,2.107,1,0,135,66.67
true,0.80/0.88,g0_0030.tif,154,67,0.2466,24.66,0.1466,0,3.768,1,0,135,66.67
true,0.80/0.88,g0_0030.tif,150,96,0.3534,35.34,0.1414,0,4.247,1,1,135,66.67
true,0.80/0.88,g0_0030.tif,151,192,0.7068,70.68,0.2106,0,6.775,1,1,135,66.67
true,0.80/0.88,g0_0030.tif,152,24,0.0884,8.84,0.0206,0,2.107,1,1,135,66.67
true,0.80/0.88,g0_0030.tif,153,32,0.1178,11.78,0.03,0,2.107,1,1,135,66.67
true,0.80/0.88,g0_0030.tif,154,67,0.2466,24.66,0.0504,0,3.768,1,1,135,66.67
true,0.80/0.88,g0_0030.tif,150,96,0.3534,35.34,0.1633,0,4.247,1,2,135,66.67
true,0.80/0.88,g0_0030.tif,151,192,0.7068,70.68,0.2232,0,6.775,1,2,135,66.67
true,0.80/0.88,g0_0030.tif,152,24,0.0884,8.84,0.0251,0,2.107,1,2,135,66.67
true,0.80/0.88,g0_0030.tif,153,32,0.1178,11.78,0.035,0,2.107,1,2,135,66.67
true,0.80/0.88,g0_0030.tif,154,67,0.2466,24.66,0.0886,0,3.768,1,2,135,66.67
true,0.70/0.88,g0_0030.tif,150,96,0.3534,35.34,0.2815,0,4.247,0,0,159,66.67
true,0.70/0.88,g0_0030.tif,151,192,0.7068,70.68,0.4026,0,6.775,0,0,159,66.67
true,0.70/0.88,g0_0030.tif,152,24,0.0884,8.84,0.0,0,2.107,0,0,159,66.67
true,0.70/0.88,g0_0030.tif,153,32,0.1178,11.78,0.0119,0,2.107,0,0,159,66.67
true,0.70/0.88,g0_0030.tif,154,67,0.2466,24.66,0.1,0,3.768,0,0,159,66.67
true,0.70/0.88,g0_0030.tif,150,96,0.3534,35.34,0.1137,0,4.247,1,0,159,66.67
true,0.70/0.88,g0_0030.tif,151,192,0.7068,70.68,0.1973,0,6.775,1,0,159,66.67
true,0.70/0.88,g0_0030.tif,152,24,0.0884,8.84,0.0217,0,2.107,1,0,159,66.67
true,0.70/0.88,g0_0030.tif,153,32,0.1178,11.78,0.0348,0,2.107,1,0,159,66.67
true,0.70/0.88,g0_0030.tif,154,67,0.2466,24.66,0.0655,0,3.768,1,0,159,66.67
true,0.70/0.88,g0_0030.tif,150,96,0.3534,35.34,0.1003,0,4.247,1,1,159,66.67
true,0.70/0.88,g0_0030.tif,151,192,0.7068,70.68,0.4699,0,6.775,1,1,159,66.67
true,0.70/0.88,g0_0030.tif,152,24,0.0884,8.84,0.0297,0,2.107,1,1,159,66.67
true,0.70/0.88,g0_0030.tif,153,32,0.1178,11.78,0.0397,0,2.107,1,1,159,66.67
true,0.70/0.88,g0_0030.tif,154,67,0.2466,24.66,0.1206,0,3.768,1,1,159,66.67
true,0.70/0.88,g0_0030.tif,150,96,0.3534,35.34,0.1654,0,4.247,1,2,159,66.67
true,0.70/0.88,g0_0030.tif,151,192,0.7068,70.68,0.3618,0,6.775,1,2,159,66.67
true,0.70/0.88,g0_0030.tif,152,24,0.0884,8.84,0.0354,0,2.107,1,2,159,66.67
true,0.70/0.88,g0_0030.tif,153,32,0.1178,11.78,0.0472,0,2.107,1,2,159,66.67
true,0.70/0.88,g0_0030.tif,154,67,0.2466,24.66,0.0957,0,3.768,1,2,159,66.67
true,0.60/0.88,g0_0030.tif,150,96,0.3534,35.34,0.2815,0,4.247,0,0,167,66.67
true,0.60/0.88,g0_0030.tif,151,192,0.7068,70.68,0.4026,0,6.775,0,0,167,66.67
true,0.60/0.88,g0_0030.tif,152,24,0.0884,8.84,0.0,0,2.107,0,0,167,66.67
true,0.60/0.88,g0_0030.tif,153,32,0.1178,11.78,0.0119,0,2.107,0,0,167,66.67
true,0.60/0.88,g0_0030.tif,154,67,0.2466,24.66,0.1,0,3.768,0,0,167,66.67
true,0.60/0.88,g0_0030.tif,150,96,0.3534,35.34,0.1002,0,4.247,1,0,167,66.67
true,0.60/0.88,g0_0030.tif,151,192,0.7068,70.68,0.1429,0,6.775,1,0,167,66.67
true,0.60/0.88,g0_0030.tif,152,24,0.0884,8.84,0.0484,0,2.107,1,0,167,66.67
true,0.60/0.88,g0_0030.tif,153,32,0.1178,11.78,0.0706,0,2.107,1,0,167,66.67
true,0.60/0.88,g0_0030.tif,154,67,0.2466,24.66,0.0869,0,3.768,1,0,167,66.67
true,0.60/0.88,g0_0030.tif,150,96,0.3534,35.34,0.1373,0,4.247,1,1,167,66.67
true,0.60/0.88,g0_0030.tif,151,192,0.7068,70.68,0.167,0,6.775,1,1,167,66.67
true,0.60/0.88,g0_0030.tif,152,24,0.0884,8.84,0.0457,0,2.107,1,1,167,66.67
true,0.60/0.88,g0_0030.tif,153,32,0.1178,11.78,0.0476,0,2.107,1,1,167,66.67
true,0.60/0.88,g0_0030.tif,154,67,0.2466,24.66,0.1134,0,3.768,1,1,167,66.67
true,0.60/0.88,g0_0030.tif,150,96,0.3534,35.34,0.1374,0,4.247,1,2,167,66.67
true,0.60/0.88,g0_0030.tif,151,192,0.7068,70.68,0.1579,0,6.775,1,2,167,66.67
true,0.60/0.88,g0_0030.tif,152,24,0.0884,8.84,0.0215,0,2.107,1,2,167,66.67
true,0.60/0.88,g0_0030.tif,153,32,0.1178,11.78,0.0952,0,2.107,1,2,167,66.67
true,0.60/0.88,g0_0030.tif,154,67,0.2466,24.66,0.1488,0,3.768,1,2,167,66.67
true,0.50/0.88,g0_0030.tif,150,96,0.3534,35.34,0.2815,0,4.247,0,0,171,66.67
true,0.50/0.88,g0_0030.tif,151,192,0.7068,70.68,0.4026,0,6.775,0,0,171,66.67
true,0.50/0.88,g0_0030.tif,152,24,0.0884,8.84,0.0,0,2.107,0,0,171,66.67
true,0.50/0.88,g0_0030.tif,153,32,0.1178,11.78,0.0119,0,2.107,0,0,171,66.67
true,0.50/0.88,g0_0030.tif,154,67,0.2466,24.66,0.1,0,3.768,0,0,171,66.67
true,0.50/0.88,g0_0030.tif,150,96,0.3534,35.34,0.2674,0,4.247,1,0,171,66.67
true,0.50/0.88,g0_0030.tif,151,192,0.7068,70.68,0.3787,0,6.775,1,0,171,66.67
true,0.50/0.88,g0_0030.tif,152,24,0.0884,8.84,0.069,0,2.107,1,0,171,66.67
true,0.50/0.88,g0_0030.tif,153,32,0.1178,11.78,0.1658,0,2.107,1,0,171,66.67
true,0.50/0.88,g0_0030.tif,154,67,0.2466,24.66,0.0638,0,3.768,1,0,171,66.67
true,0.50/0.88,g0_0030.tif,150,96,0.3534,35.34,0.0453,0,4.247,1,1,171,66.67
true,0.50/0.88,g0_0030.tif,151,192,0.7068,70.68,0.3002,0,6.775,1,1,171,66.67
true,0.50/0.88,g0_0030.tif,152,24,0.0884,8.84,0.083,0,2.107,1,1,171,66.67
true,0.50/0.88,g0_0030.tif,153,32,0.1178,11.78,0.1107,0,2.107,1,1,171,66.67
true,0.50/0.88,g0_0030.tif,154,67,0.2466,24.66,0.0671,0,3.768,1,1,171,66.67
true,0.50/0.88,g0_0030.tif,150,96,0.3534,35.34,0.0638,0,4.247,1,2,171,66.67
true,0.50/0.88,g0_0030.tif,151,192,0.7068,70.68,0.1437,0,6.775,1,2,171,66.67
true,0.50/0.88,g0_0030.tif,152,24,0.0884,8.84,0.0446,0,2.107,1,2,171,66.67
true,0.50/0.88,g0_0030.tif,153,32,0.1178,11.78,0.0595,0,2.107,1,2,171,66.67
true,0.50/0.88,g0_0030.tif,154,67,0.2466,24.66,0.073,0,3.768,1,2,171,66.67
false,0.88/0.88,g0_0030.tif,150,96,0.3534,35.34,0.0,0,4.247,0,0,123,66.29
false,0.88/0.88,g0_0030.tif,151,192,0.7068,70.68,0.0,0,6.775,0,0,123,66.29
false,0.88/0.88,g0_0030.tif,152,24,0.0884,8.84,0.0,0,2.107,0,0,123,66.29
false,0.88/0.88,g0_0030.tif,153,32,0.1178,11.78,0.0131,0,2.107,0,0,123,66.29
false,0.88/0.88,g0_0030.tif,154,67,0.2466,24.66,0.0,0,3.768,0,0,123,66.29
false,0.88/0.88,g0_0030.tif,150,96,0.3534,35.34,0.1259,0,4.247,1,0,123,66.29
false,0.88/0.88,g0_0030.tif,151,192,0.7068,70.68,0.2684,0,6.775,1,0,123,66.29
false,0.88/0.88,g0_0030.tif,152,24,0.0884,8.84,0.0528,0,2.107,1,0,123,66.29
false,0.88/0.88,g0_0030.tif,153,32,0.1178,11.78,0.0736,0,2.107,1,0,123,66.29
false,0.88/0.88,g0_0030.tif,154,67,0.2466,24.66,0.0744,0,3.768,1,0,123,66.29
false,0.88/0.88,g0_0030.tif,150,96,0.3534,35.34,0.1536,0,4.247,1,1,123,66.29
false,0.88/0.88,g0_0030.tif,151,192,0.7068,70.68,0.1443,0,6.775,1,1,123,66.29
false,0.88/0.88,g0_0030.tif,152,24,0.0884,8.84,0.0246,0,2.107,1,1,123,66.29
false,0.88/0.88,g0_0030.tif,153,32,0.1178,11.78,0.0328,0,2.107,1,1,123,66.29
false,0.88/0.88,g0_0030.tif,154,67,0.2466,24.66,0.0714,0,3.768,1,1,123,66.29
false,0.88/0.88,g0_0030.tif,150,96,0.3534,35.34,0.0785,0,4.247,1,2,123,66.29
false,0.88/0.88,g0_0030.tif,151,192,0.7068,70.68,0.2032,0,6.775,1,2,123,66.29
false,0.88/0.88,g0_0030.tif,152,24,0.0884,8.84,0.0663,0,2.107,1,2,123,66.29
false,0.88/0.88,g0_0030.tif,153,32,0.1178,11.78,0.0479,0,2.107,1,2,123,66.29
false,0.88/0.88,g0_0030.tif,154,67,0.2466,24.66,0.1014,0,3.768,1,2,123,66.29
false,0.80/0.88,g0_0030.tif,150,96,0.3534,35.34,0.0226,0,4.247,0,0,201,66.29
false,0.80/0.88,g0_0030.tif,151,192,0.7068,70.68,0.0,0,6.775,0,0,201,66.29
false,0.80/0.88,g0_0030.tif,152,24,0.0884,8.84,0.0,0,2.107,0,0,201,66.29
false,0.80/0.88,g0_0030.tif,153,32,0.1178,11.78,0.0131,0,2.107,0,0,201,66.29
false,0.80/0.88,g0_0030.tif,154,67,0.2466,24.66,0.0,0,3.768,0,0,201,66.29
false,0.80/0.88,g0_0030.tif,150,96,0.3534,35.34,0.128,0,4.247,1,0,201,66.29
false,0.80/0.88,g0_0030.tif,151,192,0.7068,70.68,0.2531,0,6.775,1,0,201,66.29
false,0.80/0.88,g0_0030.tif,152,24,0.0884,8.84,0.0249,0,2.107,1,0,201,66.29
false,0.80/0.88,g0_0030.tif,153,32,0.1178,11.78,0.0347,0,2.107,1,0,201,66.29
false,0.80/0.88,g0_0030.tif,154,67,0.2466,24.66,0.1225,0,3.768,1,0,201,66.29
false,0.80/0.88,g0_0030.tif,150,96,0.3534,35.34,0.0802,0,4.247,1,1,201,66.29
false,0.80/0.88,g0_0030.tif,151,192,0.7068,70.68,0.2875,0,6.775,1,1,201,66.29
false,0.80/0.88,g0_0030.tif,152,24,0.0884,8.84,0.037,0,2.107,1,1,201,66.29
false,0.80/0.88,g0_0030.tif,153,32,0.1178,11.78,0.0363,0,2.107,1,1,201,66.29
false,0.80/0.88,g0_0030.tif,154,67,0.2466,24.66,0.1763,0,3.768,1,1,201,66.29
false,0.80/0.88,g0_0030.tif,150,96,0.3534,35.34,0.2663,0,4.247,1,2,201,66.29
false,0.80/0.88,g0_0030.tif,151,192,0.7068,70.68,0.1582,0,6.775,1,2,201,66.29
false,0.80/0.88,g0_0030.tif,152,24,0.0884,8.84,0.0431,0,2.107,1,2,201,66.29
false,0.80/0.88,g0_0030.tif,153,32,0.1178,11.78,0.0618,0,2.107,1,2,201,66.29
false,0.80/0.88,g0_0030.tif,154,67,0.2466,24.66,0.0714,0,3.768,1,2,201,66.29
false,0.70/0.88,g0_0030.tif,150,96,0.3534,35.34,0.3049,0,4.247,0,0,249,66.29
false,0.70/0.88,g0_0030.tif,151,192,0.7068,70.68,0.3722,0,6.775,0,0,249,66.29
false,0.70/0.88,g0_0030.tif,152,24,0.0884,8.84,0.1043,0,2.107,0,0,249,66.29
false,0.70/0.88,g0_0030.tif,153,32,0.1178,11.78,0.0478,0,2.107,0,0,249,66.29
false,0.70/0.88,g0_0030.tif,154,67,0.2466,24.66,0.0,0,3.768,0,0,249,66.29
false,0.70/0.88,g0_0030.tif,150,96,0.3534,35.34,0.1308,0,4.247,1,0,249,66.29
false,0.70/0.88,g0_0030.tif,151,192,0.7068,70.68,0.3253,0,6.775,1,0,249,66.29
false,0.70/0.88,g0_0030.tif,152,24,0.0884,8.84,0.0497,0,2.107,1,0,249,66.29
false,0.70/0.88,g0_0030.tif,153,32,0.1178,11.78,0.0849,0,2.107,1,0,249,66.29
false,0.70/0.88,g0_0030.tif,154,67,0.2466,24.66,0.1373,0,3.768,1,0,249,66.29
false,0.70/0.88,g0_0030.tif,150,96,0.3534,35.34,0.2114,0,4.247,1,1,249,66.29
false,0.70/0.88,g0_0030.tif,151,192,0.7068,70.68,0.2468,0,6.775,1,1,249,66.29
false,0.70/0.88,g0_0030.tif,152,24,0.0884,8.84,0.0333,0,2.107,1,1,249,66.29
false,0.70/0.88,g0_0030.tif,153,32,0.1178,11.78,0.0517,0,2.107,1,1,249,66.29
false,0.70/0.88,g0_0030.tif,154,67,0.2466,24.66,0.1229,0,3.768,1,1,249,66.29
false,0.70/0.88,g0_0030.tif,150,96,0.3534,35.34,0.1485,0,4.247,1,2,249,66.29
false,0.70/0.88,g0_0030.tif,151,192,0.7068,70.68,0.1628,0,6.775,1,2,249,66.29
false,0.70/0.88,g0_0030.tif,152,24,0.0884,8.84,0.0519,0,2.107,1,2,249,66.29
false,0.70/0.88,g0_0030.tif,153,32,0.1178,11.78,0.0693,0,2.107,1,2,249,66.29
false,0.70/0.88,g0_0030.tif,154,67,0.2466,24.66,0.1362,0,3.768,1,2,249,66.29
false,0.60/0.88,g0_0030.tif,150,96,0.3534,35.34,0.3049,0,4.247,0,0,256,66.29
false,0.60/0.88,g0_0030.tif,151,192,0.7068,70.68,0.3722,0,6.775,0,0,256,66.29
false,0.60/0.88,g0_0030.tif,152,24,0.0884,8.84,0.1043,0,2.107,0,0,256,66.29
false,0.60/0.88,g0_0030.tif,153,32,0.1178,11.78,0.0478,0,2.107,0,0,256,66.29
false,0.60/0.88,g0_0030.tif,154,67,0.2466,24.66,0.0,0,3.768,0,0,256,66.29
false,0.60/0.88,g0_0030.tif,150,96,0.3534,35.34,0.2,0,4.247,1,0,256,66.29
false,0.60/0.88,g0_0030.tif,151,192,0.7068,70.68,0.1906,0,6.775,1,0,256,66.29
false,0.60/0.88,g0_0030.tif,152,24,0.0884,8.84,0.0723,0,2.107,1,0,256,66.29
false,0.60/0.88,g0_0030.tif,153,32,0.1178,11.78,0.1009,0,2.107,1,0,256,66.29
false,0.60/0.88,g0_0030.tif,154,67,0.2466,24.66,0.2965,0,3.768,1,0,256,66.29
false,0.60/0.88,g0_0030.tif,150,96,0.3534,35.34,0.1905,0,4.247,1,1,256,66.29
false,0.60/0.88,g0_0030.tif,151,192,0.7068,70.68,0.1717,0,6.775,1,1,256,66.29
false,0.60/0.88,g0_0030.tif,152,24,0.0884,8.84,0.15,0,2.107,1,1,256,66.29
false,0.60/0.88,g0_0030.tif,153,32,0.1178,11.78,0.1885,0,2.107,1,1,256,66.29
false,0.60/0.88,g0_0030.tif,154,67,0.2466,24.66,0.0709,0,3.768,1,1,256,66.29
false,0.60/0.88,g0_0030.tif,150,96,0.3534,35.34,0.1191,0,4.247,1,2,256,66.29
false,0.60/0.88,g0_0030.tif,151,192,0.7068,70.68,0.2649,0,6.775,1,2,256,66.29
false,0.60/0.88,g0_0030.tif,152,24,0.0884,8.84,0.0704,0,2.107,1,2,256,66.29
false,0.60/0.88,g0_0030.tif,153,32,0.1178,11.78,0.0938,0,2.107,1,2,256,66.29
false,0.60/0.88,g0_0030.tif,154,67,0.2466,24.66,0.1896,0,3.768,1,2,256,66.29
false,0.50/0.88,g0_0030.tif,150,96,0.3534,35.34,0.3049,0,4.247,0,0,259,66.29
false,0.50/0.88,g0_0030.tif,151,192,0.7068,70.68,0.3722,0,6.775,0,0,259,66.29
false,0.50/0.88,g0_0030.tif,152,24,0.0884,8.84,0.1043,0,2.107,0,0,259,66.29
false,0.50/0.88,g0_0030.tif,153,32,0.1178,11.78,0.0478,0,2.107,0,0,259,66.29
false,0.50/0.88,g0_0030.tif,154,67,0.2466,24.66,0.0,0,3.768,0,0,259,66.29
false,0.50/0.88,g0_0030.tif,150,96,0.3534,35.34,0.2128,0,4.247,1,0,259,66.29
false,0.50/0.88,g0_0030.tif,151,192,0.7068,70.68,0.2397,0,6.775,1,0,259,66.29
false,0.50/0.88,g0_0030.tif,152,24,0.0884,8.84,0.0889,0,2.107,1,0,259,66.29
false,0.50/0.88,g0_0030.tif,153,32,0.1178,11.78,0.1185,0,2.107,1,0,259,66.29
false,0.50/0.88,g0_0030.tif,154,67,0.2466,24.66,0.0635,0,3.768,1,0,259,66.29
false,0.50/0.88,g0_0030.tif,150,96,0.3534,35.34,0.199,0,4.247,1,1,259,66.29
false,0.50/0.88,g0_0030.tif,151,192,0.7068,70.68,0.2175,0,6.775,1,1,259,66.29
false,0.50/0.88,g0_0030.tif,152,24,0.0884,8.84,0.0885,0,2.107,1,1,259,66.29
false,0.50/0.88,g0_0030.tif,153,32,0.1178,11.78,0.2667,0,2.107,1,1,259,66.29
false,0.50/0.88,g0_0030.tif,154,67,0.2466,24.66,0.4386,0,3.768,1,1,259,66.29
false,0.50/0.88,g0_0030.tif,150,96,0.3534,35.34,0.1004,0,4.247,1,2,259,66.29
false,0.50/0.88,g0_0030.tif,151,192,0.7068,70.68,0.1626,0,6.775,1,2,259,66.29
false,0.50/0.88,g0_0030.tif,152,24,0.0884,8.84,0.2222,0,2.107,1,2,259,66.29
false,0.50/0.88,g0_0030.tif,153,32,0.1178,11.78,0.0971,0,2.107,1,2,259,66.29
false,0.50/0.88,g0_0030.tif,154,67,0.2466,24.66,0.2639,0,3.768,1,2,259,66.29
true,0.88/0.88,g0_0073.tif,365,44,0.162,16.2,0.0144,0,3.034,0,0,125,65.06
true,0.88/0.88,g0_0073.tif,366,37,0.1362,13.62,0.0101,0,3.034,0,0,125,65.06
true,0.88/0.88,g0_0073.tif,367,81,0.2982,29.82,0.2555,0,3.231,0,0,125,65.06
true,0.88/0.88,g0_0073.tif,368,56,0.2062,20.62,0.2083,0,3.034,0,0,125,65.06
true,0.88/0.88,g0_0073.tif,369,64,0.2356,23.56,0.234,0,3.034,0,0,125,65.06
true,0.88/0.88,g0_0073.tif,365,44,0.162,16.2,0.0238,0,3.034,1,0,125,65.06
true,0.88/0.88,g0_0073.tif,366,37,0.1362,13.62,0.038,0,3.034,1,0,125,65.06
true,0.88/0.88,g0_0073.tif,367,81,0.2982,29.82,0.1068,0,3.231,1,0,125,65.06
true,0.88/0.88,g0_0073.tif,368,56,0.2062,20.62,0.0855,0,3.034,1,0,125,65.06
true,0.88/0.88,g0_0073.tif,369,64,0.2356,23.56,0.0977,0,3.034,1,0,125,65.06
true,0.88/0.88,g0_0073.tif,365,44,0.162,16.2,0.1054,0,3.034,1,1,125,65.06
true,0.88/0.88,g0_0073.tif,366,37,0.1362,13.62,0.0909,0,3.034,1,1,125,65.06
true,0.88/0.88,g0_0073.tif,367,81,0.2982,29.82,0.199,0,3.231,1,1,125,65.06
true,0.88/0.88,g0_0073.tif,368,56,0.2062,20.62,0.1376,0,3.034,1,1,125,65.06
true,0.88/0.88,g0_0073.tif,369,64,0.2356,23.56,0.1214,0,3.034,1,1,125,65.06
true,0.88/0.88,g0_0073.tif,365,44,0.162,16.2,0.0909,0,3.034,1,2,125,65.06
true,0.88/0.88,g0_0073.tif,366,37,0.1362,13.62,0.068,0,3.034,1,2,125,65.06
true,0.88/0.88,g0_0073.tif,367,81,0.2982,29.82,0.0995,0,3.231,1,2,125,65.06
true,0.88/0.88,g0_0073.tif,368,56,0.2062,20.62,0.0813,0,3.034,1,2,125,65.06
true,0.88/0.88,g0_0073.tif,369,64,0.2356,23.56,0.1217,0,3.034,1,2,125,65.06
true,0.80/0.88,g0_0073.tif,365,44,0.162,16.2,0.05,0,3.034,0,0,192,65.06
true,0.80/0.88,g0_0073.tif,366,37,0.1362,13.62,0.0107,0,3.034,0,0,192,65.06
true,0.80/0.88,g0_0073.tif,367,81,0.2982,29.82,0.2724,0,3.231,0,0,192,65.06
true,0.80/0.88,g0_0073.tif,368,56,0.2062,20.62,0.2227,0,3.034,0,0,192,65.06
true,0.80/0.88,g0_0073.tif,369,64,0.2356,23.56,0.25,0,3.034,0,0,192,65.06
true,0.80/0.88,g0_0073.tif,365,44,0.162,16.2,0.0882,0,3.034,1,0,192,65.06
true,0.80/0.88,g0_0073.tif,366,37,0.1362,13.62,0.3365,0,3.034,1,0,192,65.06
true,0.80/0.88,g0_0073.tif,367,81,0.2982,29.82,0.0639,0,3.231,1,0,192,65.06
true,0.80/0.88,g0_0073.tif,368,56,0.2062,20.62,0.0998,0,3.034,1,0,192,65.06
true,0.80/0.88,g0_0073.tif,369,64,0.2356,23.56,0.1281,0,3.034,1,0,192,65.06
true,0.80/0.88,g0_0073.tif,365,44,0.162,16.2,0.0936,0,3.034,1,1,192,65.06
true,0.80/0.88,g0_0073.tif,366,37,0.1362,13.62,0.0806,0,3.034,1,1,192,65.06
true,0.80/0.88,g0_0073.tif,367,81,0.2982,29.82,0.0823,0,3.231,1,1,192,65.06
true,0.80/0.88,g0_0073.tif,368,56,0.2062,20.62,0.1019,0,3.034,1,1,192,65.06
true,0.80/0.88,g0_0073.tif,369,64,0.2356,23.56,0.1238,0,3.034,1,1,192,65.06
true,0.80/0.88,g0_0073.tif,365,44,0.162,16.2,0.0553,0,3.034,1,2,192,65.06
true,0.80/0.88,g0_0073.tif,366,37,0.1362,13.62,0.092,0,3.034,1,2,192,65.06
true,0.80/0.88,g0_0073.tif,367,81,0.2982,29.82,0.2287,0,3.231,1,2,192,65.06
true,0.80/0.88,g0_0073.tif,368,56,0.2062,20.62,0.1587,0,3.034,1,2,192,65.06
true,0.80/0.88,g0_0073.tif,369,64,0.2356,23.56,0.1804,0,3.034,1,2,192,65.06
true,0.70/0.88,g0_0073.tif,365,44,0.162,16.2,0.4615,0,3.034,0,0,218,65.06
true,0.70/0.88,g0_0073.tif,366,37,0.1362,13.62,0.321,0,3.034,0,0,218,65.06
true,0.70/0.88,g0_0073.tif,367,81,0.2982,29.82,0.2734,0,3.231,0,0,218,65.06
true,0.70/0.88,g0_0073.tif,368,56,0.2062,20.62,0.2236,0,3.034,0,0,218,65.06
true,0.70/0.88,g0_0073.tif,369,64,0.2356,23.56,0.251,0,3.034,0,0,218,65.06
true,0.70/0.88,g0_0073.tif,365,44,0.162,16.2,0.0881,0,3.034,1,0,218,65.06
true,0.70/0.88,g0_0073.tif,366,37,0.1362,13.62,0.0652,0,3.034,1,0,218,65.06
true,0.70/0.88,g0_0073.tif,367,81,0.2982,29.82,0.1247,0,3.231,1,0,218,65.06
true,0.70/0.88,g0_0073.tif,368,56,0.2062,20.62,0.0909,0,3.034,1,0,218,65.06
true,0.70/0.88,g0_0073.tif,369,64,0.2356,23.56,0.0512,0,3.034,1,0,218,65.06
true,0.70/0.88,g0_0073.tif,365,44,0.162,16.2,0.0558,0,3.034,1,1,218,65.06
true,0.70/0.88,g0_0073.tif,366,37,0.1362,13.62,0.0826,0,3.034,1,1,218,65.06
true,0.70/0.88,g0_0073.tif,367,81,0.2982,29.82,0.1782,0,3.231,1,1,218,65.06
true,0.70/0.88,g0_0073.tif,368,56,0.2062,20.62,0.115,0,3.034,1,1,218,65.06
true,0.70/0.88,g0_0073.tif,369,64,0.2356,23.56,0.1535,0,3.034,1,1,218,65.06
true,0.70/0.88,g0_0073.tif,365,44,0.162,16.2,0.1119,0,3.034,1,2,218,65.06
true,0.70/0.88,g0_0073.tif,366,37,0.1362,13.62,0.0858,0,3.034,1,2,218,65.06
true,0.70/0.88,g0_0073.tif,367,81,0.2982,29.82,0.2066,0,3.231,1,2,218,65.06
true,0.70/0.88,g0_0073.tif,368,56,0.2062,20.62,0.1485,0,3.034,1,2,218,65.06
true,0.70/0.88,g0_0073.tif,369,64,0.2356,23.56,0.2192,0,3.034,1,2,218,65.06
true,0.60/0.88,g0_0073.tif,365,44,0.162,16.2,0.4615,0,3.034,0,0,227,65.06
true,0.60/0.88,g0_0073.tif,366,37,0.1362,13.62,0.321,0,3.034,0,0,227,65.06
true,0.60/0.88,g0_0073.tif,367,81,0.2982,29.82,0.2734,0,3.231,0,0,227,65.06
true,0.60/0.88,g0_0073.tif,368,56,0.2062,20.62,0.2236,0,3.034,0,0,227,65.06
true,0.60/0.88,g0_0073.tif,369,64,0.2356,23.56,0.251,0,3.034,0,0,227,65.06
true,0.60/0.88,g0_0073.tif,365,44,0.162,16.2,0.0413,0,3.034,1,0,227,65.06
true,0.60/0.88,g0_0073.tif,366,37,0.1362,13.62,0.0539,0,3.034,1,0,227,65.06
true,0.60/0.88,g0_0073.tif,367,81,0.2982,29.82,0.113,0,3.231,1,0,227,65.06
true,0.60/0.88,g0_0073.tif,368,56,0.2062,20.62,0.1071,0,3.034,1,0,227,65.06
true,0.60/0.88,g0_0073.tif,369,64,0.2356,23.56,0.2231,0,3.034,1,0,227,65.06
true,0.60/0.88,g0_0073.tif,365,44,0.162,16.2,0.201,0,3.034,1,1,227,65.06
true,0.60/0.88,g0_0073.tif,366,37,0.1362,13.62,0.1364,0,3.034,1,1,227,65.06
true,0.60/0.88,g0_0073.tif,367,81,0.2982,29.82,0.3133,0,3.231,1,1,227,65.06
true,0.60/0.88,g0_0073.tif,368,56,0.2062,20.62,0.1757,0,3.034,1,1,227,65.06
true,0.60/0.88,g0_0073.tif,369,64,0.2356,23.56,0.3617,0,3.034,1,1,227,65.06
true,0.60/0.88,g0_0073.tif,365,44,0.162,16.2,0.1066,0,3.034,1,2,227,65.06
true,0.60/0.88,g0_0073.tif,366,37,0.1362,13.62,0.1197,0,3.034,1,2,227,65.06
true,0.60/0.88,g0_0073.tif,367,81,0.2982,29.82,0.2621,0,3.231,1,2,227,65.06
true,0.60/0.88,g0_0073.tif,368,56,0.2062,20.62,0.1736,0,3.034,1,2,227,65.06
true,0.60/0.88,g0_0073.tif,369,64,0.2356,23.56,0.1201,0,3.034,1,2,227,65.06
true,0.50/0.88,g0_0073.tif,365,44,0.162,16.2,0.4615,0,3.034,0,0,230,65.06
true,0.50/0.88,g0_0073.tif,366,37,0.1362,13.62,0.321,0,3.034,0,0,230,65.06
true,0.50/0.88,g0_0073.tif,367,81,0.2982,29.82,0.2734,0,3.231,0,0,230,65.06
true,0.50/0.88,g0_0073.tif,368,56,0.2062,20.62,0.2236,0,3.034,0,0,230,65.06
true,0.50/0.88,g0_0073.tif,369,64,0.2356,23.56,0.251,0,3.034,0,0,230,65.06
true,0.50/0.88,g0_0073.tif,365,44,0.162,16.2,0.0719,0,3.034,1,0,230,65.06
true,0.50/0.88,g0_0073.tif,366,37,0.1362,13.62,0.0669,0,3.034,1,0,230,65.06
true,0.50/0.88,g0_0073.tif,367,81,0.2982,29.82,0.0765,0,3.231,1,0,230,65.06
true,0.50/0.88,g0_0073.tif,368,56,0.2062,20.62,0.1039,0,3.034,1,0,230,65.06
true,0.50/0.88,g0_0073.tif,369,64,0.2356,23.56,0.1725,0,3.034,1,0,230,65.06
true,0.50/0.88,g0_0073.tif,365,44,0.162,16.2,0.1108,0,3.034,1,1,230,65.06
true,0.50/0.88,g0_0073.tif,366,37,0.1362,13.62,0.0932,0,3.034,1,1,230,65.06
true,0.50/0.88,g0_0073.tif,367,81,0.2982,29.82,0.13,0,3.231,1,1,230,65.06
true,0.50/0.88,g0_0073.tif,368,56,0.2062,20.62,0.1175,0,3.034,1,1,230,65.06
true,0.50/0.88,g0_0073.tif,369,64,0.2356,23.56,0.1726,0,3.034,1,1,230,65.06
true,0.50/0.88,g0_0073.tif,365,44,0.162,16.2,0.0901,0,3.034,1,2,230,65.06
true,0.50/0.88,g0_0073.tif,366,37,0.1362,13.62,0.0493,0,3.034,1,2,230,65.06
true,0.50/0.88,g0_0073.tif,367,81,0.2982,29.82,0.1109,0,3.231,1,2,230,65.06
true,0.50/0.88,g0_0073.tif,368,56,0.2062,20.62,0.0818,0,3.034,1,2,230,65.06
true,0.50/0.88,g0_0073.tif,369,64,0.2356,23.56,0.0985,0,3.034,1,2,230,65.06
false,0.88/0.88,g0_0073.tif,365,44,0.162,16.2,0.0,0,3.034,0,0,117,64.3
false,0.88/0.88,g0_0073.tif,366,37,0.1362,13.62,0.0,0,3.034,0,0,117,64.3
false,0.88/0.88,g0_0073.tif,367,81,0.2982,29.82,0.0087,0,3.231,0,0,117,64.3
false,0.88/0.88,g0_0073.tif,368,56,0.2062,20.62,0.0,0,3.034,0,0,117,64.3
false,0.88/0.88,g0_0073.tif,369,64,0.2356,23.56,0.0018,0,3.034,0,0,117,64.3
false,0.88/0.88,g0_0073.tif,365,44,0.162,16.2,0.0646,0,3.034,1,0,117,64.3
false,0.88/0.88,g0_0073.tif,366,37,0.1362,13.62,0.0543,0,3.034,1,0,117,64.3
false,0.88/0.88,g0_0073.tif,367,81,0.2982,29.82,0.0917,0,3.231,1,0,117,64.3
false,0.88/0.88,g0_0073.tif,368,56,0.2062,20.62,0.0392,0,3.034,1,0,117,64.3
false,0.88/0.88,g0_0073.tif,369,64,0.2356,23.56,0.0627,0,3.034,1,0,117,64.3
false,0.88/0.88,g0_0073.tif,365,44,0.162,16.2,0.0727,0,3.034,1,1,117,64.3
false,0.88/0.88,g0_0073.tif,366,37,0.1362,13.62,0.0577,0,3.034,1,1,117,64.3
false,0.88/0.88,g0_0073.tif,367,81,0.2982,29.82,0.1339,0,3.231,1,1,117,64.3
false,0.88/0.88,g0_0073.tif,368,56,0.2062,20.62,0.0926,0,3.034,1,1,117,64.3
false,0.88/0.88,g0_0073.tif,369,64,0.2356,23.56,0.0721,0,3.034,1,1,117,64.3
false,0.88/0.88,g0_0073.tif,365,44,0.162,16.2,0.0361,0,3.034,1,2,117,64.3
false,0.88/0.88,g0_0073.tif,366,37,0.1362,13.62,0.0304,0,3.034,1,2,117,64.3
false,0.88/0.88,g0_0073.tif,367,81,0.2982,29.82,0.0664,0,3.231,1,2,117,64.3
false,0.88/0.88,g0_0073.tif,368,56,0.2062,20.62,0.0459,0,3.034,1,2,117,64.3
false,0.88/0.88,g0_0073.tif,369,64,0.2356,23.56,0.0499,0,3.034,1,2,117,64.3
false,0.80/0.88,g0_0073.tif,365,44,0.162,16.2,0.4767,0,3.034,0,0,195,64.3
false,0.80/0.88,g0_0073.tif,366,37,0.1362,13.62,0.3953,0,3.034,0,0,195,64.3
false,0.80/0.88,g0_0073.tif,367,81,0.2982,29.82,0.2677,0,3.231,0,0,195,64.3
false,0.80/0.88,g0_0073.tif,368,56,0.2062,20.62,0.2273,0,3.034,0,0,195,64.3
false,0.80/0.88,g0_0073.tif,369,64,0.2356,23.56,0.2551,0,3.034,0,0,195,64.3
false,0.80/0.88,g0_0073.tif,365,44,0.162,16.2,0.0829,0,3.034,1,0,195,64.3
false,0.80/0.88,g0_0073.tif,366,37,0.1362,13.62,0.0346,0,3.034,1,0,195,64.3
false,0.80/0.88,g0_0073.tif,367,81,0.2982,29.82,0.1067,0,3.231,1,0,195,64.3
false,0.80/0.88,g0_0073.tif,368,56,0.2062,20.62,0.079,0,3.034,1,0,195,64.3
false,0.80/0.88,g0_0073.tif,369,64,0.2356,23.56,0.0663,0,3.034,1,0,195,64.3
false,0.80/0.88,g0_0073.tif,365,44,0.162,16.2,0.0954,0,3.034,1,1,195,64.3
false,0.80/0.88,g0_0073.tif,366,37,0.1362,13.62,0.0418,0,3.034,1,1,195,64.3
false,0.80/0.88,g0_0073.tif,367,81,0.2982,29.82,0.0668,0,3.231,1,1,195,64.3
false,0.80/0.88,g0_0073.tif,368,56,0.2062,20.62,0.084,0,3.034,1,1,195,64.3
false,0.80/0.88,g0_0073.tif,369,64,0.2356,23.56,0.0979,0,3.034,1,1,195,64.3
false,0.80/0.88,g0_0073.tif,365,44,0.162,16.2,0.1507,0,3.034,1,2,195,64.3
false,0.80/0.88,g0_0073.tif,366,37,0.1362,13.62,0.093,0,3.034,1,2,195,64.3
false,0.80/0.88,g0_0073.tif,367,81,0.2982,29.82,0.1879,0,3.231,1,2,195,64.3
false,0.80/0.88,g0_0073.tif,368,56,0.2062,20.62,0.1321,0,3.034,1,2,195,64.3
false,0.80/0.88,g0_0073.tif,369,64,0.2356,23.56,0.168,0,3.034,1,2,195,64.3
false,0.70/0.88,g0_0073.tif,365,44,0.162,16.2,0.4767,0,3.034,0,0,246,64.3
false,0.70/0.88,g0_0073.tif,366,37,0.1362,13.62,0.3953,0,3.034,0,0,246,64.3
false,0.70/0.88,g0_0073.tif,367,81,0.2982,29.82,0.2677,0,3.231,0,0,246,64.3
false,0.70/0.88,g0_0073.tif,368,56,0.2062,20.62,0.2273,0,3.034,0,0,246,64.3
false,0.70/0.88,g0_0073.tif,369,64,0.2356,23.56,0.2551,0,3.034,0,0,246,64.3
false,0.70/0.88,g0_0073.tif,365,44,0.162,16.2,0.3185,0,3.034,1,0,246,64.3
false,0.70/0.88,g0_0073.tif,366,37,0.1362,13.62,0.0867,0,3.034,1,0,246,64.3
false,0.70/0.88,g0_0073.tif,367,81,0.2982,29.82,0.1554,0,3.231,1,0,246,64.3
false,0.70/0.88,g0_0073.tif,368,56,0.2062,20.62,0.1572,0,3.034,1,0,246,64.3
false,0.70/0.88,g0_0073.tif,369,64,0.2356,23.56,0.1717,0,3.034,1,0,246,64.3
false,0.70/0.88,g0_0073.tif,365,44,0.162,16.2,0.0748,0,3.034,1,1,246,64.3
false,0.70/0.88,g0_0073.tif,366,37,0.1362,13.62,0.1098,0,3.034,1,1,246,64.3
false,0.70/0.88,g0_0073.tif,367,81,0.2982,29.82,0.1484,0,3.231,1,1,246,64.3
false,0.70/0.88,g0_0073.tif,368,56,0.2062,20.62,0.0676,0,3.034,1,1,246,64.3
false,0.70/0.88,g0_0073.tif,369,64,0.2356,23.56,0.0714,0,3.034,1,1,246,64.3
false,0.70/0.88,g0_0073.tif,365,44,0.162,16.2,0.1321,0,3.034,1,2,246,64.3
false,0.70/0.88,g0_0073.tif,366,37,0.1362,13.62,0.0892,0,3.034,1,2,246,64.3
false,0.70/0.88,g0_0073.tif,367,81,0.2982,29.82,0.1318,0,3.231,1,2,246,64.3
false,0.70/0.88,g0_0073.tif,368,56,0.2062,20.62,0.1309,0,3.034,1,2,246,64.3
false,0.70/0.88,g0_0073.tif,369,64,0.2356,23.56,0.0672,0,3.034,1,2,246,64.3
false,0.60/0.88,g0_0073.tif,365,44,0.162,16.2,0.4767,0,3.034,0,0,253,64.3
false,0.60/0.88,g0_0073.tif,366,37,0.1362,13.62,0.3953,0,3.034,0,0,253,64.3
false,0.60/0.88,g0_0073.tif,367,81,0.2982,29.82,0.2677,0,3.231,0,0,253,64.3
false,0.60/0.88,g0_0073.tif,368,56,0.2062,20.62,0.2273,0,3.034,0,0,253,64.3
false,0.60/0.88,g0_0073.tif,369,64,0.2356,23.56,0.2551,0,3.034,0,0,253,64.3
false,0.60/0.88,g0_0073.tif,365,44,0.162,16.2,0.0658,0,3.034,1,0,253,64.3
false,0.60/0.88,g0_0073.tif,366,37,0.1362,13.62,0.0579,0,3.034,1,0,253,64.3
false,0.60/0.88,g0_0073.tif,367,81,0.2982,29.82,0.0983,0,3.231,1,0,253,64.3
false,0.60/0.88,g0_0073.tif,368,56,0.2062,20.62,0.0771,0,3.034,1,0,253,64.3
false,0.60/0.88,g0_0073.tif,369,64,0.2356,23.56,0.0916,0,3.034,1,0,253,64.3
false,0.60/0.88,g0_0073.tif,365,44,0.162,16.2,0.2333,0,3.034,1,1,253,64.3
false,0.60/0.88,g0_0073.tif,366,37,0.1362,13.62,0.1257,0,3.034,1,1,253,64.3
false,0.60/0.88,g0_0073.tif,367,81,0.2982,29.82,0.2759,0,3.231,1,1,253,64.3
false,0.60/0.88,g0_0073.tif,368,56,0.2062,20.62,0.1304,0,3.034,1,1,253,64.3
false,0.60/0.88,g0_0073.tif,369,64,0.2356,23.56,0.1788,0,3.034,1,1,253,64.3
false,0.60/0.88,g0_0073.tif,365,44,0.162,16.2,0.0919,0,3.034,1,2,253,64.3
false,0.60/0.88,g0_0073.tif,366,37,0.1362,13.62,0.0665,0,3.034,1,2,253,64.3
false,0.60/0.88,g0_0073.tif,367,81,0.2982,29.82,0.1071,0,3.231,1,2,253,64.3
false,0.60/0.88,g0_0073.tif,368,56,0.2062,20.62,0.1114,0,3.034,1,2,253,64.3
false,0.60/0.88,g0_0073.tif,369,64,0.2356,23.56,0.0846,0,3.034,1,2,253,64.3
false,0.50/0.88,g0_0073.tif,365,44,0.162,16.2,0.4767,0,3.034,0,0,258,64.3
false,0.50/0.88,g0_0073.tif,366,37,0.1362,13.62,0.3953,0,3.034,0,0,258,64.3
false,0.50/0.88,g0_0073.tif,367,81,0.2982,29.82,0.2677,0,3.231,0,0,258,64.3
false,0.50/0.88,g0_0073.tif,368,56,0.2062,20.62,0.2273,0,3.034,0,0,258,64.3
false,0.50/0.88,g0_0073.tif,369,64,0.2356,23.56,0.2551,0,3.034,0,0,258,64.3
false,0.50/0.88,g0_0073.tif,365,44,0.162,16.2,0.1327,0,3.034,1,0,258,64.3
false,0.50/0.88,g0_0073.tif,366,37,0.1362,13.62,0.128,0,3.034,1,0,258,64.3
false,0.50/0.88,g0_0073.tif,367,81,0.2982,29.82,0.085,0,3.231,1,0,258,64.3
false,0.50/0.88,g0_0073.tif,368,56,0.2062,20.62,0.2236,0,3.034,1,0,258,64.3
false,0.50/0.88,g0_0073.tif,369,64,0.2356,23.56,0.2612,0,3.034,1,0,258,64.3
false,0.50/0.88,g0_0073.tif,365,44,0.162,16.2,0.0776,0,3.034,1,1,258,64.3
false,0.50/0.88,g0_0073.tif,366,37,0.1362,13.62,0.1184,0,3.034,1,1,258,64.3
false,0.50/0.88,g0_0073.tif,367,81,0.2982,29.82,0.2204,0,3.231,1,1,258,64.3
false,0.50/0.88,g0_0073.tif,368,56,0.2062,20.62,0.2569,0,3.034,1,1,258,64.3
false,0.50/0.88,g0_0073.tif,369,64,0.2356,23.56,0.2423,0,3.034,1,1,258,64.3
false,0.50/0.88,g0_0073.tif,365,44,0.162,16.2,0.0734,0,3.034,1,2,258,64.3
false,0.50/0.88,g0_0073.tif,366,37,0.1362,13.62,0.1171,0,3.034,1,2,258,64.3
false,0.50/0.88,g0_0073.tif,367,81,0.2982,29.82,0.1507,0,3.231,1,2,258,64.3
false,0.50/0.88,g0_0073.tif,368,56,0.2062,20.62,0.0517,0,3.034,1,2,258,64.3
false,0.50/0.88,g0_0073.tif,369,64,0.2356,23.56,0.1908,0,3.034,1,2,258,64.3
