path,bytes,sha256
data/sen1floods11/_bucket_listing.json,3482990,19aade30f0e022b975a3d454f3927e2c1c58e14e8e5001a9bddbe7790b22856f
data/sen1floods11/splits/flood_bolivia_data.csv,834,4775d100fae1f1ca66a842b8af6d2a97b8bfc5847f29d88ff0affff2c1e22768
data/sen1floods11/splits/flood_test_data.csv,4858,8b598c9438042f3ed8aed4484268387fae1aa5b660882e1c5b4c1218eba63d67
data/sen1floods11/splits/flood_train_data.csv,13574,57be4dc440bf8a526effa77e06d4b8cb7a8484589c0bffa201d8e0f49e994beb
data/sen1floods11/splits/flood_valid_data.csv,4804,04999b82b93e393c32a54ac85b2bf8a18b671f7a6f43a9478b340e8a9b9647fb
results/ablation_chips.csv,3911,fae4a8c8b0e4d96287a5e59ce0d17b12bf1370f84237df2ce7178ccd55b7655f
results/accuracy_ci.csv,544,86a3034bf70bf5780a6bb37f1838a212ba061087cbcf611b65afc3cb82c0a298
results/agreement_check.csv,3484,d808e966bc9c93703c4d9c81608cd8f27ca6bede0276e6c2f4046ac352fe47b6
results/baseline_otsu_scores.csv,353,64ab37a6c82a317370856dd3888cec93c23db98a98a8ae7ee28c909b578b1425
results/ceiling_breakdown.csv,3547,7dfabd4f02b4f31e7b8b0b566a4ef418e71ecd1b223583186686771ec4596e6f
results/change_detection.csv,2853,86222de42207d1b275d02696a8a80e100782b0f88e7d530e793cbb114dd18207
results/change_sweep.csv,30503,d12e13826ad2e29e97f20f483a05fe24fce9a2b42e382aa6cad1eb7ae2f4969a
results/chip_diagnostics.csv,35618,7855f5ba1d4b7517102fb9633edf8fdfc59f1025b6b16a89ad13708c77a04338
results/chip_inventory.csv,12036,f2d18f3d2848c4c9b303f006be2b8e60e17cdbe4c693640d1ba28a258dded8de
results/compare_0807_vs_0831.csv,316,ea16de23e1bf8b98d1d38b008a28a2b7689ff0315d8d8953e5a2661371539b79
results/compare_0807_vs_0831_am.csv,317,706a54be14d5adebbe03cc9595e1ba8443be17f1e4b61115203c34cb5eae2174
results/compare_0812_vs_0807.csv,330,bdd1d98d7a5c5c793860c446c3ab523a3c9f60a7576c277258ff99f4ea8fa637
results/coregistration.csv,3123,0194b6e0b05a41f0c658e144b1f84e8178468138c6fa82fcb837a6714193066c
results/date_comparison.csv,334,21bad7e94da0f9c7d4c7e8007668ae82321d6044f645b886bac24248ab8b6091
results/district_flood_stats.csv,2334,117fe327d25e5a3b106a43159cbb80fcdc2c0744970fc9e0bbc00585d181ed4a
results/district_flood_stats.geojson,1429436,734311644426103f18ffb40ea9f778df54e5c8de64bd6c7597e8496a568bb161
results/district_flood_stats_20160807.csv,1794,cc284b9451802fcd6f5a27226e74236671e93a991f4a3c9c282188890d215d15
results/district_flood_stats_20160807.geojson,1541824,34e8d631495212d081afa67e58c15c85570ae40fb44fc955c6790b9c9597a6d9
results/district_flood_stats_20160807am.csv,1816,b7a76fd898cb8a47dd3df2f0e389409fa23799c75b0f779e2951dcf89339263c
results/district_flood_stats_20160807am.geojson,1541846,da93b9b4e7c9df5bc0964101e1c2191ddef55462caa27fc024fc4c1d09889a5a
results/district_flood_stats_20160831.csv,1721,d46345985b9a0ed382d88483ee3d833ca594be1e3765fe0d385d13d70731f296
results/district_flood_stats_20160831.geojson,1511245,3e86a90785075a5eb679cd02517921209b89740bce47ed9f7a992220c270e3ab
results/district_flood_stats_20160831am.csv,1732,017c2cfaf8cbbdbd8daa81228757113c26f17857be046c665c5c3c4929484776
results/district_flood_stats_20160831am.geojson,1511256,882c6da2c036c7efac913fa4c013cfdf35ffa276053d56d9647d2177c2664325
results/district_flood_stats_areamatched.csv,2358,51cb2a68f2419aa2e9dd0a46852c72ecb39a65f5d72ddef627bc71596182b085
results/district_flood_stats_areamatched.geojson,1429460,4d7decc795abb82fe30ec7c8ae0acf0f2693d271ecf672ef2a5f3588385cf5ff
results/dry_reference.csv,2297,d84be77cc501cf1129346c933d718d3eca1fe14c6754bbb0ac592533b08fa11f
results/final_method.json,1544,4e7e48013b1e0205cfcf39365d7192bcf4acd052979a471178b84e333b9e230b
results/fullscene/state_20m.json,460,27d676990be6b9bf4b19260582589dee465f3cb082627c0cb1ddd89a50622889
results/fullscene/state_20m_20160807.json,300,0e97cadf2881cb16214a23e57545ba1d0fd471a0189e4e8f6a0ecdf7961e230c
results/fullscene/state_20m_20160807am.json,275,f2578cd502e94d12d5e61bceefbe4e49864beb50d65bc431c8ccfbbd23763f3b
results/fullscene/state_20m_20160831.json,300,0e97cadf2881cb16214a23e57545ba1d0fd471a0189e4e8f6a0ecdf7961e230c
results/fullscene/state_20m_20160831am.json,275,f2578cd502e94d12d5e61bceefbe4e49864beb50d65bc431c8ccfbbd23763f3b
results/fullscene/state_20m_areamatched.json,435,49bb0b37a18d672c03f3c0eae1f1f8520223b31f8edd3c8d93d23ccb715cfd80
results/fullscene_stats_20m.json,856,9ca736bb1d6f902f67304d04e3e351932ae60bfddd0522e87ac6c395ce3d157a
results/fullscene_stats_20m_20160807.json,901,f253db05a2caba0926474d20deeceeff40117e1ab50adc2c93cebabedad7c87c
results/fullscene_stats_20m_20160807am.json,1004,55c87239add8bc440d746ffd05a1078e34c8deb25e6edf86b7a4eae031420486
results/fullscene_stats_20m_20160831.json,900,f95fca977057816933bf6657d00c40133949c99b26a3e136bd7f6d377fabd307
results/fullscene_stats_20m_20160831am.json,1001,b3e1aa2710af2c994c604b8f1b446a095d223c6b936612a12bdcf8cd076424f4
results/fullscene_stats_20m_areamatched.json,1008,2caaae3063a25b45e646a80e5c25c15507c6faa0979e0b34083e095f8ea3984a
results/label_chip_footprints.geojson,31658,853cf340ef5bab52c51e38e1eb6465467db6392ca78df8aa71ef96c60a5cc1a4
results/mask_terrain_water.csv,2935,375067e2c9dce83ace858901b597e5f6fc25aa46ab37983a11c3f6c6d8e9e5aa
results/operating_point.csv,3947,4f80785b444e70694efe6c408b92f30ed97a2b7ab2cd4f78df968d4da20de093
results/orbit_offset.csv,529,4a9412a4c2f89037fd901f269a56a8607903fe28c8d2fe1793d7797206f10810
results/product_vs_window.csv,14243,658f55b00ef8d8f65a7f917a4c7b8f58902fcb2742d82daa349eeb085f961a89
results/reference_fetch_report.csv,3795,14c3c175513e2b9cc26c81e2bfc6c5eec70cc60c61b7458716af0c034768d524
results/refine_scene_20m.csv,267,d7dba89af97f07255ab281a7610abcabd87ce7a12d8d8a1ada05af0d5d1ba072
results/refine_scene_20m_20160807.csv,257,3bf61eafd497c00a6d25e6d17695976ad3ceaa23c9c3ff953ba64bad43383e3a
results/refine_scene_20m_20160807am.csv,258,1cba10f53696f129274aafa866abbb8ef8196e3c16c5898c28fe06efe7c4d37f
results/refine_scene_20m_20160831.csv,257,259287a728c3c3a462a3aa722464d3a5eae30cab8619530b67f75119eb52b468
results/refine_scene_20m_20160831am.csv,257,7e20673a1ce5a0a00d9e63a97c678ec14b73c8a2c62074484f5a5656a24695e9
results/refine_scene_20m_areamatched.csv,271,dc953a0870f686b85d74b8e7f3984f55a8fc6988386e223f76552b4620d9189c
results/scenes.json,5720,ad1ed82bfe0bca0a49e4e1ad611859c0715cad30a9c3a54ba0f9618c0e47046d
results/sensitivity_grid.csv,5721,3971e1c44ef88f485716b322997ab7cd3f8c4eb100df75f7cfd909347cb0530e
results/shift_field.csv,3992,d218951161cc447c7f5ac49b83b011756c1d786a9fbb9b8cf2f352b781311ec6
results/swath_candidates.csv,684,f5e7a9698581cbe394bce97685d3de9591aa95a9c3dd2d96b34ab96ca973c985
results/terrain_vs_shift.csv,3346,312603fa01a127608b5dbecd70df9afbfab796b1ef6c7c47642b6f2ff0c93a2c
results/threshold_sweep.csv,14762,96f4e59a12688c36e0d47a5367cc2b43aa8907fa8887a5e4bf7dc429d3c41afe
results/usable_chips.txt,516,c33f22a6183b95e3be1433d95615213474a6bb936244b53c006db60d4aaa714e
